task: [attraction:build] docker build . -t tripsphere/trip-attraction-service:latest
#0 building with "default" instance using docker driver

#1 [internal] load build definition from Dockerfile
#1 transferring dockerfile: 2.12kB done
#1 DONE 0.0s

#2 [internal] load metadata for docker.io/library/eclipse-temurin:21-jdk
#2 ...

#3 [internal] load metadata for docker.io/library/eclipse-temurin:21-jre
#3 DONE 3.5s

#2 [internal] load metadata for docker.io/library/eclipse-temurin:21-jdk
#2 DONE 3.5s

#4 [internal] load .dockerignore
#4 transferring context: 534B done
#4 DONE 0.0s

#5 [builder  1/12] FROM docker.io/library/eclipse-temurin:21-jdk@sha256:85f00967bcc624fc19fa9c2cf124ea426a5363898e267141726f31f358c2e14b
#5 DONE 0.0s

#6 [stage-1 1/8] FROM docker.io/library/eclipse-temurin:21-jre@sha256:7a65df4b22d2de92d4e04056e884f3b9122d70b21e2847fd66084278bd0ce037
#6 DONE 0.0s

#7 [internal] load build context
#7 transferring context: 5.90MB 0.1s done
#7 DONE 0.2s

#8 [builder  2/12] WORKDIR /app
#8 CACHED

#9 [builder  3/12] COPY .mvn/ .mvn/
#9 DONE 0.1s

#10 [stage-1 4/8] ADD --chmod=644     https://github.com/open-telemetry/opentelemetry-java-instrumentation/releases/download/v2.23.0/opentelemetry-javaagent.jar     /app/opentelemetry-javaagent.jar
#10 ...

#11 [builder  4/12] COPY mvnw mvnw.cmd ./
#11 DONE 0.1s

#12 [builder  5/12] RUN chmod +x mvnw
#12 DONE 0.3s

#10 [stage-1 4/8] ADD --chmod=644     https://github.com/open-telemetry/opentelemetry-java-instrumentation/releases/download/v2.23.0/opentelemetry-javaagent.jar     /app/opentelemetry-javaagent.jar
#10 ...

#13 [builder  6/12] COPY pom.xml ./
#13 DONE 0.0s

#14 [builder  7/12] RUN <<EOF cat > /tmp/settings.xml
#14 DONE 0.3s

#10 [stage-1 4/8] ADD --chmod=644     https://github.com/open-telemetry/opentelemetry-java-instrumentation/releases/download/v2.23.0/opentelemetry-javaagent.jar     /app/opentelemetry-javaagent.jar
#10 DONE 2.0s

#15 [builder  8/12] RUN --mount=type=cache,target=/root/.m2     ./mvnw -B dependency:go-offline $([ -n "$MAVEN_MIRROR_URL" ] && echo "-s /tmp/settings.xml")
#15 1.806 [INFO] Scanning for projects...
#15 2.238 [INFO] ------------------------------------------------------------------------
#15 2.238 [INFO] Detecting the operating system and CPU architecture
#15 2.238 [INFO] ------------------------------------------------------------------------
#15 2.238 [INFO] os.detected.name: linux
#15 2.238 [INFO] os.detected.arch: x86_64
#15 2.238 [INFO] os.detected.bitness: 64
#15 2.238 [INFO] os.detected.version: 5.15
#15 2.238 [INFO] os.detected.version.major: 5
#15 2.238 [INFO] os.detected.version.minor: 15
#15 2.240 [INFO] os.detected.release: ubuntu
#15 2.240 [INFO] os.detected.release.version: 26.04
#15 2.240 [INFO] os.detected.release.like.ubuntu: true
#15 2.240 [INFO] os.detected.release.like.debian: true
#15 2.240 [INFO] os.detected.classifier: linux-x86_64
#15 2.595 [INFO] 
#15 2.595 [INFO] ---------------------< org.tripsphere:attraction >----------------------
#15 2.595 [INFO] Building trip-attraction-service 0.1.0
#15 2.595 [INFO]   from pom.xml
#15 2.596 [INFO] --------------------------------[ jar ]---------------------------------
#15 2.603 [INFO] 
#15 2.603 [INFO] --- dependency:3.8.1:go-offline (default-cli) @ attraction ---
#15 4.886 [INFO] Resolved plugin: jetty-servlet-9.4.46.v20220331.jar
#15 4.886 [INFO] Resolved plugin: durian-collect-1.2.0.jar
#15 4.886 [INFO] Resolved plugin: maven-install-plugin-3.1.4.jar
#15 4.886 [INFO] Resolved plugin: maven-compiler-plugin-3.11.0.jar
#15 4.886 [INFO] Resolved plugin: asm-9.7.jar
#15 4.886 [INFO] Resolved plugin: doxia-module-twiki-1.11.1.jar
#15 4.886 [INFO] Resolved plugin: velocity-tools-2.0.jar
#15 4.886 [INFO] Resolved plugin: flexmark-ext-gfm-tasklist-0.42.14.jar
#15 4.886 [INFO] Resolved plugin: org.eclipse.jgit-6.7.0.202309050840-r.jar
#15 4.886 [INFO] Resolved plugin: maven-resolver-api-1.9.22.jar
#15 4.886 [INFO] Resolved plugin: flexmark-ext-admonition-0.42.14.jar
#15 4.886 [INFO] Resolved plugin: spotless-maven-plugin-2.43.0.jar
#15 4.886 [INFO] Resolved plugin: maven-core-3.2.5.jar
#15 4.886 [INFO] Resolved plugin: flexmark-ext-footnotes-0.42.14.jar
#15 4.886 [INFO] Resolved plugin: flexmark-ext-gfm-strikethrough-0.42.14.jar
#15 4.886 [INFO] Resolved plugin: okhttp-4.12.0.jar
#15 4.886 [INFO] Resolved plugin: maven-repository-metadata-3.0.jar
#15 4.886 [INFO] Resolved plugin: flexmark-ext-media-tags-0.42.14.jar
#15 4.886 [INFO] Resolved plugin: doxia-module-xhtml-1.11.1.jar
#15 4.886 [INFO] Resolved plugin: maven-shared-utils-3.0.0.jar
#15 4.886 [INFO] Resolved plugin: maven-shared-io-3.0.0.jar
#15 4.886 [INFO] Resolved plugin: flexmark-util-0.42.14.jar
#15 4.886 [INFO] Resolved plugin: flexmark-ext-anchorlink-0.42.14.jar
#15 4.886 [INFO] Resolved plugin: aether-api-1.7.jar
#15 4.886 [INFO] Resolved plugin: maven-resolver-util-1.9.22.jar
#15 4.887 [INFO] Resolved plugin: aether-api-1.0.0.v20140518.jar
#15 4.887 [INFO] Resolved plugin: autolink-0.6.0.jar
#15 4.887 [INFO] Resolved plugin: maven-filtering-3.3.1.jar
#15 4.887 [INFO] Resolved plugin: sisu-guice-2.1.7-noaop.jar
#15 4.887 [INFO] Resolved plugin: asm-commons-9.7.jar
#15 4.887 [INFO] Resolved plugin: maven-archiver-3.6.2.jar
#15 4.887 [INFO] Resolved plugin: doxia-skin-model-1.11.1.jar
#15 4.887 [INFO] Resolved plugin: dom4j-1.1.jar
#15 4.887 [INFO] Resolved plugin: bsh-2.0b6.jar
#15 4.887 [INFO] Resolved plugin: commons-io-2.16.1.jar
#15 4.887 [INFO] Resolved plugin: spring-boot-buildpack-platform-3.5.10.jar
#15 4.887 [INFO] Resolved plugin: flexmark-youtrack-converter-0.42.14.jar
#15 4.887 [INFO] Resolved plugin: maven-aether-provider-3.0.jar
#15 4.887 [INFO] Resolved plugin: surefire-extensions-api-3.5.4.jar
#15 4.887 [INFO] Resolved plugin: tomlj-1.0.0.jar
#15 4.887 [INFO] Resolved plugin: httpclient-4.5.13.jar
#15 4.887 [INFO] Resolved plugin: flexmark-ext-toc-0.42.14.jar
#15 4.887 [INFO] Resolved plugin: plexus-interpolation-1.14.jar
#15 4.887 [INFO] Resolved plugin: qdox-2.0.3.jar
#15 4.887 [INFO] Resolved plugin: surefire-api-3.5.4.jar
#15 4.887 [INFO] Resolved plugin: plexus-compiler-manager-2.13.0.jar
#15 4.888 [INFO] Resolved plugin: asm-9.8.jar
#15 4.888 [INFO] Resolved plugin: spotless-lib-extra-2.45.0.jar
#15 4.888 [INFO] Resolved plugin: jetty-http-9.4.46.v20220331.jar
#15 4.888 [INFO] Resolved plugin: plexus-classworlds-2.2.3.jar
#15 4.888 [INFO] Resolved plugin: flexmark-jira-converter-0.42.14.jar
#15 4.888 [INFO] Resolved plugin: maven-reporting-api-3.1.1.jar
#15 4.888 [INFO] Resolved plugin: maven-plugin-api-3.2.5.jar
#15 4.888 [INFO] Resolved plugin: sisu-guice-3.2.3-no_aop.jar
#15 4.888 [INFO] Resolved plugin: commons-codec-1.17.1.jar
#15 4.888 [INFO] Resolved plugin: flexmark-ext-attributes-0.42.14.jar
#15 4.888 [INFO] Resolved plugin: commons-lang3-3.8.1.jar
#15 4.888 [INFO] Resolved plugin: maven-aether-provider-3.2.5.jar
#15 4.888 [INFO] Resolved plugin: aether-util-1.0.0.v20140518.jar
#15 4.888 [INFO] Resolved plugin: jetty-security-9.4.46.v20220331.jar
#15 4.888 [INFO] Resolved plugin: httpclient5-5.5.2.jar
#15 4.888 [INFO] Resolved plugin: JavaEWAH-1.2.3.jar
#15 4.888 [INFO] Resolved plugin: maven-common-artifact-filters-3.4.0.jar
#15 4.888 [INFO] Resolved plugin: plexus-compiler-api-2.13.0.jar
#15 4.888 [INFO] Resolved plugin: aether-impl-1.7.jar
#15 4.888 [INFO] Resolved plugin: jsr305-2.0.1.jar
#15 4.888 [INFO] Resolved plugin: org.eclipse.sisu.plexus-0.3.5.jar
#15 4.888 [INFO] Resolved plugin: doxia-core-1.11.1.jar
#15 4.888 [INFO] Resolved plugin: kotlin-stdlib-jdk8-1.8.21.jar
#15 4.888 [INFO] Resolved plugin: flexmark-ext-ins-0.42.14.jar
#15 4.888 [INFO] Resolved plugin: maven-artifact-3.0.jar
#15 4.888 [INFO] Resolved plugin: google-collections-1.0.jar
#15 4.888 [INFO] Resolved plugin: plexus-java-1.1.2.jar
#15 4.889 [INFO] Resolved plugin: flexmark-ext-emoji-0.42.14.jar
#15 4.889 [INFO] Resolved plugin: maven-resolver-api-1.4.1.jar
#15 4.889 [INFO] Resolved plugin: doxia-integration-tools-1.11.1.jar
#15 4.889 [INFO] Resolved plugin: durian-io-1.2.0.jar
#15 4.889 [INFO] Resolved plugin: plexus-component-annotations-1.5.5.jar
#15 4.889 [INFO] Resolved plugin: spring-core-6.2.15.jar
#15 4.889 [INFO] Resolved plugin: maven-repository-metadata-3.2.5.jar
#15 4.889 [INFO] Resolved plugin: flexmark-ext-jekyll-front-matter-0.42.14.jar
#15 4.889 [INFO] Resolved plugin: doxia-decoration-model-1.11.1.jar
#15 4.889 [INFO] Resolved plugin: flexmark-all-0.42.14.jar
#15 4.889 [INFO] Resolved plugin: plexus-utils-3.5.0.jar
#15 4.889 [INFO] Resolved plugin: maven-shared-incremental-1.1.jar
#15 4.889 [INFO] Resolved plugin: file-management-3.1.0.jar
#15 4.889 [INFO] Resolved plugin: commons-compress-1.26.1.jar
#15 4.889 [INFO] Resolved plugin: solstice-1.7.5.jar
#15 4.889 [INFO] Resolved plugin: jetty-webapp-9.4.46.v20220331.jar
#15 4.889 [INFO] Resolved plugin: spring-jcl-6.2.15.jar
#15 4.889 [INFO] Resolved plugin: wagon-provider-api-2.10.jar
#15 4.889 [INFO] Resolved plugin: kotlin-stdlib-jdk7-1.8.21.jar
#15 4.889 [INFO] Resolved plugin: plexus-io-3.2.0.jar
#15 4.889 [INFO] Resolved plugin: xbean-reflect-3.7.jar
#15 4.889 [INFO] Resolved plugin: maven-reporting-exec-1.6.0.jar
#15 4.889 [INFO] Resolved plugin: doxia-sink-api-1.11.1.jar
#15 4.889 [INFO] Resolved plugin: jetty-xml-9.4.46.v20220331.jar
#15 4.889 [INFO] Resolved plugin: plexus-velocity-1.2.jar
#15 4.889 [INFO] Resolved plugin: plexus-container-default-2.1.0.jar
#15 4.889 [INFO] Resolved plugin: commons-codec-1.11.jar
#15 4.889 [INFO] Resolved plugin: jackson-core-2.19.4.jar
#15 4.889 [INFO] Resolved plugin: plexus-resources-1.2.0.jar
#15 4.889 [INFO] Resolved plugin: snappy-0.4.jar
#15 4.889 [INFO] Resolved plugin: maven-deploy-plugin-3.1.4.jar
#15 4.890 [INFO] Resolved plugin: jsr305-3.0.2.jar
#15 4.890 [INFO] Resolved plugin: plexus-compiler-javac-2.13.0.jar
#15 4.890 [INFO] Resolved plugin: plexus-build-api-0.0.7.jar
#15 4.890 [INFO] Resolved plugin: doxia-module-fml-1.11.1.jar
#15 4.890 [INFO] Resolved plugin: org.eclipse.osgi-3.18.300.jar
#15 4.890 [INFO] Resolved plugin: commons-digester-1.8.jar
#15 4.890 [INFO] Resolved plugin: jetty-server-9.4.46.v20220331.jar
#15 4.890 [INFO] Resolved plugin: flexmark-ext-abbreviation-0.42.14.jar
#15 4.890 [INFO] Resolved plugin: maven-archiver-3.5.2.jar
#15 4.890 [INFO] Resolved plugin: jackson-databind-2.19.4.jar
#15 4.890 [INFO] Resolved plugin: zstd-jni-1.5.5-11.jar
#15 4.890 [INFO] Resolved plugin: flexmark-ext-definition-0.42.14.jar
#15 4.890 [INFO] Resolved plugin: doxia-logging-api-1.11.1.jar
#15 4.890 [INFO] Resolved plugin: plexus-xml-3.0.1.jar
#15 4.890 [INFO] Resolved plugin: maven-surefire-plugin-3.5.4.jar
#15 4.890 [INFO] Resolved plugin: flexmark-ext-yaml-front-matter-0.42.14.jar
#15 4.890 [INFO] Resolved plugin: maven-site-plugin-3.12.1.jar
#15 4.890 [INFO] Resolved plugin: jna-5.17.0.jar
#15 4.890 [INFO] Resolved plugin: flexmark-ext-superscript-0.42.14.jar
#15 4.890 [INFO] Resolved plugin: commons-collections-3.2.2.jar
#15 4.890 [INFO] Resolved plugin: surefire-shared-utils-3.5.4.jar
#15 4.890 [INFO] Resolved plugin: doxia-module-markdown-1.11.1.jar
#15 4.890 [INFO] Resolved plugin: flexmark-ext-xwiki-macros-0.42.14.jar
#15 4.890 [INFO] Resolved plugin: concurrent-trees-2.6.1.jar
#15 4.890 [INFO] Resolved plugin: commons-compress-1.20.jar
#15 4.890 [INFO] Resolved plugin: maven-resources-plugin-3.3.1.jar
#15 4.890 [INFO] Resolved plugin: asm-9.4.jar
#15 4.890 [INFO] Resolved plugin: velocity-1.7.jar
#15 4.890 [INFO] Resolved plugin: plexus-utils-3.5.1.jar
#15 4.891 [INFO] Resolved plugin: slf4j-api-1.7.32.jar
#15 4.891 [INFO] Resolved plugin: surefire-extensions-spi-3.5.4.jar
#15 4.891 [INFO] Resolved plugin: aopalliance-1.0.jar
#15 4.891 [INFO] Resolved plugin: maven-model-3.0.jar
#15 4.891 [INFO] Resolved plugin: aether-spi-1.0.0.v20140518.jar
#15 4.891 [INFO] Resolved plugin: plexus-interpolation-1.26.jar
#15 4.891 [INFO] Resolved plugin: maven-settings-builder-3.2.5.jar
#15 4.891 [INFO] Resolved plugin: httpcore-4.4.14.jar
#15 4.891 [INFO] Resolved plugin: commons-lang3-3.12.0.jar
#15 4.891 [INFO] Resolved plugin: maven-model-builder-3.0.jar
#15 4.891 [INFO] Resolved plugin: maven-surefire-common-3.5.4.jar
#15 4.891 [INFO] Resolved plugin: maven-artifact-3.2.5.jar
#15 4.891 [INFO] Resolved plugin: flexmark-ext-enumerated-reference-0.42.14.jar
#15 4.891 [INFO] Resolved plugin: plexus-component-annotations-2.1.1.jar
#15 4.891 [INFO] Resolved plugin: commons-io-2.4.jar
#15 4.891 [INFO] Resolved plugin: jackson-module-parameter-names-2.19.4.jar
#15 4.891 [INFO] Resolved plugin: durian-swt.os-4.2.2.jar
#15 4.891 [INFO] Resolved plugin: plexus-utils-3.0.24.jar
#15 4.891 [INFO] Resolved plugin: asm-tree-9.7.jar
#15 4.891 [INFO] Resolved plugin: okio-jvm-3.6.0.jar
#15 4.891 [INFO] Resolved plugin: commons-logging-1.2.jar
#15 4.891 [INFO] Resolved plugin: flexmark-ext-escaped-character-0.42.14.jar
#15 4.891 [INFO] Resolved plugin: jdependency-2.10.jar
#15 4.891 [INFO] Resolved plugin: plexus-cipher-1.4.jar
#15 4.891 [INFO] Resolved plugin: httpcore5-h2-5.3.6.jar
#15 4.891 [INFO] Resolved plugin: spring-boot-maven-plugin-3.5.10.jar
#15 4.891 [INFO] Resolved plugin: flexmark-0.42.14.jar
#15 4.891 [INFO] Resolved plugin: spring-context-6.2.15.jar
#15 4.891 [INFO] Resolved plugin: plexus-utils-3.4.2.jar
#15 4.891 [INFO] Resolved plugin: flexmark-ext-aside-0.42.14.jar
#15 4.891 [INFO] Resolved plugin: flexmark-ext-wikilink-0.42.14.jar
#15 4.891 [INFO] Resolved plugin: spring-expression-6.2.15.jar
#15 4.891 [INFO] Resolved plugin: surefire-logger-api-3.5.4.jar
#15 4.891 [INFO] Resolved plugin: org.eclipse.sisu.inject-0.3.5.jar
#15 4.891 [INFO] Resolved plugin: plexus-io-3.4.2.jar
#15 4.892 [INFO] Resolved plugin: maven-settings-3.0.jar
#15 4.892 [INFO] Resolved plugin: maven-plugin-api-3.0.jar
#15 4.892 [INFO] Resolved plugin: flexmark-ext-gfm-tables-0.42.14.jar
#15 4.892 [INFO] Resolved plugin: sisu-inject-bean-1.4.2.jar
#15 4.892 [INFO] Resolved plugin: spring-aop-6.2.15.jar
#15 4.892 [INFO] Resolved plugin: spring-beans-6.2.15.jar
#15 4.892 [INFO] Resolved plugin: antlr4-runtime-4.7.2.jar
#15 4.892 [INFO] Resolved plugin: plexus-interpolation-1.27.jar
#15 4.892 [INFO] Resolved plugin: okio-3.6.0.jar
#15 4.892 [INFO] Resolved plugin: commons-io-2.11.0.jar
#15 4.892 [INFO] Resolved plugin: jetty-io-9.4.46.v20220331.jar
#15 4.892 [INFO] Resolved plugin: cdi-api-1.2.jar
#15 4.892 [INFO] Resolved plugin: commons-chain-1.1.jar
#15 4.892 [INFO] Resolved plugin: commons-codec-1.16.1.jar
#15 4.892 [INFO] Resolved plugin: flexmark-html-parser-0.42.14.jar
#15 4.892 [INFO] Resolved plugin: javax.inject-1.jar
#15 4.892 [INFO] Resolved plugin: kotlin-stdlib-common-1.9.10.jar
#15 4.892 [INFO] Resolved plugin: maven-shared-utils-3.3.4.jar
#15 4.892 [INFO] Resolved plugin: javax.servlet-api-3.1.0.jar
#15 4.892 [INFO] Resolved plugin: jetty-util-ajax-9.4.46.v20220331.jar
#15 4.892 [INFO] Resolved plugin: maven-settings-3.2.5.jar
#15 4.892 [INFO] Resolved plugin: jsoup-1.10.2.jar
#15 4.892 [INFO] Resolved plugin: oro-2.0.8.jar
#15 4.892 [INFO] Resolved plugin: annotations-13.0.jar
#15 4.892 [INFO] Resolved plugin: commons-codec-1.16.0.jar
#15 4.892 [INFO] Resolved plugin: spring-boot-loader-tools-3.5.10.jar
#15 4.892 [INFO] Resolved plugin: xz-1.9.jar
#15 4.892 [INFO] Resolved plugin: maven-compat-3.0.jar
#15 4.892 [INFO] Resolved plugin: maven-settings-builder-3.0.jar
#15 4.892 [INFO] Resolved plugin: aether-impl-1.0.0.v20140518.jar
#15 4.892 [INFO] Resolved plugin: aether-util-1.7.jar
#15 4.892 [INFO] Resolved plugin: commons-text-1.3.jar
#15 4.892 [INFO] Resolved plugin: maven-core-3.0.jar
#15 4.892 [INFO] Resolved plugin: commons-lang-2.4.jar
#15 4.893 [INFO] Resolved plugin: slf4j-api-1.7.36.jar
#15 4.893 [INFO] Resolved plugin: maven-resolver-util-1.4.1.jar
#15 4.893 [INFO] Resolved plugin: doxia-module-apt-1.11.1.jar
#15 4.893 [INFO] Resolved plugin: flexmark-ext-gfm-issues-0.42.14.jar
#15 4.893 [INFO] Resolved plugin: jetty-util-9.4.46.v20220331.jar
#15 4.893 [INFO] Resolved plugin: maven-model-builder-3.2.5.jar
#15 4.893 [INFO] Resolved plugin: maven-jar-plugin-3.4.2.jar
#15 4.893 [INFO] Resolved plugin: plexus-archiver-4.2.7.jar
#15 4.893 [INFO] Resolved plugin: kotlin-stdlib-1.8.21.jar
#15 4.893 [INFO] Resolved plugin: commons-io-2.6.jar
#15 4.893 [INFO] Resolved plugin: maven-shade-plugin-3.6.0.jar
#15 4.893 [INFO] Resolved plugin: flexmark-ext-youtube-embedded-0.42.14.jar
#15 4.893 [INFO] Resolved plugin: flexmark-formatter-0.42.14.jar
#15 4.893 [INFO] Resolved plugin: maven-model-3.2.5.jar
#15 4.893 [INFO] Resolved plugin: micrometer-commons-1.14.14.jar
#15 4.893 [INFO] Resolved plugin: plexus-utils-4.0.1.jar
#15 4.893 [INFO] Resolved plugin: jdom2-2.0.6.1.jar
#15 4.893 [INFO] Resolved plugin: flexmark-profile-pegdown-0.42.14.jar
#15 4.893 [INFO] Resolved plugin: doxia-module-docbook-simple-1.11.1.jar
#15 4.893 [INFO] Resolved plugin: commons-lang3-3.16.0.jar
#15 4.893 [INFO] Resolved plugin: guava-16.0.1.jar
#15 4.893 [INFO] Resolved plugin: file-management-3.0.0.jar
#15 4.893 [INFO] Resolved plugin: flexmark-ext-typographic-0.42.14.jar
#15 4.893 [INFO] Resolved plugin: flexmark-ext-autolink-0.42.14.jar
#15 4.893 [INFO] Resolved plugin: build-helper-maven-plugin-3.3.0.jar
#15 4.893 [INFO] Resolved plugin: flexmark-ext-jekyll-tag-0.42.14.jar
#15 4.893 [INFO] Resolved plugin: flexmark-ext-gitlab-0.42.14.jar
#15 4.893 [INFO] Resolved plugin: commons-compress-1.27.1.jar
#15 4.893 [INFO] Resolved plugin: doxia-module-xdoc-1.11.1.jar
#15 4.893 [INFO] Resolved plugin: spotless-lib-2.45.0.jar
#15 4.893 [INFO] Resolved plugin: doxia-site-renderer-1.11.1.jar
#15 4.893 [INFO] Resolved plugin: sisu-inject-plexus-1.4.2.jar
#15 4.894 [INFO] Resolved plugin: commons-beanutils-1.7.0.jar
#15 4.894 [INFO] Resolved plugin: httpcore5-5.3.6.jar
#15 4.894 [INFO] Resolved plugin: commons-lang3-3.14.0.jar
#15 4.894 [INFO] Resolved plugin: plexus-classworlds-2.5.2.jar
#15 4.894 [INFO] Resolved plugin: doxia-module-confluence-1.11.1.jar
#15 4.894 [INFO] Resolved plugin: doxia-module-xhtml5-1.11.1.jar
#15 4.894 [INFO] Resolved plugin: flexmark-ext-tables-0.42.14.jar
#15 4.894 [INFO] Resolved plugin: micrometer-observation-1.14.14.jar
#15 4.894 [INFO] Resolved plugin: javax.annotation-api-1.2.jar
#15 4.894 [INFO] Resolved plugin: plexus-utils-3.4.1.jar
#15 4.894 [INFO] Resolved plugin: flexmark-ext-macros-0.42.14.jar
#15 4.894 [INFO] Resolved plugin: jna-platform-5.17.0.jar
#15 4.894 [INFO] Resolved plugin: aether-spi-1.7.jar
#15 4.894 [INFO] Resolved plugin: plexus-sec-dispatcher-1.3.jar
#15 4.894 [INFO] Resolved plugin: plexus-java-1.5.0.jar
#15 4.894 [INFO] Resolved plugin: plexus-i18n-1.0-beta-10.jar
#15 4.894 [INFO] Resolved plugin: qdox-2.2.0.jar
#15 4.894 [INFO] Resolved plugin: flexmark-ext-gfm-users-0.42.14.jar
#15 4.894 [INFO] Resolved plugin: durian-core-1.2.0.jar
#15 4.894 [INFO] Resolved plugin: maven-clean-plugin-3.4.1.jar
#15 4.894 [INFO] Resolved plugin: plexus-archiver-4.9.2.jar
#15 4.894 [INFO] Resolved plugin: jackson-annotations-2.19.4.jar
#15 4.894 [INFO] Resolved plugin: surefire-booter-3.5.4.jar
#15 4.894 [INFO] Resolved dependency: guava-33.1.0-jre.jar
#15 4.895 [INFO] Resolved dependency: reactor-extra-3.5.2.jar
#15 4.895 [INFO] Resolved dependency: spring-boot-starter-3.2.4.jar
#15 4.895 [INFO] Resolved dependency: grpc-spring-boot-starter-3.1.0.RELEASE.jar
#15 4.895 [INFO] Resolved dependency: assertj-core-3.27.6.jar
#15 4.895 [INFO] Resolved dependency: hamcrest-3.0.jar
#15 4.895 [INFO] Resolved dependency: netty-transport-native-unix-common-4.1.121.Final.jar
#15 4.895 [INFO] Resolved dependency: json-smart-2.5.2.jar
#15 4.895 [INFO] Resolved dependency: log4j-to-slf4j-2.24.3.jar
#15 4.895 [INFO] Resolved dependency: jspecify-1.0.0.jar
#15 4.895 [INFO] Resolved dependency: junit-jupiter-params-5.12.2.jar
#15 4.895 [INFO] Resolved dependency: jackson-datatype-jdk8-2.19.0.jar
#15 4.895 [INFO] Resolved dependency: gson-2.12.1.jar
#15 4.895 [INFO] Resolved dependency: spring-data-commons-3.5.8.jar
#15 4.895 [INFO] Resolved dependency: spring-beans-6.2.7.jar
#15 4.895 [INFO] Resolved dependency: grpc-api-1.63.0.jar
#15 4.895 [INFO] Resolved dependency: accessors-smart-2.5.2.jar
#15 4.895 [INFO] Resolved dependency: spring-expression-6.2.7.jar
#15 4.895 [INFO] Resolved dependency: junit-jupiter-api-5.12.2.jar
#15 4.895 [INFO] Resolved dependency: spring-cloud-starter-alibaba-nacos-discovery-2025.0.0.0.jar
#15 4.895 [INFO] Resolved dependency: spring-boot-starter-json-3.5.10.jar
#15 4.895 [INFO] Resolved dependency: netty-handler-4.1.121.Final.jar
#15 4.895 [INFO] Resolved dependency: jboss-logging-3.6.1.Final.jar
#15 4.895 [INFO] Resolved dependency: spring-boot-starter-tomcat-3.5.10.jar
#15 4.895 [INFO] Resolved dependency: spring-aop-6.2.7.jar
#15 4.895 [INFO] Resolved dependency: snakeyaml-2.2.jar
#15 4.895 [INFO] Resolved dependency: grpc-util-1.63.0.jar
#15 4.895 [INFO] Resolved dependency: grpc-services-1.63.0.jar
#15 4.895 [INFO] Resolved dependency: spring-boot-starter-web-3.5.10.jar
#15 4.896 [INFO] Resolved dependency: logback-adapter-1.1.4.jar
#15 4.896 [INFO] Resolved dependency: spring-test-6.2.15.jar
#15 4.896 [INFO] Resolved dependency: netty-common-4.1.121.Final.jar
#15 4.896 [INFO] Resolved dependency: junit-jupiter-5.12.2.jar
#15 4.896 [INFO] Resolved dependency: slf4j-api-2.0.12.jar
#15 4.896 [INFO] Resolved dependency: grpc-api-1.78.0.jar
#15 4.896 [INFO] Resolved dependency: spring-jcl-6.2.7.jar
#15 4.896 [INFO] Resolved dependency: nacos-encryption-plugin-3.0.3.jar
#15 4.896 [INFO] Resolved dependency: micrometer-commons-1.12.4.jar
#15 4.896 [INFO] Resolved dependency: nacos-client-3.0.3.jar
#15 4.896 [INFO] Resolved dependency: tomcat-embed-core-10.1.50.jar
#15 4.896 [INFO] Resolved dependency: spring-boot-3.5.10.jar
#15 4.896 [INFO] Resolved dependency: junit-platform-engine-1.12.2.jar
#15 4.896 [INFO] Resolved dependency: slf4j-api-2.0.11.jar
#15 4.896 [INFO] Resolved dependency: log4j-api-2.21.1.jar
#15 4.896 [INFO] Resolved dependency: error_prone_annotations-2.18.0.jar
#15 4.896 [INFO] Resolved dependency: grpc-protobuf-lite-1.78.0.jar
#15 4.896 [INFO] Resolved dependency: nacos-auth-plugin-3.0.3.jar
#15 4.896 [INFO] Resolved dependency: httpcore5-5.3.4.jar
#15 4.896 [INFO] Resolved dependency: JavaEWAH-1.2.3.jar
#15 4.896 [INFO] Resolved dependency: httpclient-4.5.14.jar
#15 4.896 [INFO] Resolved dependency: spring-boot-starter-logging-3.5.0.jar
#15 4.896 [INFO] Resolved dependency: sshd-osgi-2.14.0.jar
#15 4.896 [INFO] Resolved dependency: reactor-netty-core-1.2.6.jar
#15 4.896 [INFO] Resolved dependency: grpc-context-1.78.0.jar
#15 4.896 [INFO] Resolved dependency: tomcat-embed-el-10.1.50.jar
#15 4.896 [INFO] Resolved dependency: grpc-stub-1.63.0.jar
#15 4.896 [INFO] Resolved dependency: grpc-protobuf-1.63.0.jar
#15 4.896 [INFO] Resolved dependency: listenablefuture-9999.0-empty-to-avoid-conflict-with-guava.jar
#15 4.896 [INFO] Resolved dependency: jakarta.xml.bind-api-4.0.4.jar
#15 4.896 [INFO] Resolved dependency: micrometer-commons-1.15.0.jar
#15 4.896 [INFO] Resolved dependency: spring-cloud-starter-4.3.0.jar
#15 4.896 [INFO] Resolved dependency: snakeyaml-2.4.jar
#15 4.897 [INFO] Resolved dependency: netty-resolver-dns-native-macos-4.1.121.Final-osx-x86_64.jar
#15 4.897 [INFO] Resolved dependency: spring-boot-starter-reactor-netty-3.5.0.jar
#15 4.897 [INFO] Resolved dependency: tomcat-embed-core-10.1.41.jar
#15 4.897 [INFO] Resolved dependency: spring-cloud-commons-4.3.0.jar
#15 4.897 [INFO] Resolved dependency: spring-cloud-config-server-4.3.0.jar
#15 4.897 [INFO] Resolved dependency: spring-boot-configuration-processor-3.5.0.jar
#15 4.897 [INFO] Resolved dependency: reactor-netty-http-1.2.6.jar
#15 4.897 [INFO] Resolved dependency: spring-core-6.2.15.jar
#15 4.897 [INFO] Resolved dependency: grpc-stub-1.78.0.jar
#15 4.897 [INFO] Resolved dependency: asm-9.7.1.jar
#15 4.897 [INFO] Resolved dependency: spring-cloud-loadbalancer-4.3.0.jar
#15 4.897 [INFO] Resolved dependency: checker-qual-3.42.0.jar
#15 4.897 [INFO] Resolved dependency: logback-classic-1.5.25.jar
#15 4.897 [INFO] Resolved dependency: spring-boot-starter-data-mongodb-3.5.10.jar
#15 4.897 [INFO] Resolved dependency: jackson-datatype-jdk8-2.19.4.jar
#15 4.897 [INFO] Resolved dependency: sshd-sftp-2.14.0.jar
#15 4.897 [INFO] Resolved dependency: logback-classic-1.5.18.jar
#15 4.897 [INFO] Resolved dependency: protobuf-java-4.33.5.jar
#15 4.897 [INFO] Resolved dependency: spring-jcl-6.2.15.jar
#15 4.897 [INFO] Resolved dependency: bson-5.5.2.jar
#15 4.897 [INFO] Resolved dependency: jackson-core-2.19.4.jar
#15 4.897 [INFO] Resolved dependency: protobuf-java-3.25.3.jar
#15 4.897 [INFO] Resolved dependency: simpleclient_tracer_otel_agent-0.16.0.jar
#15 4.897 [INFO] Resolved dependency: spring-cloud-context-4.3.0.jar
#15 4.897 [INFO] Resolved dependency: perfmark-api-0.27.0.jar
#15 4.897 [INFO] Resolved dependency: byte-buddy-1.17.7.jar
#15 4.897 [INFO] Resolved dependency: jsr305-3.0.2.jar
#15 4.897 [INFO] Resolved dependency: micrometer-core-1.15.0.jar
#15 4.897 [INFO] Resolved dependency: reactor-core-3.7.6.jar
#15 4.897 [INFO] Resolved dependency: jackson-datatype-jsr310-2.19.4.jar
#15 4.897 [INFO] Resolved dependency: jakarta.annotation-api-2.1.1.jar
#15 4.897 [INFO] Resolved dependency: spring-core-6.2.7.jar
#15 4.897 [INFO] Resolved dependency: jackson-databind-2.19.4.jar
#15 4.897 [INFO] Resolved dependency: spring-boot-starter-tomcat-3.5.0.jar
#15 4.897 [INFO] Resolved dependency: spring-boot-starter-webflux-3.5.0.jar
#15 4.897 [INFO] Resolved dependency: nacos-client-basic-3.0.3.jar
#15 4.897 [INFO] Resolved dependency: tomcat-embed-el-10.1.41.jar
#15 4.898 [INFO] Resolved dependency: gson-2.8.9.jar
#15 4.898 [INFO] Resolved dependency: gson-2.10.1.jar
#15 4.898 [INFO] Resolved dependency: grpc-protobuf-1.78.0.jar
#15 4.898 [INFO] Resolved dependency: netty-codec-dns-4.1.121.Final.jar
#15 4.898 [INFO] Resolved dependency: grpc-server-spring-boot-starter-3.1.0.RELEASE.jar
#15 4.898 [INFO] Resolved dependency: json-path-2.9.0.jar
#15 4.898 [INFO] Resolved dependency: guava-33.5.0-android.jar
#15 4.898 [INFO] Resolved dependency: grpc-common-spring-boot-3.1.0.RELEASE.jar
#15 4.898 [INFO] Resolved dependency: netty-handler-proxy-4.1.121.Final.jar
#15 4.898 [INFO] Resolved dependency: hibernate-validator-8.0.2.Final.jar
#15 4.898 [INFO] Resolved dependency: spring-cloud-config-client-4.3.0.jar
#15 4.898 [INFO] Resolved dependency: reactive-streams-1.0.4.jar
#15 4.898 [INFO] Resolved dependency: netty-codec-socks-4.1.121.Final.jar
#15 4.898 [INFO] Resolved dependency: netty-transport-4.1.121.Final.jar
#15 4.898 [INFO] Resolved dependency: spring-boot-starter-web-3.5.0.jar
#15 4.898 [INFO] Resolved dependency: jackson-core-2.19.0.jar
#15 4.898 [INFO] Resolved dependency: httpclient5-5.4.4.jar
#15 4.898 [INFO] Resolved dependency: netty-resolver-dns-4.1.121.Final.jar
#15 4.898 [INFO] Resolved dependency: slf4j-api-2.0.17.jar
#15 4.898 [INFO] Resolved dependency: log4j-to-slf4j-2.21.1.jar
#15 4.898 [INFO] Resolved dependency: jackson-annotations-2.19.0.jar
#15 4.898 [INFO] Resolved dependency: error_prone_annotations-2.23.0.jar
#15 4.898 [INFO] Resolved dependency: classmate-1.7.0.jar
#15 4.898 [INFO] Resolved dependency: spring-context-6.1.5.jar
#15 4.898 [INFO] Resolved dependency: spring-boot-3.5.0.jar
#15 4.898 [INFO] Resolved dependency: mockito-core-5.17.0.jar
#15 4.898 [INFO] Resolved dependency: javax.annotation-api-1.3.2.jar
#15 4.898 [INFO] Resolved dependency: commons-codec-1.18.0.jar
#15 4.898 [INFO] Resolved dependency: jul-to-slf4j-2.0.17.jar
#15 4.898 [INFO] Resolved dependency: spring-boot-test-3.5.10.jar
#15 4.898 [INFO] Resolved dependency: spring-boot-starter-3.5.10.jar
#15 4.898 [INFO] Resolved dependency: grpc-inprocess-1.63.0.jar
#15 4.898 [INFO] Resolved dependency: jackson-module-parameter-names-2.19.4.jar
#15 4.898 [INFO] Resolved dependency: netty-transport-native-epoll-4.1.121.Final-linux-x86_64.jar
#15 4.898 [INFO] Resolved dependency: spring-webflux-6.2.7.jar
#15 4.898 [INFO] Resolved dependency: spring-webmvc-6.2.7.jar
#15 4.898 [INFO] Resolved dependency: opentest4j-1.3.0.jar
#15 4.898 [INFO] Resolved dependency: org.eclipse.jgit.http.apache-6.10.1.202505221210-r.jar
#15 4.898 [INFO] Resolved dependency: commons-logging-1.2.jar
#15 4.899 [INFO] Resolved dependency: junit-jupiter-engine-5.12.2.jar
#15 4.899 [INFO] Resolved dependency: spring-context-6.2.15.jar
#15 4.899 [INFO] Resolved dependency: spring-expression-6.2.15.jar
#15 4.899 [INFO] Resolved dependency: netty-codec-http-4.1.121.Final.jar
#15 4.899 [INFO] Resolved dependency: mongodb-driver-core-5.5.2.jar
#15 4.899 [INFO] Resolved dependency: error_prone_annotations-2.44.0.jar
#15 4.899 [INFO] Resolved dependency: failureaccess-1.0.2.jar
#15 4.899 [INFO] Resolved dependency: simpleclient_tracer_common-0.16.0.jar
#15 4.899 [INFO] Resolved dependency: proto-google-common-protos-2.29.0.jar
#15 4.899 [INFO] Resolved dependency: spring-aop-6.2.15.jar
#15 4.899 [INFO] Resolved dependency: spring-beans-6.2.15.jar
#15 4.899 [INFO] Resolved dependency: spring-beans-6.1.5.jar
#15 4.899 [INFO] Resolved dependency: tomcat-embed-websocket-10.1.41.jar
#15 4.899 [INFO] Resolved dependency: spring-boot-test-autoconfigure-3.5.10.jar
#15 4.899 [INFO] Resolved dependency: jackson-datatype-jsr310-2.19.0.jar
#15 4.899 [INFO] Resolved dependency: netty-transport-classes-epoll-4.1.121.Final.jar
#15 4.899 [INFO] Resolved dependency: spring-boot-starter-test-3.5.10.jar
#15 4.899 [INFO] Resolved dependency: spring-boot-autoconfigure-3.5.0.jar
#15 4.899 [INFO] Resolved dependency: spring-web-6.2.7.jar
#15 4.899 [INFO] Resolved dependency: eddsa-0.3.0.jar
#15 4.899 [INFO] Resolved dependency: junit-platform-commons-1.12.2.jar
#15 4.899 [INFO] Resolved dependency: spring-boot-autoconfigure-3.2.4.jar
#15 4.899 [INFO] Resolved dependency: HdrHistogram-2.2.2.jar
#15 4.899 [INFO] Resolved dependency: netty-codec-4.1.121.Final.jar
#15 4.899 [INFO] Resolved dependency: grpc-netty-shaded-1.63.0.jar
#15 4.899 [INFO] Resolved dependency: failureaccess-1.0.3.jar
#15 4.899 [INFO] Resolved dependency: spring-aop-6.1.5.jar
#15 4.899 [INFO] Resolved dependency: annotations-4.1.1.4.jar
#15 4.899 [INFO] Resolved dependency: spring-jcl-6.1.5.jar
#15 4.899 [INFO] Resolved dependency: spring-security-crypto-6.5.0.jar
#15 4.899 [INFO] Resolved dependency: bcprov-jdk18on-1.80.jar
#15 4.899 [INFO] Resolved dependency: animal-sniffer-annotations-1.26.jar
#15 4.899 [INFO] Resolved dependency: spring-expression-6.1.5.jar
#15 4.899 [INFO] Resolved dependency: grpc-core-1.78.0.jar
#15 4.899 [INFO] Resolved dependency: protobuf-java-3.25.8.jar
#15 4.899 [INFO] Resolved dependency: proto-google-common-protos-2.63.1.jar
#15 4.899 [INFO] Resolved dependency: org.eclipse.jgit.ssh.apache-6.10.1.202505221210-r.jar
#15 4.899 [INFO] Resolved dependency: log4j-api-2.24.3.jar
#15 4.899 [INFO] Resolved dependency: spring-boot-actuator-autoconfigure-3.5.0.jar
#15 4.899 [INFO] Resolved dependency: spring-boot-autoconfigure-3.5.10.jar
#15 4.899 [INFO] Resolved dependency: spring-tx-6.2.15.jar
#15 4.899 [INFO] Resolved dependency: grpc-context-1.63.0.jar
#15 4.900 [INFO] Resolved dependency: protobuf-java-util-3.25.3.jar
#15 4.900 [INFO] Resolved dependency: spring-boot-starter-logging-3.2.4.jar
#15 4.900 [INFO] Resolved dependency: objenesis-3.3.jar
#15 4.900 [INFO] Resolved dependency: spring-data-mongodb-4.5.8.jar
#15 4.900 [INFO] Resolved dependency: spring-boot-starter-validation-3.5.0.jar
#15 4.900 [INFO] Resolved dependency: j2objc-annotations-3.1.jar
#15 4.900 [INFO] Resolved dependency: protobuf-java-util-4.33.5.jar
#15 4.900 [INFO] Resolved dependency: jul-to-slf4j-2.0.12.jar
#15 4.900 [INFO] Resolved dependency: mapstruct-1.6.3.jar
#15 4.900 [INFO] Resolved dependency: jcl-over-slf4j-2.0.17.jar
#15 4.900 [INFO] Resolved dependency: org.eclipse.jgit-6.10.1.202505221210-r.jar
#15 4.900 [INFO] Resolved dependency: mockito-junit-jupiter-5.17.0.jar
#15 4.900 [INFO] Resolved dependency: micrometer-commons-1.14.14.jar
#15 4.900 [INFO] Resolved dependency: jackson-databind-2.19.0.jar
#15 4.900 [INFO] Resolved dependency: netty-codec-http2-4.1.121.Final.jar
#15 4.900 [INFO] Resolved dependency: logback-classic-1.4.14.jar
#15 4.900 [INFO] Resolved dependency: logback-core-1.5.25.jar
#15 4.900 [INFO] Resolved dependency: httpcore-4.4.16.jar
#15 4.900 [INFO] Resolved dependency: spring-boot-starter-json-3.5.0.jar
#15 4.900 [INFO] Resolved dependency: grpc-protobuf-lite-1.63.0.jar
#15 4.900 [INFO] Resolved dependency: grpc-core-1.63.0.jar
#15 4.900 [INFO] Resolved dependency: jsonassert-1.5.3.jar
#15 4.900 [INFO] Resolved dependency: lombok-1.18.42.jar
#15 4.900 [INFO] Resolved dependency: micrometer-observation-1.15.0.jar
#15 4.900 [INFO] Resolved dependency: spring-core-6.1.5.jar
#15 4.900 [INFO] Resolved dependency: jackson-module-parameter-names-2.19.0.jar
#15 4.900 [INFO] Resolved dependency: jakarta.validation-api-3.0.2.jar
#15 4.900 [INFO] Resolved dependency: logback-core-1.5.18.jar
#15 4.900 [INFO] Resolved dependency: micrometer-observation-1.12.4.jar
#15 4.900 [INFO] Resolved dependency: simpleclient-0.16.0.jar
#15 4.900 [INFO] Resolved dependency: spring-boot-3.2.4.jar
#15 4.900 [INFO] Resolved dependency: xmlunit-core-2.10.4.jar
#15 4.900 [INFO] Resolved dependency: spring-cloud-alibaba-commons-2025.0.0.0.jar
#15 4.900 [INFO] Resolved dependency: simpleclient_tracer_otel-0.16.0.jar
#15 4.900 [INFO] Resolved dependency: netty-buffer-4.1.121.Final.jar
#15 4.900 [INFO] Resolved dependency: spring-context-6.2.7.jar
#15 4.900 [INFO] Resolved dependency: netty-resolver-dns-classes-macos-4.1.121.Final.jar
#15 4.900 [INFO] Resolved dependency: awaitility-4.2.2.jar
#15 4.900 [INFO] Resolved dependency: spring-boot-starter-logging-3.5.10.jar
#15 4.900 [INFO] Resolved dependency: perfmark-api-0.26.0.jar
#15 4.900 [INFO] Resolved dependency: micrometer-observation-1.14.14.jar
#15 4.900 [INFO] Resolved dependency: spring-boot-actuator-3.5.0.jar
#15 4.900 [INFO] Resolved dependency: logback-core-1.4.14.jar
#15 4.901 [INFO] Resolved dependency: httpcore5-h2-5.3.4.jar
#15 4.901 [INFO] Resolved dependency: nacos-log4j2-adapter-3.0.3.jar
#15 4.901 [INFO] Resolved dependency: animal-sniffer-annotations-1.23.jar
#15 4.901 [INFO] Resolved dependency: j2objc-annotations-2.8.jar
#15 4.901 [INFO] Resolved dependency: tomcat-embed-websocket-10.1.50.jar
#15 4.901 [INFO] Resolved dependency: spring-boot-starter-3.5.0.jar
#15 4.901 [INFO] Resolved dependency: spring-web-6.2.15.jar
#15 4.901 [INFO] Resolved dependency: jakarta.activation-api-2.1.4.jar
#15 4.901 [INFO] Resolved dependency: apiguardian-api-1.1.2.jar
#15 4.901 [INFO] Resolved dependency: jackson-dataformat-yaml-2.19.0.jar
#15 4.901 [INFO] Resolved dependency: byte-buddy-agent-1.15.11.jar
#15 4.901 [INFO] Resolved dependency: LatencyUtils-2.0.3.jar
#15 4.901 [INFO] Resolved dependency: mongodb-driver-sync-5.5.2.jar
#15 4.901 [INFO] Resolved dependency: jackson-annotations-2.19.4.jar
#15 4.901 [INFO] Resolved dependency: bson-record-codec-5.5.2.jar
#15 4.901 [INFO] Resolved dependency: android-json-0.0.20131108.vaadin1.jar
#15 4.901 [INFO] Resolved dependency: netty-resolver-4.1.121.Final.jar
#15 4.901 [INFO] Resolved dependency: grpc-client-spring-boot-starter-3.1.0.RELEASE.jar
#15 4.901 [INFO] Resolved dependency: spring-webmvc-6.2.15.jar
#15 4.902 [INFO] ------------------------------------------------------------------------
#15 4.902 [INFO] BUILD SUCCESS
#15 4.902 [INFO] ------------------------------------------------------------------------
#15 4.903 [INFO] Total time:  3.127 s
#15 4.904 [INFO] Finished at: 2026-08-26T07:31:50Z
#15 4.904 [INFO] ------------------------------------------------------------------------
#15 DONE 5.0s

#16 [builder  9/12] COPY src ./src
#16 DONE 0.2s

#17 [builder 10/12] COPY target/generated-sources ./target/generated-sources
#17 DONE 0.1s

#18 [builder 11/12] RUN --mount=type=cache,target=/root/.m2     ./mvnw -B package -DskipTests $([ -n "$MAVEN_MIRROR_URL" ] && echo "-s /tmp/settings.xml")
#18 1.735 [INFO] Scanning for projects...
#18 2.152 [INFO] ------------------------------------------------------------------------
#18 2.152 [INFO] Detecting the operating system and CPU architecture
#18 2.152 [INFO] ------------------------------------------------------------------------
#18 2.152 [INFO] os.detected.name: linux
#18 2.152 [INFO] os.detected.arch: x86_64
#18 2.152 [INFO] os.detected.bitness: 64
#18 2.153 [INFO] os.detected.version: 5.15
#18 2.153 [INFO] os.detected.version.major: 5
#18 2.153 [INFO] os.detected.version.minor: 15
#18 2.154 [INFO] os.detected.release: ubuntu
#18 2.154 [INFO] os.detected.release.version: 26.04
#18 2.154 [INFO] os.detected.release.like.ubuntu: true
#18 2.154 [INFO] os.detected.release.like.debian: true
#18 2.154 [INFO] os.detected.classifier: linux-x86_64
#18 2.171 [INFO] 
#18 2.171 [INFO] ---------------------< org.tripsphere:attraction >----------------------
#18 2.171 [INFO] Building trip-attraction-service 0.1.0
#18 2.171 [INFO]   from pom.xml
#18 2.171 [INFO] --------------------------------[ jar ]---------------------------------
#18 2.828 [INFO] 
#18 2.828 [INFO] --- build-helper:3.3.0:add-source (add-sources) @ attraction ---
#18 3.060 [INFO] Source directory: /app/target/generated-sources/protobuf/java added.
#18 3.060 [INFO] Source directory: /app/target/generated-sources/protobuf/grpc-java added.
#18 3.060 [INFO] 
#18 3.060 [INFO] --- spring-boot:3.5.10:build-info (default) @ attraction ---
#18 3.236 [INFO] 
#18 3.236 [INFO] --- resources:3.3.1:resources (default-resources) @ attraction ---
#18 3.306 [INFO] Copying 1 resource from src/main/resources to target/classes
#18 3.319 [INFO] Copying 0 resource from src/main/resources to target/classes
#18 3.320 [INFO] 
#18 3.320 [INFO] --- compiler:3.11.0:compile (default-compile) @ attraction ---
#18 3.473 [INFO] Changes detected - recompiling the module! :source
#18 3.477 [INFO] Compiling 439 source files with javac [debug release 21] to target/classes
#18 20.57 [INFO] 
#18 20.57 [INFO] --- resources:3.3.1:testResources (default-testResources) @ attraction ---
#18 20.58 [INFO] skip non existing resourceDirectory /app/src/test/resources
#18 20.58 [INFO] 
#18 20.58 [INFO] --- compiler:3.11.0:testCompile (default-testCompile) @ attraction ---
#18 20.59 [INFO] Changes detected - recompiling the module! :dependency
#18 20.59 [INFO] Compiling 2 source files with javac [debug release 21] to target/test-classes
#18 21.02 [INFO] 
#18 21.02 [INFO] --- surefire:3.5.4:test (default-test) @ attraction ---
#18 21.15 [INFO] Tests are skipped.
#18 21.15 [INFO] 
#18 21.15 [INFO] --- jar:3.4.2:jar (default-jar) @ attraction ---
#18 21.49 [INFO] Building jar: /app/target/attraction-0.1.0.jar
#18 21.66 [INFO] 
#18 21.66 [INFO] --- spring-boot:3.5.10:repackage (repackage) @ attraction ---
#18 22.41 [INFO] Replacing main artifact /app/target/attraction-0.1.0.jar with repackaged archive, adding nested dependencies in BOOT-INF/.
#18 22.41 [INFO] The original artifact has been renamed to /app/target/attraction-0.1.0.jar.original
#18 22.41 [INFO] ------------------------------------------------------------------------
#18 22.41 [INFO] BUILD SUCCESS
#18 22.41 [INFO] ------------------------------------------------------------------------
#18 22.41 [INFO] Total time:  20.699 s
#18 22.41 [INFO] Finished at: 2026-08-26T07:32:13Z
#18 22.41 [INFO] ------------------------------------------------------------------------
#18 DONE 23.0s

#19 [builder 12/12] RUN java -Djarmode=tools -jar target/attraction-*.jar extract --layers --launcher --destination extracted/
#19 DONE 1.6s

#20 [stage-1 5/8] COPY --from=builder --chown=nonroot:nonroot /app/extracted/dependencies/ ./
#20 CACHED

#21 [stage-1 6/8] COPY --from=builder --chown=nonroot:nonroot /app/extracted/spring-boot-loader/ ./
#21 CACHED

#22 [stage-1 2/8] WORKDIR /app
#22 CACHED

#23 [stage-1 3/8] RUN addgroup --system nonroot && adduser --system nonroot --ingroup nonroot
#23 CACHED

#24 [stage-1 4/8] ADD --chmod=644     https://github.com/open-telemetry/opentelemetry-java-instrumentation/releases/download/v2.23.0/opentelemetry-javaagent.jar     /app/opentelemetry-javaagent.jar
#24 CACHED

#25 [stage-1 7/8] COPY --from=builder --chown=nonroot:nonroot /app/extracted/snapshot-dependencies/ ./
#25 CACHED

#26 [stage-1 8/8] COPY --from=builder --chown=nonroot:nonroot /app/extracted/application/ ./
#26 DONE 0.2s

#27 exporting to image
#27 exporting layers
#27 exporting layers 0.2s done
#27 writing image sha256:b008fd085f55238ef5e7985e332b176ed369d536c20108a230b375ed00c49550 done
#27 naming to docker.io/tripsphere/trip-attraction-service:latest done
#27 DONE 0.2s
task: [chat:build] docker build . -t tripsphere/trip-chat-service:latest
#0 building with "default" instance using docker driver

#1 [internal] load build definition from Dockerfile
#1 transferring dockerfile: 2.69kB done
#1 DONE 0.0s

#2 [internal] load metadata for ghcr.io/astral-sh/uv:python3.12-bookworm-slim
#2 ...

#3 [internal] load metadata for docker.io/library/python:3.12-slim-bookworm
#3 DONE 1.7s

#2 [internal] load metadata for ghcr.io/astral-sh/uv:python3.12-bookworm-slim
#2 DONE 7.8s

#4 [internal] load .dockerignore
#4 transferring context: 687B done
#4 DONE 0.0s

#5 [builder 1/8] FROM ghcr.io/astral-sh/uv:python3.12-bookworm-slim@sha256:e5b65587bce7de595f299855d7385fe7fca39b8a74baa261ba1b7147afa78e58
#5 DONE 0.0s

#6 [stage-1 1/4] FROM docker.io/library/python:3.12-slim-bookworm@sha256:0f5b26b9518d002b6173fd61daad821fa340635ebfec5bba471013f9ca114579
#6 resolve docker.io/library/python:3.12-slim-bookworm@sha256:0f5b26b9518d002b6173fd61daad821fa340635ebfec5bba471013f9ca114579 0.0s done
#6 DONE 0.0s

#7 [internal] load build context
#7 transferring context: 1.20MB 0.1s done
#7 DONE 0.1s

#8 [builder 2/8] WORKDIR /app
#8 CACHED

#9 [builder 3/8] COPY libs ./libs
#9 DONE 0.1s

#10 [builder 4/8] RUN --mount=type=cache,target=/root/.cache/uv     --mount=type=bind,source=uv.lock,target=uv.lock     --mount=type=bind,source=pyproject.toml,target=pyproject.toml     uv sync --locked --no-install-project --no-dev
#10 0.340 Using CPython 3.12.12 interpreter at: /usr/local/bin/python3
#10 0.340 Creating virtual environment at: .venv
#10 0.354 Resolved 179 packages in 1ms
#10 0.430    Building tripsphere @ file:///app/libs/tripsphere
#10 13.71       Built tripsphere @ file:///app/libs/tripsphere
#10 13.71 Prepared 162 packages in 13.32s
#10 19.17 Installed 162 packages in 5.45s
#10 22.98 Bytecode compiled 10474 files in 3.81s
#10 22.98  + a2a-sdk==0.3.26
#10 22.98  + a2ui-agent-sdk==0.2.4
#10 22.98  + ag-ui-a2ui-toolkit==0.0.4
#10 22.98  + ag-ui-adk==0.7.0
#10 22.98  + ag-ui-protocol==0.1.19
#10 22.98  + aiofiles==25.1.0
#10 22.98  + aiohappyeyeballs==2.7.1
#10 22.98  + aiohttp==3.14.1
#10 22.98  + aiosignal==1.4.0
#10 22.98  + aiosqlite==0.22.1
#10 22.98  + alibabacloud-credentials==0.3.6
#10 22.98  + alibabacloud-darabonba-array==0.1.0
#10 22.98  + alibabacloud-darabonba-encode-util==0.0.2
#10 22.98  + alibabacloud-darabonba-map==0.0.1
#10 22.98  + alibabacloud-darabonba-signature-util==0.0.4
#10 22.98  + alibabacloud-darabonba-string==0.0.4
#10 22.98  + alibabacloud-endpoint-util==0.0.4
#10 22.98  + alibabacloud-gateway-pop==0.0.9
#10 22.98  + alibabacloud-gateway-spi==0.0.4
#10 22.98  + alibabacloud-kms20160120==2.2.3
#10 22.98  + alibabacloud-openapi-util==0.2.4
#10 22.98  + alibabacloud-tea==0.4.3
#10 22.98  + alibabacloud-tea-openapi==0.3.14
#10 22.98  + alibabacloud-tea-util==0.3.14
#10 22.98  + alibabacloud-tea-xml==0.0.3
#10 22.98  + annotated-doc==0.0.4
#10 22.98  + annotated-types==0.7.0
#10 22.98  + anyio==4.14.2
#10 22.98  + asyncio==4.0.0
#10 22.98  + attrs==26.1.0
#10 22.98  + authlib==1.7.2
#10 22.98  + backoff==2.2.1
#10 22.98  + certifi==2026.6.17
#10 22.98  + cffi==2.1.0
#10 22.98  + charset-normalizer==3.4.9
#10 22.98  + click==8.4.2
#10 22.98  + cryptography==49.0.0
#10 22.98  + detect-installer==0.1.0
#10 22.98  + distro==1.9.0
#10 22.98  + dnspython==2.8.0
#10 22.98  + email-validator==2.3.0
#10 22.98  + fastapi==0.139.0
#10 22.98  + fastapi-cli==0.0.29
#10 22.98  + fastapi-cloud-cli==0.22.1
#10 22.98  + fastar==0.11.0
#10 22.98  + fastuuid==0.14.0
#10 22.98  + filelock==3.29.7
#10 22.98  + frozenlist==1.8.0
#10 22.98  + fsspec==2026.6.0
#10 22.98  + google-adk==2.4.0
#10 22.98  + google-api-core==2.31.0
#10 22.98  + google-auth==2.55.2
#10 22.98  + google-genai==2.11.0
#10 22.98  + googleapis-common-protos==1.75.0
#10 22.98  + graphviz==0.21
#10 22.98  + greenlet==3.5.3
#10 22.98  + grpcio==1.82.1
#10 22.98  + h11==0.16.0
#10 22.98  + h2==4.3.0
#10 22.98  + hf-xet==1.5.1
#10 22.98  + hpack==4.2.0
#10 22.98  + httpcore==1.0.9
#10 22.98  + httptools==0.8.0
#10 22.98  + httpx==0.28.1
#10 22.98  + httpx-sse==0.4.3
#10 22.98  + huggingface-hub==1.23.0
#10 22.98  + hyperframe==6.1.0
#10 22.98  + idna==3.18
#10 22.98  + importlib-metadata==8.9.0
#10 22.98  + jinja2==3.1.6
#10 22.98  + jiter==0.16.0
#10 22.98  + joserfc==1.7.3
#10 22.98  + jsonschema==4.26.0
#10 22.98  + jsonschema-specifications==2025.9.1
#10 22.98  + litellm==1.92.0
#10 22.98  + markdown-it-py==4.2.0
#10 22.98  + markupsafe==3.0.3
#10 22.98  + mcp==1.28.1
#10 22.98  + mcp-weather-server==0.6.1
#10 22.98  + mdurl==0.1.2
#10 22.98  + mem0ai==2.0.11
#10 22.98  + multidict==6.7.1
#10 22.98  + nacos-sdk-python==3.2.0
#10 22.98  + numpy==2.5.1
#10 22.98  + openai==2.45.0
#10 22.98  + openinference-instrumentation==0.1.54
#10 22.98  + openinference-instrumentation-google-adk==0.1.17
#10 22.98  + openinference-instrumentation-litellm==0.1.34
#10 22.98  + openinference-semantic-conventions==0.1.30
#10 22.98  + opentelemetry-api==1.42.1
#10 22.98  + opentelemetry-distro==0.63b1
#10 22.98  + opentelemetry-exporter-otlp==1.42.1
#10 22.98  + opentelemetry-exporter-otlp-proto-common==1.42.1
#10 22.98  + opentelemetry-exporter-otlp-proto-grpc==1.42.1
#10 22.98  + opentelemetry-exporter-otlp-proto-http==1.42.1
#10 22.98  + opentelemetry-instrumentation==0.63b1
#10 22.98  + opentelemetry-instrumentation-google-genai==0.7b1
#10 22.98  + opentelemetry-instrumentation-grpc==0.63b1
#10 22.98  + opentelemetry-instrumentation-httpx==0.63b1
#10 22.98  + opentelemetry-proto==1.42.1
#10 22.98  + opentelemetry-sdk==1.42.1
#10 22.98  + opentelemetry-semantic-conventions==0.63b1
#10 22.98  + opentelemetry-util-genai==0.3b0
#10 22.98  + opentelemetry-util-http==0.63b1
#10 22.98  + packaging==26.2
#10 22.98  + portalocker==3.2.0
#10 22.98  + posthog==7.22.1
#10 22.98  + propcache==0.5.2
#10 22.98  + proto-plus==1.28.1
#10 22.98  + protobuf==6.33.6
#10 22.98  + psutil==7.2.2
#10 22.98  + pyasn1==0.6.4
#10 22.98  + pyasn1-modules==0.4.2
#10 22.98  + pycparser==3.0
#10 22.98  + pycryptodome==3.23.0
#10 22.98  + pydantic==2.13.4
#10 22.98  + pydantic-core==2.46.4
#10 22.98  + pydantic-extra-types==2.11.1
#10 22.98  + pydantic-settings==2.14.2
#10 22.98  + pygments==2.20.0
#10 22.98  + pyjwt==2.13.0
#10 22.98  + pymongo==4.17.0
#10 22.98  + python-dateutil==2.9.0.post0
#10 22.98  + python-dotenv==1.2.2
#10 22.98  + python-multipart==0.0.32
#10 22.98  + pytz==2026.2
#10 22.98  + pyyaml==6.0.3
#10 22.98  + qdrant-client==1.18.0
#10 22.98  + referencing==0.37.0
#10 22.98  + regex==2026.7.10
#10 22.98  + requests==2.34.2
#10 22.98  + rich==15.0.0
#10 22.98  + rich-toolkit==0.20.1
#10 22.98  + rignore==0.7.6
#10 22.98  + rpds-py==2026.6.3
#10 22.98  + sentry-sdk==2.64.0
#10 22.98  + setuptools==83.0.0
#10 22.98  + shellingham==1.5.4
#10 22.98  + six==1.17.0
#10 22.98  + sniffio==1.3.1
#10 22.98  + sqlalchemy==2.0.51
#10 22.98  + sse-starlette==3.4.5
#10 22.98  + starlette==1.3.1
#10 22.98  + tenacity==9.1.4
#10 22.98  + tiktoken==0.13.0
#10 22.98  + tokenizers==0.23.1
#10 22.98  + tqdm==4.68.4
#10 22.98  + tripsphere==0.1.0 (from file:///app/libs/tripsphere)
#10 22.98  + typer==0.26.8
#10 22.98  + typing-extensions==4.16.0
#10 22.98  + typing-inspection==0.4.2
#10 22.98  + tzdata==2026.3
#10 22.98  + tzlocal==5.4.4
#10 22.98  + urllib3==2.7.0
#10 22.98  + uvicorn==0.51.0
#10 22.98  + uvloop==0.22.1
#10 22.98  + watchdog==6.0.0
#10 22.98  + watchfiles==1.2.0
#10 22.98  + websockets==15.0.1
#10 22.98  + wrapt==2.2.2
#10 22.98  + yarl==1.24.2
#10 22.98  + zipp==4.1.0
#10 DONE 26.4s

#11 [builder 5/8] COPY pyproject.toml uv.lock README.md ./
#11 DONE 0.1s

#12 [builder 6/8] COPY src ./src
#12 DONE 0.0s

#13 [builder 7/8] RUN --mount=type=cache,target=/root/.cache/uv     uv sync --locked --no-dev
#13 0.239 Resolved 179 packages in 1ms
#13 0.266    Building chat @ file:///app
#13 0.395       Built chat @ file:///app
#13 0.398 Prepared 1 package in 132ms
#13 0.399 Installed 1 package in 1ms
#13 0.783 Bytecode compiled 10474 files in 383ms
#13 0.783  + chat==0.1.0 (from file:///app)
#13 DONE 0.9s

#14 [builder 8/8] RUN --mount=type=cache,target=/root/.cache/uv     uv run --locked --no-dev opentelemetry-bootstrap -a requirements     | uv pip install --requirements -
#14 0.680 Bytecode compiled 10474 files in 388ms
#14 2.295 Resolved 33 packages in 1.07s
#14 2.359 Uninstalled 1 package in 2ms
#14 2.405 Installed 23 packages in 46ms
#14 2.736 Bytecode compiled 10568 files in 330ms
#14 2.736  + asgiref==3.12.1
#14 2.736  + opentelemetry-instrumentation-aiohttp-client==0.63b1
#14 2.736  + opentelemetry-instrumentation-aiohttp-server==0.63b1
#14 2.736  + opentelemetry-instrumentation-asgi==0.63b1
#14 2.736  + opentelemetry-instrumentation-asyncio==0.63b1
#14 2.736  + opentelemetry-instrumentation-click==0.63b1
#14 2.736  + opentelemetry-instrumentation-dbapi==0.63b1
#14 2.736  + opentelemetry-instrumentation-fastapi==0.63b1
#14 2.736  + opentelemetry-instrumentation-jinja2==0.63b1
#14 2.736  + opentelemetry-instrumentation-logging==0.63b1
#14 2.736  + opentelemetry-instrumentation-openai-v2==2.4b0
#14 2.736  + opentelemetry-instrumentation-pymongo==0.63b1
#14 2.736  + opentelemetry-instrumentation-requests==0.63b1
#14 2.736  + opentelemetry-instrumentation-sqlalchemy==0.63b1
#14 2.736  + opentelemetry-instrumentation-sqlite3==0.63b1
#14 2.736  + opentelemetry-instrumentation-starlette==0.63b1
#14 2.737  + opentelemetry-instrumentation-system-metrics==0.63b1
#14 2.737  + opentelemetry-instrumentation-threading==0.63b1
#14 2.737  + opentelemetry-instrumentation-tortoiseorm==0.63b1
#14 2.737  + opentelemetry-instrumentation-urllib==0.63b1
#14 2.737  + opentelemetry-instrumentation-urllib3==0.63b1
#14 2.737  + opentelemetry-instrumentation-wsgi==0.63b1
#14 2.737  - opentelemetry-util-genai==0.3b0
#14 2.737  + opentelemetry-util-genai==0.4b0
#14 DONE 2.9s

#15 [stage-1 2/4] RUN groupadd --system --gid 999 nonroot     && useradd --system --gid 999 --uid 999 --create-home nonroot
#15 CACHED

#16 [stage-1 3/4] COPY --from=builder --chown=nonroot:nonroot /app /app
#16 DONE 6.7s

#17 [stage-1 4/4] WORKDIR /app
#17 DONE 0.1s

#18 exporting to image
#18 exporting layers
#18 exporting layers 5.2s done
#18 writing image sha256:da399cb0060bb6e486acdcd0e9e56a86cc868db1ebc6dd4fd5da09eb39570159 done
#18 naming to docker.io/tripsphere/trip-chat-service:latest done
#18 DONE 5.2s
task: [file:build] docker build . -t tripsphere/trip-file-service:latest
#0 building with "default" instance using docker driver

#1 [internal] load build definition from Dockerfile
#1 transferring dockerfile: 1.84kB done
#1 DONE 0.0s

#2 [internal] load metadata for docker.io/library/golang:1.24-alpine
#2 ...

#3 [internal] load metadata for docker.io/library/alpine:latest
#3 DONE 0.9s

#2 [internal] load metadata for docker.io/library/golang:1.24-alpine
#2 DONE 1.6s

#4 [internal] load .dockerignore
#4 transferring context: 647B done
#4 DONE 0.0s

#5 [builder  1/10] FROM docker.io/library/golang:1.24-alpine@sha256:8bee1901f1e530bfb4a7850aa7a479d17ae3a18beb6e09064ed54cfd245b7191
#5 DONE 0.0s

#6 [stage-1 1/6] FROM docker.io/library/alpine:latest@sha256:21a3deaa0d32a8057914f36584b5288d2e5ecc984380bc0118285c70fa8c9300
#6 DONE 0.0s

#7 [internal] load build context
#7 transferring context: 774.80kB 0.0s done
#7 DONE 0.1s

#8 [builder  2/10] RUN go env -w GO111MODULE=on
#8 CACHED

#9 [builder  3/10] RUN if [ -n "$GOPROXY" ]; then go env -w GOPROXY="$GOPROXY"; fi
#9 CACHED

#10 [builder  4/10] WORKDIR /build
#10 CACHED

#11 [builder  5/10] RUN if [ -n "$ALPINE_MIRROR" ]; then         sed -i "$ALPINE_MIRROR" /etc/apk/repositories;     fi
#11 CACHED

#12 [builder  6/10] RUN --mount=type=cache,target=/var/cache/apk     apk add git ca-certificates tzdata
#12 CACHED

#13 [builder  7/10] COPY go.mod go.sum ./
#13 DONE 0.1s

#14 [builder  8/10] RUN --mount=type=cache,target=/go/pkg/mod     --mount=type=cache,target=/root/.cache/go-build     go mod download
#14 DONE 0.6s

#15 [builder  9/10] COPY . .
#15 DONE 0.1s

#16 [builder 10/10] RUN --mount=type=cache,target=/go/pkg/mod     --mount=type=cache,target=/root/.cache/go-build     CGO_ENABLED=0 GOOS=linux GOARCH=amd64 go build     -ldflags='-w -s -extldflags "-static"'     -o trip-file-service     ./cmd/main.go
#16 DONE 35.6s

#17 [stage-1 4/6] WORKDIR /app
#17 CACHED

#18 [stage-1 5/6] COPY --from=builder /build/trip-file-service .
#18 CACHED

#19 [stage-1 2/6] RUN apk --no-cache add ca-certificates tzdata netcat-openbsd
#19 CACHED

#20 [stage-1 3/6] RUN addgroup -g 1000 appuser &&     adduser -D -u 1000 -G appuser appuser
#20 CACHED

#21 [stage-1 6/6] RUN chown -R appuser:appuser /app
#21 CACHED

#22 exporting to image
#22 exporting layers done
#22 writing image sha256:e2df36a4064686368dd1b2c25913f03a87634fbcdceaf03f3279f03c236a7e5e done
#22 naming to docker.io/tripsphere/trip-file-service:latest
#22 naming to docker.io/tripsphere/trip-file-service:latest done
#22 DONE 0.0s
task: [hotel:build] docker build . -t tripsphere/trip-hotel-service:latest
#0 building with "default" instance using docker driver

#1 [internal] load build definition from Dockerfile
#1 transferring dockerfile: 2.11kB done
#1 DONE 0.0s

#2 [internal] load metadata for docker.io/library/eclipse-temurin:21-jdk
#2 ...

#3 [internal] load metadata for docker.io/library/eclipse-temurin:21-jre
#3 DONE 0.3s

#2 [internal] load metadata for docker.io/library/eclipse-temurin:21-jdk
#2 DONE 1.2s

#4 [internal] load .dockerignore
#4 transferring context: 534B done
#4 DONE 0.0s

#5 [builder  1/12] FROM docker.io/library/eclipse-temurin:21-jdk@sha256:85f00967bcc624fc19fa9c2cf124ea426a5363898e267141726f31f358c2e14b
#5 DONE 0.0s

#6 [stage-1 1/8] FROM docker.io/library/eclipse-temurin:21-jre@sha256:7a65df4b22d2de92d4e04056e884f3b9122d70b21e2847fd66084278bd0ce037
#6 DONE 0.0s

#7 [internal] load build context
#7 transferring context: 5.90MB 0.1s done
#7 DONE 0.2s

#8 [builder  2/12] WORKDIR /app
#8 CACHED

#9 [builder  3/12] COPY .mvn/ .mvn/
#9 CACHED

#10 [builder  4/12] COPY mvnw mvnw.cmd ./
#10 CACHED

#11 [builder  5/12] RUN chmod +x mvnw
#11 CACHED

#12 [builder  6/12] COPY pom.xml ./
#12 DONE 0.1s

#13 [stage-1 4/8] ADD --chmod=644     https://github.com/open-telemetry/opentelemetry-java-instrumentation/releases/download/v2.23.0/opentelemetry-javaagent.jar     /app/opentelemetry-javaagent.jar
#13 ...

#14 [builder  7/12] RUN <<EOF cat > /tmp/settings.xml
#14 DONE 0.3s

#15 [builder  8/12] RUN --mount=type=cache,target=/root/.m2     ./mvnw -B dependency:go-offline $([ -n "$MAVEN_MIRROR_URL" ] && echo "-s /tmp/settings.xml")
#15 1.786 [INFO] Scanning for projects...
#15 2.183 [INFO] ------------------------------------------------------------------------
#15 2.183 [INFO] Detecting the operating system and CPU architecture
#15 2.183 [INFO] ------------------------------------------------------------------------
#15 2.184 [INFO] os.detected.name: linux
#15 2.184 [INFO] os.detected.arch: x86_64
#15 2.184 [INFO] os.detected.bitness: 64
#15 2.184 [INFO] os.detected.version: 5.15
#15 2.184 [INFO] os.detected.version.major: 5
#15 2.184 [INFO] os.detected.version.minor: 15
#15 2.185 [INFO] os.detected.release: ubuntu
#15 2.185 [INFO] os.detected.release.version: 26.04
#15 2.185 [INFO] os.detected.release.like.ubuntu: true
#15 2.185 [INFO] os.detected.release.like.debian: true
#15 2.185 [INFO] os.detected.classifier: linux-x86_64
#15 2.495 [INFO] 
#15 2.495 [INFO] ------------------------< org.tripsphere:hotel >------------------------
#15 2.495 [INFO] Building trip-hotel-service 0.1.0
#15 2.495 [INFO]   from pom.xml
#15 2.495 [INFO] --------------------------------[ jar ]---------------------------------
#15 2.501 [INFO] 
#15 2.501 [INFO] --- dependency:3.8.1:go-offline (default-cli) @ hotel ---
#15 4.907 [INFO] Resolved plugin: jetty-servlet-9.4.46.v20220331.jar
#15 4.907 [INFO] Resolved plugin: durian-collect-1.2.0.jar
#15 4.907 [INFO] Resolved plugin: maven-install-plugin-3.1.4.jar
#15 4.907 [INFO] Resolved plugin: maven-compiler-plugin-3.11.0.jar
#15 4.907 [INFO] Resolved plugin: asm-9.7.jar
#15 4.907 [INFO] Resolved plugin: doxia-module-twiki-1.11.1.jar
#15 4.907 [INFO] Resolved plugin: velocity-tools-2.0.jar
#15 4.907 [INFO] Resolved plugin: flexmark-ext-gfm-tasklist-0.42.14.jar
#15 4.908 [INFO] Resolved plugin: org.eclipse.jgit-6.7.0.202309050840-r.jar
#15 4.908 [INFO] Resolved plugin: maven-resolver-api-1.9.22.jar
#15 4.908 [INFO] Resolved plugin: flexmark-ext-admonition-0.42.14.jar
#15 4.908 [INFO] Resolved plugin: spotless-maven-plugin-2.43.0.jar
#15 4.908 [INFO] Resolved plugin: maven-core-3.2.5.jar
#15 4.908 [INFO] Resolved plugin: flexmark-ext-footnotes-0.42.14.jar
#15 4.908 [INFO] Resolved plugin: flexmark-ext-gfm-strikethrough-0.42.14.jar
#15 4.908 [INFO] Resolved plugin: okhttp-4.12.0.jar
#15 4.908 [INFO] Resolved plugin: maven-repository-metadata-3.0.jar
#15 4.908 [INFO] Resolved plugin: flexmark-ext-media-tags-0.42.14.jar
#15 4.908 [INFO] Resolved plugin: doxia-module-xhtml-1.11.1.jar
#15 4.908 [INFO] Resolved plugin: maven-shared-utils-3.0.0.jar
#15 4.908 [INFO] Resolved plugin: maven-shared-io-3.0.0.jar
#15 4.908 [INFO] Resolved plugin: flexmark-util-0.42.14.jar
#15 4.908 [INFO] Resolved plugin: flexmark-ext-anchorlink-0.42.14.jar
#15 4.908 [INFO] Resolved plugin: aether-api-1.7.jar
#15 4.908 [INFO] Resolved plugin: maven-resolver-util-1.9.22.jar
#15 4.908 [INFO] Resolved plugin: aether-api-1.0.0.v20140518.jar
#15 4.908 [INFO] Resolved plugin: autolink-0.6.0.jar
#15 4.908 [INFO] Resolved plugin: maven-filtering-3.3.1.jar
#15 4.908 [INFO] Resolved plugin: sisu-guice-2.1.7-noaop.jar
#15 4.908 [INFO] Resolved plugin: asm-commons-9.7.jar
#15 4.908 [INFO] Resolved plugin: maven-archiver-3.6.2.jar
#15 4.908 [INFO] Resolved plugin: doxia-skin-model-1.11.1.jar
#15 4.909 [INFO] Resolved plugin: dom4j-1.1.jar
#15 4.909 [INFO] Resolved plugin: bsh-2.0b6.jar
#15 4.909 [INFO] Resolved plugin: commons-io-2.16.1.jar
#15 4.909 [INFO] Resolved plugin: spring-boot-buildpack-platform-3.5.10.jar
#15 4.909 [INFO] Resolved plugin: flexmark-youtrack-converter-0.42.14.jar
#15 4.909 [INFO] Resolved plugin: maven-aether-provider-3.0.jar
#15 4.909 [INFO] Resolved plugin: tomlj-1.0.0.jar
#15 4.909 [INFO] Resolved plugin: surefire-extensions-api-3.5.4.jar
#15 4.909 [INFO] Resolved plugin: httpclient-4.5.13.jar
#15 4.909 [INFO] Resolved plugin: flexmark-ext-toc-0.42.14.jar
#15 4.909 [INFO] Resolved plugin: qdox-2.0.3.jar
#15 4.909 [INFO] Resolved plugin: plexus-interpolation-1.14.jar
#15 4.909 [INFO] Resolved plugin: surefire-api-3.5.4.jar
#15 4.909 [INFO] Resolved plugin: plexus-compiler-manager-2.13.0.jar
#15 4.909 [INFO] Resolved plugin: asm-9.8.jar
#15 4.909 [INFO] Resolved plugin: spotless-lib-extra-2.45.0.jar
#15 4.909 [INFO] Resolved plugin: jetty-http-9.4.46.v20220331.jar
#15 4.909 [INFO] Resolved plugin: plexus-classworlds-2.2.3.jar
#15 4.909 [INFO] Resolved plugin: flexmark-jira-converter-0.42.14.jar
#15 4.909 [INFO] Resolved plugin: maven-reporting-api-3.1.1.jar
#15 4.909 [INFO] Resolved plugin: maven-plugin-api-3.2.5.jar
#15 4.910 [INFO] Resolved plugin: commons-codec-1.17.1.jar
#15 4.910 [INFO] Resolved plugin: sisu-guice-3.2.3-no_aop.jar
#15 4.910 [INFO] Resolved plugin: flexmark-ext-attributes-0.42.14.jar
#15 4.910 [INFO] Resolved plugin: commons-lang3-3.8.1.jar
#15 4.910 [INFO] Resolved plugin: maven-aether-provider-3.2.5.jar
#15 4.911 [INFO] Resolved plugin: aether-util-1.0.0.v20140518.jar
#15 4.911 [INFO] Resolved plugin: jetty-security-9.4.46.v20220331.jar
#15 4.911 [INFO] Resolved plugin: httpclient5-5.5.2.jar
#15 4.911 [INFO] Resolved plugin: JavaEWAH-1.2.3.jar
#15 4.911 [INFO] Resolved plugin: maven-common-artifact-filters-3.4.0.jar
#15 4.911 [INFO] Resolved plugin: plexus-compiler-api-2.13.0.jar
#15 4.911 [INFO] Resolved plugin: aether-impl-1.7.jar
#15 4.911 [INFO] Resolved plugin: jsr305-2.0.1.jar
#15 4.912 [INFO] Resolved plugin: org.eclipse.sisu.plexus-0.3.5.jar
#15 4.912 [INFO] Resolved plugin: doxia-core-1.11.1.jar
#15 4.912 [INFO] Resolved plugin: kotlin-stdlib-jdk8-1.8.21.jar
#15 4.912 [INFO] Resolved plugin: flexmark-ext-ins-0.42.14.jar
#15 4.912 [INFO] Resolved plugin: maven-artifact-3.0.jar
#15 4.912 [INFO] Resolved plugin: google-collections-1.0.jar
#15 4.912 [INFO] Resolved plugin: plexus-java-1.1.2.jar
#15 4.912 [INFO] Resolved plugin: flexmark-ext-emoji-0.42.14.jar
#15 4.912 [INFO] Resolved plugin: maven-resolver-api-1.4.1.jar
#15 4.912 [INFO] Resolved plugin: doxia-integration-tools-1.11.1.jar
#15 4.912 [INFO] Resolved plugin: durian-io-1.2.0.jar
#15 4.912 [INFO] Resolved plugin: plexus-component-annotations-1.5.5.jar
#15 4.912 [INFO] Resolved plugin: spring-core-6.2.15.jar
#15 4.912 [INFO] Resolved plugin: maven-repository-metadata-3.2.5.jar
#15 4.912 [INFO] Resolved plugin: flexmark-ext-jekyll-front-matter-0.42.14.jar
#15 4.912 [INFO] Resolved plugin: doxia-decoration-model-1.11.1.jar
#15 4.912 [INFO] Resolved plugin: flexmark-all-0.42.14.jar
#15 4.912 [INFO] Resolved plugin: plexus-utils-3.5.0.jar
#15 4.912 [INFO] Resolved plugin: maven-shared-incremental-1.1.jar
#15 4.912 [INFO] Resolved plugin: file-management-3.1.0.jar
#15 4.912 [INFO] Resolved plugin: commons-compress-1.26.1.jar
#15 4.912 [INFO] Resolved plugin: spring-jcl-6.2.15.jar
#15 4.912 [INFO] Resolved plugin: solstice-1.7.5.jar
#15 4.912 [INFO] Resolved plugin: jetty-webapp-9.4.46.v20220331.jar
#15 4.913 [INFO] Resolved plugin: kotlin-stdlib-jdk7-1.8.21.jar
#15 4.913 [INFO] Resolved plugin: wagon-provider-api-2.10.jar
#15 4.913 [INFO] Resolved plugin: plexus-io-3.2.0.jar
#15 4.913 [INFO] Resolved plugin: xbean-reflect-3.7.jar
#15 4.913 [INFO] Resolved plugin: maven-reporting-exec-1.6.0.jar
#15 4.913 [INFO] Resolved plugin: doxia-sink-api-1.11.1.jar
#15 4.913 [INFO] Resolved plugin: jetty-xml-9.4.46.v20220331.jar
#15 4.913 [INFO] Resolved plugin: plexus-velocity-1.2.jar
#15 4.913 [INFO] Resolved plugin: plexus-container-default-2.1.0.jar
#15 4.913 [INFO] Resolved plugin: jackson-core-2.19.4.jar
#15 4.913 [INFO] Resolved plugin: commons-codec-1.11.jar
#15 4.913 [INFO] Resolved plugin: plexus-resources-1.2.0.jar
#15 4.913 [INFO] Resolved plugin: snappy-0.4.jar
#15 4.913 [INFO] Resolved plugin: maven-deploy-plugin-3.1.4.jar
#15 4.913 [INFO] Resolved plugin: jsr305-3.0.2.jar
#15 4.913 [INFO] Resolved plugin: plexus-compiler-javac-2.13.0.jar
#15 4.913 [INFO] Resolved plugin: plexus-build-api-0.0.7.jar
#15 4.913 [INFO] Resolved plugin: doxia-module-fml-1.11.1.jar
#15 4.913 [INFO] Resolved plugin: org.eclipse.osgi-3.18.300.jar
#15 4.913 [INFO] Resolved plugin: commons-digester-1.8.jar
#15 4.913 [INFO] Resolved plugin: jetty-server-9.4.46.v20220331.jar
#15 4.913 [INFO] Resolved plugin: flexmark-ext-abbreviation-0.42.14.jar
#15 4.913 [INFO] Resolved plugin: maven-archiver-3.5.2.jar
#15 4.913 [INFO] Resolved plugin: jackson-databind-2.19.4.jar
#15 4.913 [INFO] Resolved plugin: zstd-jni-1.5.5-11.jar
#15 4.913 [INFO] Resolved plugin: flexmark-ext-definition-0.42.14.jar
#15 4.913 [INFO] Resolved plugin: doxia-logging-api-1.11.1.jar
#15 4.913 [INFO] Resolved plugin: plexus-xml-3.0.1.jar
#15 4.913 [INFO] Resolved plugin: maven-surefire-plugin-3.5.4.jar
#15 4.913 [INFO] Resolved plugin: flexmark-ext-yaml-front-matter-0.42.14.jar
#15 4.914 [INFO] Resolved plugin: jna-5.17.0.jar
#15 4.914 [INFO] Resolved plugin: maven-site-plugin-3.12.1.jar
#15 4.914 [INFO] Resolved plugin: flexmark-ext-superscript-0.42.14.jar
#15 4.914 [INFO] Resolved plugin: commons-collections-3.2.2.jar
#15 4.914 [INFO] Resolved plugin: surefire-shared-utils-3.5.4.jar
#15 4.914 [INFO] Resolved plugin: doxia-module-markdown-1.11.1.jar
#15 4.914 [INFO] Resolved plugin: flexmark-ext-xwiki-macros-0.42.14.jar
#15 4.914 [INFO] Resolved plugin: concurrent-trees-2.6.1.jar
#15 4.914 [INFO] Resolved plugin: commons-compress-1.20.jar
#15 4.914 [INFO] Resolved plugin: asm-9.4.jar
#15 4.914 [INFO] Resolved plugin: maven-resources-plugin-3.3.1.jar
#15 4.914 [INFO] Resolved plugin: velocity-1.7.jar
#15 4.914 [INFO] Resolved plugin: plexus-utils-3.5.1.jar
#15 4.914 [INFO] Resolved plugin: slf4j-api-1.7.32.jar
#15 4.914 [INFO] Resolved plugin: surefire-extensions-spi-3.5.4.jar
#15 4.914 [INFO] Resolved plugin: aopalliance-1.0.jar
#15 4.914 [INFO] Resolved plugin: maven-model-3.0.jar
#15 4.914 [INFO] Resolved plugin: aether-spi-1.0.0.v20140518.jar
#15 4.914 [INFO] Resolved plugin: plexus-interpolation-1.26.jar
#15 4.914 [INFO] Resolved plugin: maven-settings-builder-3.2.5.jar
#15 4.914 [INFO] Resolved plugin: httpcore-4.4.14.jar
#15 4.915 [INFO] Resolved plugin: commons-lang3-3.12.0.jar
#15 4.915 [INFO] Resolved plugin: maven-model-builder-3.0.jar
#15 4.915 [INFO] Resolved plugin: maven-surefire-common-3.5.4.jar
#15 4.915 [INFO] Resolved plugin: maven-artifact-3.2.5.jar
#15 4.915 [INFO] Resolved plugin: flexmark-ext-enumerated-reference-0.42.14.jar
#15 4.915 [INFO] Resolved plugin: plexus-component-annotations-2.1.1.jar
#15 4.915 [INFO] Resolved plugin: commons-io-2.4.jar
#15 4.915 [INFO] Resolved plugin: jackson-module-parameter-names-2.19.4.jar
#15 4.915 [INFO] Resolved plugin: durian-swt.os-4.2.2.jar
#15 4.915 [INFO] Resolved plugin: plexus-utils-3.0.24.jar
#15 4.915 [INFO] Resolved plugin: asm-tree-9.7.jar
#15 4.915 [INFO] Resolved plugin: okio-jvm-3.6.0.jar
#15 4.915 [INFO] Resolved plugin: commons-logging-1.2.jar
#15 4.915 [INFO] Resolved plugin: flexmark-ext-escaped-character-0.42.14.jar
#15 4.915 [INFO] Resolved plugin: jdependency-2.10.jar
#15 4.915 [INFO] Resolved plugin: httpcore5-h2-5.3.6.jar
#15 4.915 [INFO] Resolved plugin: plexus-cipher-1.4.jar
#15 4.915 [INFO] Resolved plugin: spring-boot-maven-plugin-3.5.10.jar
#15 4.915 [INFO] Resolved plugin: flexmark-0.42.14.jar
#15 4.915 [INFO] Resolved plugin: spring-context-6.2.15.jar
#15 4.915 [INFO] Resolved plugin: plexus-utils-3.4.2.jar
#15 4.915 [INFO] Resolved plugin: flexmark-ext-aside-0.42.14.jar
#15 4.915 [INFO] Resolved plugin: flexmark-ext-wikilink-0.42.14.jar
#15 4.915 [INFO] Resolved plugin: spring-expression-6.2.15.jar
#15 4.915 [INFO] Resolved plugin: surefire-logger-api-3.5.4.jar
#15 4.915 [INFO] Resolved plugin: org.eclipse.sisu.inject-0.3.5.jar
#15 4.915 [INFO] Resolved plugin: plexus-io-3.4.2.jar
#15 4.916 [INFO] Resolved plugin: maven-settings-3.0.jar
#15 4.916 [INFO] Resolved plugin: maven-plugin-api-3.0.jar
#15 4.916 [INFO] Resolved plugin: flexmark-ext-gfm-tables-0.42.14.jar
#15 4.916 [INFO] Resolved plugin: spring-aop-6.2.15.jar
#15 4.916 [INFO] Resolved plugin: spring-beans-6.2.15.jar
#15 4.916 [INFO] Resolved plugin: sisu-inject-bean-1.4.2.jar
#15 4.916 [INFO] Resolved plugin: antlr4-runtime-4.7.2.jar
#15 4.916 [INFO] Resolved plugin: plexus-interpolation-1.27.jar
#15 4.916 [INFO] Resolved plugin: okio-3.6.0.jar
#15 4.916 [INFO] Resolved plugin: commons-io-2.11.0.jar
#15 4.916 [INFO] Resolved plugin: jetty-io-9.4.46.v20220331.jar
#15 4.916 [INFO] Resolved plugin: cdi-api-1.2.jar
#15 4.916 [INFO] Resolved plugin: commons-chain-1.1.jar
#15 4.916 [INFO] Resolved plugin: commons-codec-1.16.1.jar
#15 4.916 [INFO] Resolved plugin: flexmark-html-parser-0.42.14.jar
#15 4.916 [INFO] Resolved plugin: javax.inject-1.jar
#15 4.916 [INFO] Resolved plugin: kotlin-stdlib-common-1.9.10.jar
#15 4.916 [INFO] Resolved plugin: maven-shared-utils-3.3.4.jar
#15 4.916 [INFO] Resolved plugin: javax.servlet-api-3.1.0.jar
#15 4.916 [INFO] Resolved plugin: jetty-util-ajax-9.4.46.v20220331.jar
#15 4.916 [INFO] Resolved plugin: maven-settings-3.2.5.jar
#15 4.916 [INFO] Resolved plugin: jsoup-1.10.2.jar
#15 4.916 [INFO] Resolved plugin: oro-2.0.8.jar
#15 4.916 [INFO] Resolved plugin: spring-boot-loader-tools-3.5.10.jar
#15 4.916 [INFO] Resolved plugin: annotations-13.0.jar
#15 4.916 [INFO] Resolved plugin: commons-codec-1.16.0.jar
#15 4.916 [INFO] Resolved plugin: xz-1.9.jar
#15 4.916 [INFO] Resolved plugin: maven-compat-3.0.jar
#15 4.916 [INFO] Resolved plugin: maven-settings-builder-3.0.jar
#15 4.916 [INFO] Resolved plugin: aether-impl-1.0.0.v20140518.jar
#15 4.916 [INFO] Resolved plugin: aether-util-1.7.jar
#15 4.917 [INFO] Resolved plugin: commons-text-1.3.jar
#15 4.917 [INFO] Resolved plugin: maven-core-3.0.jar
#15 4.917 [INFO] Resolved plugin: commons-lang-2.4.jar
#15 4.917 [INFO] Resolved plugin: slf4j-api-1.7.36.jar
#15 4.917 [INFO] Resolved plugin: maven-resolver-util-1.4.1.jar
#15 4.917 [INFO] Resolved plugin: doxia-module-apt-1.11.1.jar
#15 4.917 [INFO] Resolved plugin: flexmark-ext-gfm-issues-0.42.14.jar
#15 4.917 [INFO] Resolved plugin: jetty-util-9.4.46.v20220331.jar
#15 4.917 [INFO] Resolved plugin: maven-model-builder-3.2.5.jar
#15 4.917 [INFO] Resolved plugin: maven-jar-plugin-3.4.2.jar
#15 4.917 [INFO] Resolved plugin: plexus-archiver-4.2.7.jar
#15 4.917 [INFO] Resolved plugin: kotlin-stdlib-1.8.21.jar
#15 4.917 [INFO] Resolved plugin: commons-io-2.6.jar
#15 4.917 [INFO] Resolved plugin: maven-shade-plugin-3.6.0.jar
#15 4.917 [INFO] Resolved plugin: flexmark-ext-youtube-embedded-0.42.14.jar
#15 4.917 [INFO] Resolved plugin: flexmark-formatter-0.42.14.jar
#15 4.917 [INFO] Resolved plugin: maven-model-3.2.5.jar
#15 4.917 [INFO] Resolved plugin: micrometer-commons-1.14.14.jar
#15 4.917 [INFO] Resolved plugin: jdom2-2.0.6.1.jar
#15 4.917 [INFO] Resolved plugin: plexus-utils-4.0.1.jar
#15 4.917 [INFO] Resolved plugin: commons-lang3-3.16.0.jar
#15 4.917 [INFO] Resolved plugin: flexmark-profile-pegdown-0.42.14.jar
#15 4.917 [INFO] Resolved plugin: doxia-module-docbook-simple-1.11.1.jar
#15 4.917 [INFO] Resolved plugin: guava-16.0.1.jar
#15 4.917 [INFO] Resolved plugin: file-management-3.0.0.jar
#15 4.917 [INFO] Resolved plugin: flexmark-ext-typographic-0.42.14.jar
#15 4.917 [INFO] Resolved plugin: flexmark-ext-autolink-0.42.14.jar
#15 4.917 [INFO] Resolved plugin: build-helper-maven-plugin-3.3.0.jar
#15 4.917 [INFO] Resolved plugin: flexmark-ext-jekyll-tag-0.42.14.jar
#15 4.917 [INFO] Resolved plugin: commons-compress-1.27.1.jar
#15 4.917 [INFO] Resolved plugin: flexmark-ext-gitlab-0.42.14.jar
#15 4.918 [INFO] Resolved plugin: doxia-module-xdoc-1.11.1.jar
#15 4.918 [INFO] Resolved plugin: spotless-lib-2.45.0.jar
#15 4.918 [INFO] Resolved plugin: doxia-site-renderer-1.11.1.jar
#15 4.918 [INFO] Resolved plugin: sisu-inject-plexus-1.4.2.jar
#15 4.918 [INFO] Resolved plugin: commons-beanutils-1.7.0.jar
#15 4.918 [INFO] Resolved plugin: httpcore5-5.3.6.jar
#15 4.918 [INFO] Resolved plugin: commons-lang3-3.14.0.jar
#15 4.918 [INFO] Resolved plugin: plexus-classworlds-2.5.2.jar
#15 4.918 [INFO] Resolved plugin: doxia-module-confluence-1.11.1.jar
#15 4.918 [INFO] Resolved plugin: doxia-module-xhtml5-1.11.1.jar
#15 4.918 [INFO] Resolved plugin: micrometer-observation-1.14.14.jar
#15 4.918 [INFO] Resolved plugin: flexmark-ext-tables-0.42.14.jar
#15 4.918 [INFO] Resolved plugin: javax.annotation-api-1.2.jar
#15 4.918 [INFO] Resolved plugin: plexus-utils-3.4.1.jar
#15 4.918 [INFO] Resolved plugin: jna-platform-5.17.0.jar
#15 4.918 [INFO] Resolved plugin: flexmark-ext-macros-0.42.14.jar
#15 4.918 [INFO] Resolved plugin: aether-spi-1.7.jar
#15 4.918 [INFO] Resolved plugin: plexus-sec-dispatcher-1.3.jar
#15 4.918 [INFO] Resolved plugin: plexus-java-1.5.0.jar
#15 4.919 [INFO] Resolved plugin: plexus-i18n-1.0-beta-10.jar
#15 4.919 [INFO] Resolved plugin: qdox-2.2.0.jar
#15 4.919 [INFO] Resolved plugin: flexmark-ext-gfm-users-0.42.14.jar
#15 4.919 [INFO] Resolved plugin: durian-core-1.2.0.jar
#15 4.919 [INFO] Resolved plugin: maven-clean-plugin-3.4.1.jar
#15 4.919 [INFO] Resolved plugin: jackson-annotations-2.19.4.jar
#15 4.919 [INFO] Resolved plugin: plexus-archiver-4.9.2.jar
#15 4.919 [INFO] Resolved plugin: surefire-booter-3.5.4.jar
#15 4.919 [INFO] Resolved dependency: reactor-extra-3.5.2.jar
#15 4.919 [INFO] Resolved dependency: guava-33.1.0-jre.jar
#15 4.919 [INFO] Resolved dependency: spring-boot-starter-3.2.4.jar
#15 4.919 [INFO] Resolved dependency: grpc-spring-boot-starter-3.1.0.RELEASE.jar
#15 4.919 [INFO] Resolved dependency: assertj-core-3.27.6.jar
#15 4.919 [INFO] Resolved dependency: hamcrest-3.0.jar
#15 4.919 [INFO] Resolved dependency: netty-transport-native-unix-common-4.1.121.Final.jar
#15 4.919 [INFO] Resolved dependency: json-smart-2.5.2.jar
#15 4.919 [INFO] Resolved dependency: log4j-to-slf4j-2.24.3.jar
#15 4.919 [INFO] Resolved dependency: jackson-datatype-jdk8-2.19.0.jar
#15 4.919 [INFO] Resolved dependency: jspecify-1.0.0.jar
#15 4.919 [INFO] Resolved dependency: junit-jupiter-params-5.12.2.jar
#15 4.919 [INFO] Resolved dependency: gson-2.12.1.jar
#15 4.919 [INFO] Resolved dependency: spring-data-commons-3.5.8.jar
#15 4.919 [INFO] Resolved dependency: spring-beans-6.2.7.jar
#15 4.919 [INFO] Resolved dependency: grpc-api-1.63.0.jar
#15 4.919 [INFO] Resolved dependency: accessors-smart-2.5.2.jar
#15 4.919 [INFO] Resolved dependency: spring-expression-6.2.7.jar
#15 4.919 [INFO] Resolved dependency: spring-cloud-starter-alibaba-nacos-discovery-2025.0.0.0.jar
#15 4.919 [INFO] Resolved dependency: junit-jupiter-api-5.12.2.jar
#15 4.920 [INFO] Resolved dependency: spring-boot-starter-json-3.5.10.jar
#15 4.920 [INFO] Resolved dependency: netty-handler-4.1.121.Final.jar
#15 4.920 [INFO] Resolved dependency: jboss-logging-3.6.1.Final.jar
#15 4.920 [INFO] Resolved dependency: spring-boot-starter-tomcat-3.5.10.jar
#15 4.920 [INFO] Resolved dependency: spring-aop-6.2.7.jar
#15 4.920 [INFO] Resolved dependency: snakeyaml-2.2.jar
#15 4.920 [INFO] Resolved dependency: logback-adapter-1.1.4.jar
#15 4.920 [INFO] Resolved dependency: grpc-util-1.63.0.jar
#15 4.920 [INFO] Resolved dependency: grpc-services-1.63.0.jar
#15 4.920 [INFO] Resolved dependency: spring-boot-starter-web-3.5.10.jar
#15 4.920 [INFO] Resolved dependency: spring-test-6.2.15.jar
#15 4.920 [INFO] Resolved dependency: netty-common-4.1.121.Final.jar
#15 4.920 [INFO] Resolved dependency: junit-jupiter-5.12.2.jar
#15 4.920 [INFO] Resolved dependency: grpc-api-1.78.0.jar
#15 4.920 [INFO] Resolved dependency: slf4j-api-2.0.12.jar
#15 4.920 [INFO] Resolved dependency: spring-jcl-6.2.7.jar
#15 4.920 [INFO] Resolved dependency: nacos-encryption-plugin-3.0.3.jar
#15 4.920 [INFO] Resolved dependency: micrometer-commons-1.12.4.jar
#15 4.920 [INFO] Resolved dependency: nacos-client-3.0.3.jar
#15 4.920 [INFO] Resolved dependency: tomcat-embed-core-10.1.50.jar
#15 4.920 [INFO] Resolved dependency: spring-boot-3.5.10.jar
#15 4.920 [INFO] Resolved dependency: junit-platform-engine-1.12.2.jar
#15 4.920 [INFO] Resolved dependency: slf4j-api-2.0.11.jar
#15 4.920 [INFO] Resolved dependency: log4j-api-2.21.1.jar
#15 4.920 [INFO] Resolved dependency: nacos-auth-plugin-3.0.3.jar
#15 4.920 [INFO] Resolved dependency: httpcore5-5.3.4.jar
#15 4.920 [INFO] Resolved dependency: JavaEWAH-1.2.3.jar
#15 4.921 [INFO] Resolved dependency: grpc-protobuf-lite-1.78.0.jar
#15 4.921 [INFO] Resolved dependency: httpclient-4.5.14.jar
#15 4.921 [INFO] Resolved dependency: spring-boot-starter-logging-3.5.0.jar
#15 4.921 [INFO] Resolved dependency: sshd-osgi-2.14.0.jar
#15 4.921 [INFO] Resolved dependency: reactor-netty-core-1.2.6.jar
#15 4.921 [INFO] Resolved dependency: grpc-context-1.78.0.jar
#15 4.921 [INFO] Resolved dependency: tomcat-embed-el-10.1.50.jar
#15 4.921 [INFO] Resolved dependency: grpc-stub-1.63.0.jar
#15 4.921 [INFO] Resolved dependency: grpc-protobuf-1.63.0.jar
#15 4.921 [INFO] Resolved dependency: listenablefuture-9999.0-empty-to-avoid-conflict-with-guava.jar
#15 4.921 [INFO] Resolved dependency: jakarta.xml.bind-api-4.0.4.jar
#15 4.921 [INFO] Resolved dependency: micrometer-commons-1.15.0.jar
#15 4.921 [INFO] Resolved dependency: spring-cloud-starter-4.3.0.jar
#15 4.921 [INFO] Resolved dependency: snakeyaml-2.4.jar
#15 4.921 [INFO] Resolved dependency: netty-resolver-dns-native-macos-4.1.121.Final-osx-x86_64.jar
#15 4.921 [INFO] Resolved dependency: spring-boot-starter-reactor-netty-3.5.0.jar
#15 4.921 [INFO] Resolved dependency: tomcat-embed-core-10.1.41.jar
#15 4.921 [INFO] Resolved dependency: spring-cloud-commons-4.3.0.jar
#15 4.921 [INFO] Resolved dependency: spring-cloud-config-server-4.3.0.jar
#15 4.921 [INFO] Resolved dependency: spring-boot-configuration-processor-3.5.0.jar
#15 4.921 [INFO] Resolved dependency: reactor-netty-http-1.2.6.jar
#15 4.921 [INFO] Resolved dependency: spring-core-6.2.15.jar
#15 4.921 [INFO] Resolved dependency: grpc-stub-1.78.0.jar
#15 4.921 [INFO] Resolved dependency: spring-cloud-loadbalancer-4.3.0.jar
#15 4.921 [INFO] Resolved dependency: asm-9.7.1.jar
#15 4.921 [INFO] Resolved dependency: checker-qual-3.42.0.jar
#15 4.921 [INFO] Resolved dependency: logback-classic-1.5.25.jar
#15 4.921 [INFO] Resolved dependency: spring-boot-starter-data-mongodb-3.5.10.jar
#15 4.921 [INFO] Resolved dependency: sshd-sftp-2.14.0.jar
#15 4.921 [INFO] Resolved dependency: jackson-datatype-jdk8-2.19.4.jar
#15 4.921 [INFO] Resolved dependency: logback-classic-1.5.18.jar
#15 4.921 [INFO] Resolved dependency: protobuf-java-4.33.5.jar
#15 4.921 [INFO] Resolved dependency: spring-jcl-6.2.15.jar
#15 4.921 [INFO] Resolved dependency: bson-5.5.2.jar
#15 4.921 [INFO] Resolved dependency: jackson-core-2.19.4.jar
#15 4.921 [INFO] Resolved dependency: protobuf-java-3.25.3.jar
#15 4.921 [INFO] Resolved dependency: simpleclient_tracer_otel_agent-0.16.0.jar
#15 4.921 [INFO] Resolved dependency: spring-cloud-context-4.3.0.jar
#15 4.921 [INFO] Resolved dependency: byte-buddy-1.17.7.jar
#15 4.921 [INFO] Resolved dependency: perfmark-api-0.27.0.jar
#15 4.922 [INFO] Resolved dependency: jsr305-3.0.2.jar
#15 4.922 [INFO] Resolved dependency: micrometer-core-1.15.0.jar
#15 4.922 [INFO] Resolved dependency: reactor-core-3.7.6.jar
#15 4.922 [INFO] Resolved dependency: jackson-datatype-jsr310-2.19.4.jar
#15 4.922 [INFO] Resolved dependency: jakarta.annotation-api-2.1.1.jar
#15 4.922 [INFO] Resolved dependency: spring-core-6.2.7.jar
#15 4.922 [INFO] Resolved dependency: jackson-databind-2.19.4.jar
#15 4.922 [INFO] Resolved dependency: spring-boot-starter-tomcat-3.5.0.jar
#15 4.922 [INFO] Resolved dependency: spring-boot-starter-webflux-3.5.0.jar
#15 4.922 [INFO] Resolved dependency: nacos-client-basic-3.0.3.jar
#15 4.922 [INFO] Resolved dependency: tomcat-embed-el-10.1.41.jar
#15 4.922 [INFO] Resolved dependency: gson-2.10.1.jar
#15 4.922 [INFO] Resolved dependency: grpc-protobuf-1.78.0.jar
#15 4.922 [INFO] Resolved dependency: netty-codec-dns-4.1.121.Final.jar
#15 4.922 [INFO] Resolved dependency: grpc-server-spring-boot-starter-3.1.0.RELEASE.jar
#15 4.922 [INFO] Resolved dependency: json-path-2.9.0.jar
#15 4.922 [INFO] Resolved dependency: guava-33.5.0-android.jar
#15 4.922 [INFO] Resolved dependency: grpc-common-spring-boot-3.1.0.RELEASE.jar
#15 4.922 [INFO] Resolved dependency: netty-handler-proxy-4.1.121.Final.jar
#15 4.922 [INFO] Resolved dependency: hibernate-validator-8.0.2.Final.jar
#15 4.922 [INFO] Resolved dependency: spring-cloud-config-client-4.3.0.jar
#15 4.922 [INFO] Resolved dependency: reactive-streams-1.0.4.jar
#15 4.922 [INFO] Resolved dependency: netty-codec-socks-4.1.121.Final.jar
#15 4.922 [INFO] Resolved dependency: netty-transport-4.1.121.Final.jar
#15 4.922 [INFO] Resolved dependency: spring-boot-starter-web-3.5.0.jar
#15 4.922 [INFO] Resolved dependency: jackson-core-2.19.0.jar
#15 4.922 [INFO] Resolved dependency: httpclient5-5.4.4.jar
#15 4.922 [INFO] Resolved dependency: netty-resolver-dns-4.1.121.Final.jar
#15 4.922 [INFO] Resolved dependency: slf4j-api-2.0.17.jar
#15 4.922 [INFO] Resolved dependency: log4j-to-slf4j-2.21.1.jar
#15 4.923 [INFO] Resolved dependency: jackson-annotations-2.19.0.jar
#15 4.923 [INFO] Resolved dependency: classmate-1.7.0.jar
#15 4.923 [INFO] Resolved dependency: error_prone_annotations-2.23.0.jar
#15 4.923 [INFO] Resolved dependency: spring-context-6.1.5.jar
#15 4.923 [INFO] Resolved dependency: spring-boot-3.5.0.jar
#15 4.923 [INFO] Resolved dependency: commons-codec-1.18.0.jar
#15 4.923 [INFO] Resolved dependency: mockito-core-5.17.0.jar
#15 4.923 [INFO] Resolved dependency: javax.annotation-api-1.3.2.jar
#15 4.924 [INFO] Resolved dependency: jul-to-slf4j-2.0.17.jar
#15 4.924 [INFO] Resolved dependency: spring-boot-test-3.5.10.jar
#15 4.924 [INFO] Resolved dependency: spring-boot-starter-3.5.10.jar
#15 4.924 [INFO] Resolved dependency: grpc-inprocess-1.63.0.jar
#15 4.924 [INFO] Resolved dependency: jackson-module-parameter-names-2.19.4.jar
#15 4.924 [INFO] Resolved dependency: netty-transport-native-epoll-4.1.121.Final-linux-x86_64.jar
#15 4.924 [INFO] Resolved dependency: spring-webflux-6.2.7.jar
#15 4.924 [INFO] Resolved dependency: spring-webmvc-6.2.7.jar
#15 4.924 [INFO] Resolved dependency: org.eclipse.jgit.http.apache-6.10.1.202505221210-r.jar
#15 4.924 [INFO] Resolved dependency: commons-logging-1.2.jar
#15 4.924 [INFO] Resolved dependency: opentest4j-1.3.0.jar
#15 4.924 [INFO] Resolved dependency: junit-jupiter-engine-5.12.2.jar
#15 4.924 [INFO] Resolved dependency: spring-context-6.2.15.jar
#15 4.924 [INFO] Resolved dependency: netty-codec-http-4.1.121.Final.jar
#15 4.924 [INFO] Resolved dependency: spring-expression-6.2.15.jar
#15 4.924 [INFO] Resolved dependency: error_prone_annotations-2.44.0.jar
#15 4.924 [INFO] Resolved dependency: mongodb-driver-core-5.5.2.jar
#15 4.924 [INFO] Resolved dependency: failureaccess-1.0.2.jar
#15 4.924 [INFO] Resolved dependency: simpleclient_tracer_common-0.16.0.jar
#15 4.924 [INFO] Resolved dependency: proto-google-common-protos-2.29.0.jar
#15 4.924 [INFO] Resolved dependency: spring-aop-6.2.15.jar
#15 4.924 [INFO] Resolved dependency: spring-beans-6.2.15.jar
#15 4.924 [INFO] Resolved dependency: tomcat-embed-websocket-10.1.41.jar
#15 4.924 [INFO] Resolved dependency: spring-beans-6.1.5.jar
#15 4.924 [INFO] Resolved dependency: spring-boot-test-autoconfigure-3.5.10.jar
#15 4.924 [INFO] Resolved dependency: jackson-datatype-jsr310-2.19.0.jar
#15 4.924 [INFO] Resolved dependency: netty-transport-classes-epoll-4.1.121.Final.jar
#15 4.924 [INFO] Resolved dependency: spring-boot-starter-test-3.5.10.jar
#15 4.924 [INFO] Resolved dependency: spring-boot-autoconfigure-3.5.0.jar
#15 4.924 [INFO] Resolved dependency: spring-web-6.2.7.jar
#15 4.924 [INFO] Resolved dependency: eddsa-0.3.0.jar
#15 4.924 [INFO] Resolved dependency: junit-platform-commons-1.12.2.jar
#15 4.924 [INFO] Resolved dependency: HdrHistogram-2.2.2.jar
#15 4.924 [INFO] Resolved dependency: spring-boot-autoconfigure-3.2.4.jar
#15 4.924 [INFO] Resolved dependency: netty-codec-4.1.121.Final.jar
#15 4.924 [INFO] Resolved dependency: grpc-netty-shaded-1.63.0.jar
#15 4.924 [INFO] Resolved dependency: failureaccess-1.0.3.jar
#15 4.924 [INFO] Resolved dependency: spring-aop-6.1.5.jar
#15 4.924 [INFO] Resolved dependency: annotations-4.1.1.4.jar
#15 4.924 [INFO] Resolved dependency: spring-jcl-6.1.5.jar
#15 4.924 [INFO] Resolved dependency: spring-security-crypto-6.5.0.jar
#15 4.924 [INFO] Resolved dependency: bcprov-jdk18on-1.80.jar
#15 4.924 [INFO] Resolved dependency: animal-sniffer-annotations-1.26.jar
#15 4.924 [INFO] Resolved dependency: spring-expression-6.1.5.jar
#15 4.924 [INFO] Resolved dependency: protobuf-java-3.25.8.jar
#15 4.924 [INFO] Resolved dependency: proto-google-common-protos-2.63.1.jar
#15 4.924 [INFO] Resolved dependency: grpc-core-1.78.0.jar
#15 4.924 [INFO] Resolved dependency: org.eclipse.jgit.ssh.apache-6.10.1.202505221210-r.jar
#15 4.924 [INFO] Resolved dependency: log4j-api-2.24.3.jar
#15 4.924 [INFO] Resolved dependency: spring-boot-actuator-autoconfigure-3.5.0.jar
#15 4.924 [INFO] Resolved dependency: spring-boot-autoconfigure-3.5.10.jar
#15 4.924 [INFO] Resolved dependency: spring-tx-6.2.15.jar
#15 4.924 [INFO] Resolved dependency: grpc-context-1.63.0.jar
#15 4.924 [INFO] Resolved dependency: protobuf-java-util-3.25.3.jar
#15 4.924 [INFO] Resolved dependency: spring-boot-starter-logging-3.2.4.jar
#15 4.925 [INFO] Resolved dependency: objenesis-3.3.jar
#15 4.925 [INFO] Resolved dependency: spring-data-mongodb-4.5.8.jar
#15 4.925 [INFO] Resolved dependency: spring-boot-starter-validation-3.5.0.jar
#15 4.925 [INFO] Resolved dependency: j2objc-annotations-3.1.jar
#15 4.925 [INFO] Resolved dependency: jul-to-slf4j-2.0.12.jar
#15 4.925 [INFO] Resolved dependency: mapstruct-1.6.3.jar
#15 4.925 [INFO] Resolved dependency: jcl-over-slf4j-2.0.17.jar
#15 4.925 [INFO] Resolved dependency: org.eclipse.jgit-6.10.1.202505221210-r.jar
#15 4.925 [INFO] Resolved dependency: mockito-junit-jupiter-5.17.0.jar
#15 4.925 [INFO] Resolved dependency: jackson-databind-2.19.0.jar
#15 4.925 [INFO] Resolved dependency: micrometer-commons-1.14.14.jar
#15 4.925 [INFO] Resolved dependency: netty-codec-http2-4.1.121.Final.jar
#15 4.925 [INFO] Resolved dependency: logback-classic-1.4.14.jar
#15 4.925 [INFO] Resolved dependency: httpcore-4.4.16.jar
#15 4.925 [INFO] Resolved dependency: logback-core-1.5.25.jar
#15 4.925 [INFO] Resolved dependency: spring-boot-starter-json-3.5.0.jar
#15 4.925 [INFO] Resolved dependency: grpc-protobuf-lite-1.63.0.jar
#15 4.925 [INFO] Resolved dependency: grpc-core-1.63.0.jar
#15 4.925 [INFO] Resolved dependency: jsonassert-1.5.3.jar
#15 4.925 [INFO] Resolved dependency: lombok-1.18.42.jar
#15 4.925 [INFO] Resolved dependency: micrometer-observation-1.15.0.jar
#15 4.925 [INFO] Resolved dependency: jackson-module-parameter-names-2.19.0.jar
#15 4.925 [INFO] Resolved dependency: spring-core-6.1.5.jar
#15 4.925 [INFO] Resolved dependency: logback-core-1.5.18.jar
#15 4.925 [INFO] Resolved dependency: jakarta.validation-api-3.0.2.jar
#15 4.925 [INFO] Resolved dependency: micrometer-observation-1.12.4.jar
#15 4.925 [INFO] Resolved dependency: simpleclient-0.16.0.jar
#15 4.925 [INFO] Resolved dependency: spring-boot-3.2.4.jar
#15 4.925 [INFO] Resolved dependency: spring-cloud-alibaba-commons-2025.0.0.0.jar
#15 4.925 [INFO] Resolved dependency: simpleclient_tracer_otel-0.16.0.jar
#15 4.925 [INFO] Resolved dependency: xmlunit-core-2.10.4.jar
#15 4.925 [INFO] Resolved dependency: netty-buffer-4.1.121.Final.jar
#15 4.925 [INFO] Resolved dependency: spring-context-6.2.7.jar
#15 4.925 [INFO] Resolved dependency: netty-resolver-dns-classes-macos-4.1.121.Final.jar
#15 4.925 [INFO] Resolved dependency: awaitility-4.2.2.jar
#15 4.925 [INFO] Resolved dependency: spring-boot-starter-logging-3.5.10.jar
#15 4.925 [INFO] Resolved dependency: perfmark-api-0.26.0.jar
#15 4.925 [INFO] Resolved dependency: micrometer-observation-1.14.14.jar
#15 4.926 [INFO] Resolved dependency: spring-boot-actuator-3.5.0.jar
#15 4.926 [INFO] Resolved dependency: httpcore5-h2-5.3.4.jar
#15 4.926 [INFO] Resolved dependency: logback-core-1.4.14.jar
#15 4.926 [INFO] Resolved dependency: nacos-log4j2-adapter-3.0.3.jar
#15 4.926 [INFO] Resolved dependency: animal-sniffer-annotations-1.23.jar
#15 4.926 [INFO] Resolved dependency: j2objc-annotations-2.8.jar
#15 4.926 [INFO] Resolved dependency: tomcat-embed-websocket-10.1.50.jar
#15 4.926 [INFO] Resolved dependency: spring-boot-starter-3.5.0.jar
#15 4.926 [INFO] Resolved dependency: spring-web-6.2.15.jar
#15 4.926 [INFO] Resolved dependency: jakarta.activation-api-2.1.4.jar
#15 4.926 [INFO] Resolved dependency: jackson-dataformat-yaml-2.19.0.jar
#15 4.926 [INFO] Resolved dependency: apiguardian-api-1.1.2.jar
#15 4.926 [INFO] Resolved dependency: byte-buddy-agent-1.15.11.jar
#15 4.926 [INFO] Resolved dependency: LatencyUtils-2.0.3.jar
#15 4.926 [INFO] Resolved dependency: mongodb-driver-sync-5.5.2.jar
#15 4.926 [INFO] Resolved dependency: jackson-annotations-2.19.4.jar
#15 4.926 [INFO] Resolved dependency: bson-record-codec-5.5.2.jar
#15 4.926 [INFO] Resolved dependency: netty-resolver-4.1.121.Final.jar
#15 4.926 [INFO] Resolved dependency: android-json-0.0.20131108.vaadin1.jar
#15 4.926 [INFO] Resolved dependency: grpc-client-spring-boot-starter-3.1.0.RELEASE.jar
#15 4.926 [INFO] Resolved dependency: spring-webmvc-6.2.15.jar
#15 4.927 [INFO] ------------------------------------------------------------------------
#15 4.927 [INFO] BUILD SUCCESS
#15 4.927 [INFO] ------------------------------------------------------------------------
#15 4.929 [INFO] Total time:  3.168 s
#15 4.929 [INFO] Finished at: 2026-08-26T07:33:56Z
#15 4.929 [INFO] ------------------------------------------------------------------------
#15 DONE 5.0s

#13 [stage-1 4/8] ADD --chmod=644     https://github.com/open-telemetry/opentelemetry-java-instrumentation/releases/download/v2.23.0/opentelemetry-javaagent.jar     /app/opentelemetry-javaagent.jar
#13 ...

#16 [builder  9/12] COPY src ./src
#16 DONE 0.1s

#17 [builder 10/12] COPY target/generated-sources ./target/generated-sources
#17 DONE 0.1s

#18 [builder 11/12] RUN --mount=type=cache,target=/root/.m2     ./mvnw -B package -DskipTests $([ -n "$MAVEN_MIRROR_URL" ] && echo "-s /tmp/settings.xml")
#18 1.695 [INFO] Scanning for projects...
#18 2.103 [INFO] ------------------------------------------------------------------------
#18 2.103 [INFO] Detecting the operating system and CPU architecture
#18 2.103 [INFO] ------------------------------------------------------------------------
#18 2.104 [INFO] os.detected.name: linux
#18 2.104 [INFO] os.detected.arch: x86_64
#18 2.104 [INFO] os.detected.bitness: 64
#18 2.104 [INFO] os.detected.version: 5.15
#18 2.104 [INFO] os.detected.version.major: 5
#18 2.104 [INFO] os.detected.version.minor: 15
#18 2.105 [INFO] os.detected.release: ubuntu
#18 2.105 [INFO] os.detected.release.version: 26.04
#18 2.105 [INFO] os.detected.release.like.ubuntu: true
#18 2.105 [INFO] os.detected.release.like.debian: true
#18 2.105 [INFO] os.detected.classifier: linux-x86_64
#18 2.124 [INFO] 
#18 2.125 [INFO] ------------------------< org.tripsphere:hotel >------------------------
#18 2.125 [INFO] Building trip-hotel-service 0.1.0
#18 2.125 [INFO]   from pom.xml
#18 2.125 [INFO] --------------------------------[ jar ]---------------------------------
#18 2.798 [INFO] 
#18 2.798 [INFO] --- build-helper:3.3.0:add-source (add-sources) @ hotel ---
#18 3.020 [INFO] Source directory: /app/target/generated-sources/protobuf/java added.
#18 3.020 [INFO] Source directory: /app/target/generated-sources/protobuf/grpc-java added.
#18 3.020 [INFO] 
#18 3.020 [INFO] --- spring-boot:3.5.10:build-info (default) @ hotel ---
#18 3.206 [INFO] 
#18 3.206 [INFO] --- resources:3.3.1:resources (default-resources) @ hotel ---
#18 3.274 [INFO] Copying 1 resource from src/main/resources to target/classes
#18 3.287 [INFO] Copying 0 resource from src/main/resources to target/classes
#18 3.288 [INFO] 
#18 3.288 [INFO] --- compiler:3.11.0:compile (default-compile) @ hotel ---
#18 3.438 [INFO] Changes detected - recompiling the module! :source
#18 3.442 [INFO] Compiling 446 source files with javac [debug release 21] to target/classes
#18 19.70 [INFO] 
#18 19.70 [INFO] --- resources:3.3.1:testResources (default-testResources) @ hotel ---
#18 19.70 [INFO] skip non existing resourceDirectory /app/src/test/resources
#18 19.70 [INFO] 
#18 19.70 [INFO] --- compiler:3.11.0:testCompile (default-testCompile) @ hotel ---
#18 19.71 [INFO] Changes detected - recompiling the module! :dependency
#18 19.71 [INFO] Compiling 2 source files with javac [debug release 21] to target/test-classes
#18 20.15 [INFO] 
#18 20.15 [INFO] --- surefire:3.5.4:test (default-test) @ hotel ---
#18 20.25 [INFO] Tests are skipped.
#18 20.25 [INFO] 
#18 20.25 [INFO] --- jar:3.4.2:jar (default-jar) @ hotel ---
#18 20.67 [INFO] Building jar: /app/target/hotel-0.1.0.jar
#18 20.83 [INFO] 
#18 20.83 [INFO] --- spring-boot:3.5.10:repackage (repackage) @ hotel ---
#18 21.58 [INFO] Replacing main artifact /app/target/hotel-0.1.0.jar with repackaged archive, adding nested dependencies in BOOT-INF/.
#18 21.58 [INFO] The original artifact has been renamed to /app/target/hotel-0.1.0.jar.original
#18 21.58 [INFO] ------------------------------------------------------------------------
#18 21.58 [INFO] BUILD SUCCESS
#18 21.58 [INFO] ------------------------------------------------------------------------
#18 21.58 [INFO] Total time:  19.913 s
#18 21.58 [INFO] Finished at: 2026-08-26T07:34:18Z
#18 21.58 [INFO] ------------------------------------------------------------------------
#18 DONE 22.0s

#13 [stage-1 4/8] ADD --chmod=644     https://github.com/open-telemetry/opentelemetry-java-instrumentation/releases/download/v2.23.0/opentelemetry-javaagent.jar     /app/opentelemetry-javaagent.jar
#13 ...

#19 [builder 12/12] RUN java -Djarmode=tools -jar target/hotel-*.jar extract --layers --launcher --destination extracted/
#19 DONE 1.5s

#13 [stage-1 4/8] ADD --chmod=644     https://github.com/open-telemetry/opentelemetry-java-instrumentation/releases/download/v2.23.0/opentelemetry-javaagent.jar     /app/opentelemetry-javaagent.jar
#13 DONE 115.4s

#20 [stage-1 5/8] COPY --from=builder --chown=nonroot:nonroot /app/extracted/dependencies/ ./
#20 CACHED

#21 [stage-1 6/8] COPY --from=builder --chown=nonroot:nonroot /app/extracted/spring-boot-loader/ ./
#21 CACHED

#22 [stage-1 2/8] WORKDIR /app
#22 CACHED

#23 [stage-1 3/8] RUN addgroup --system nonroot && adduser --system nonroot --ingroup nonroot
#23 CACHED

#24 [stage-1 4/8] ADD --chmod=644     https://github.com/open-telemetry/opentelemetry-java-instrumentation/releases/download/v2.23.0/opentelemetry-javaagent.jar     /app/opentelemetry-javaagent.jar
#24 CACHED

#25 [stage-1 7/8] COPY --from=builder --chown=nonroot:nonroot /app/extracted/snapshot-dependencies/ ./
#25 CACHED

#26 [stage-1 8/8] COPY --from=builder --chown=nonroot:nonroot /app/extracted/application/ ./
#26 DONE 0.2s

#27 exporting to image
#27 exporting layers
#27 exporting layers 0.2s done
#27 writing image sha256:160ad72528881ccfdf4d5f4faa435ad1fbc9b602c23bada3bce116ba43b01517 done
#27 naming to docker.io/tripsphere/trip-hotel-service:latest done
#27 DONE 0.2s
task: [inventory:build] docker build . -t tripsphere/trip-inventory-service:latest
#0 building with "default" instance using docker driver

#1 [internal] load build definition from Dockerfile
#1 transferring dockerfile: 2.12kB done
#1 DONE 0.0s

#2 [internal] load metadata for docker.io/library/eclipse-temurin:21-jdk
#2 DONE 0.3s

#3 [internal] load metadata for docker.io/library/eclipse-temurin:21-jre
#3 DONE 1.1s

#4 [internal] load .dockerignore
#4 transferring context: 534B done
#4 DONE 0.0s

#5 [builder  1/12] FROM docker.io/library/eclipse-temurin:21-jdk@sha256:85f00967bcc624fc19fa9c2cf124ea426a5363898e267141726f31f358c2e14b
#5 DONE 0.0s

#6 [stage-1 1/8] FROM docker.io/library/eclipse-temurin:21-jre@sha256:7a65df4b22d2de92d4e04056e884f3b9122d70b21e2847fd66084278bd0ce037
#6 DONE 0.0s

#7 [internal] load build context
#7 transferring context: 5.94MB 0.1s done
#7 DONE 0.2s

#8 [builder  3/12] COPY .mvn/ .mvn/
#8 CACHED

#9 [builder  4/12] COPY mvnw mvnw.cmd ./
#9 CACHED

#10 [builder  2/12] WORKDIR /app
#10 CACHED

#11 [builder  5/12] RUN chmod +x mvnw
#11 CACHED

#12 [builder  6/12] COPY pom.xml ./
#12 DONE 0.1s

#13 [stage-1 4/8] ADD --chmod=644     https://github.com/open-telemetry/opentelemetry-java-instrumentation/releases/download/v2.23.0/opentelemetry-javaagent.jar     /app/opentelemetry-javaagent.jar
#13 DONE 0.5s

#14 [builder  7/12] RUN <<EOF cat > /tmp/settings.xml
#14 DONE 0.3s

#15 [builder  8/12] RUN --mount=type=cache,target=/root/.m2     ./mvnw -B dependency:go-offline $([ -n "$MAVEN_MIRROR_URL" ] && echo "-s /tmp/settings.xml")
#15 1.900 [INFO] Scanning for projects...
#15 2.308 [INFO] ------------------------------------------------------------------------
#15 2.308 [INFO] Detecting the operating system and CPU architecture
#15 2.308 [INFO] ------------------------------------------------------------------------
#15 2.309 [INFO] os.detected.name: linux
#15 2.309 [INFO] os.detected.arch: x86_64
#15 2.309 [INFO] os.detected.bitness: 64
#15 2.309 [INFO] os.detected.version: 5.15
#15 2.309 [INFO] os.detected.version.major: 5
#15 2.309 [INFO] os.detected.version.minor: 15
#15 2.310 [INFO] os.detected.release: ubuntu
#15 2.310 [INFO] os.detected.release.version: 26.04
#15 2.310 [INFO] os.detected.release.like.ubuntu: true
#15 2.310 [INFO] os.detected.release.like.debian: true
#15 2.310 [INFO] os.detected.classifier: linux-x86_64
#15 2.597 [INFO] 
#15 2.597 [INFO] ----------------------< org.tripsphere:inventory >----------------------
#15 2.597 [INFO] Building trip-inventory-service 0.1.0
#15 2.597 [INFO]   from pom.xml
#15 2.597 [INFO] --------------------------------[ jar ]---------------------------------
#15 2.603 [INFO] 
#15 2.603 [INFO] --- dependency:3.8.1:go-offline (default-cli) @ inventory ---
#15 4.754 [INFO] Resolved plugin: jetty-servlet-9.4.46.v20220331.jar
#15 4.754 [INFO] Resolved plugin: maven-install-plugin-3.1.4.jar
#15 4.755 [INFO] Resolved plugin: durian-collect-1.2.0.jar
#15 4.755 [INFO] Resolved plugin: maven-compiler-plugin-3.11.0.jar
#15 4.755 [INFO] Resolved plugin: asm-9.7.jar
#15 4.755 [INFO] Resolved plugin: doxia-module-twiki-1.11.1.jar
#15 4.755 [INFO] Resolved plugin: velocity-tools-2.0.jar
#15 4.755 [INFO] Resolved plugin: flexmark-ext-gfm-tasklist-0.42.14.jar
#15 4.755 [INFO] Resolved plugin: maven-resolver-api-1.9.22.jar
#15 4.755 [INFO] Resolved plugin: flexmark-ext-admonition-0.42.14.jar
#15 4.755 [INFO] Resolved plugin: org.eclipse.jgit-6.7.0.202309050840-r.jar
#15 4.755 [INFO] Resolved plugin: spotless-maven-plugin-2.43.0.jar
#15 4.755 [INFO] Resolved plugin: maven-core-3.2.5.jar
#15 4.755 [INFO] Resolved plugin: flexmark-ext-footnotes-0.42.14.jar
#15 4.755 [INFO] Resolved plugin: flexmark-ext-gfm-strikethrough-0.42.14.jar
#15 4.755 [INFO] Resolved plugin: okhttp-4.12.0.jar
#15 4.755 [INFO] Resolved plugin: maven-repository-metadata-3.0.jar
#15 4.755 [INFO] Resolved plugin: flexmark-ext-media-tags-0.42.14.jar
#15 4.755 [INFO] Resolved plugin: doxia-module-xhtml-1.11.1.jar
#15 4.755 [INFO] Resolved plugin: maven-shared-utils-3.0.0.jar
#15 4.755 [INFO] Resolved plugin: maven-shared-io-3.0.0.jar
#15 4.755 [INFO] Resolved plugin: flexmark-util-0.42.14.jar
#15 4.755 [INFO] Resolved plugin: flexmark-ext-anchorlink-0.42.14.jar
#15 4.755 [INFO] Resolved plugin: aether-api-1.7.jar
#15 4.755 [INFO] Resolved plugin: maven-resolver-util-1.9.22.jar
#15 4.755 [INFO] Resolved plugin: aether-api-1.0.0.v20140518.jar
#15 4.755 [INFO] Resolved plugin: autolink-0.6.0.jar
#15 4.755 [INFO] Resolved plugin: maven-filtering-3.3.1.jar
#15 4.755 [INFO] Resolved plugin: sisu-guice-2.1.7-noaop.jar
#15 4.755 [INFO] Resolved plugin: asm-commons-9.7.jar
#15 4.755 [INFO] Resolved plugin: maven-archiver-3.6.2.jar
#15 4.755 [INFO] Resolved plugin: doxia-skin-model-1.11.1.jar
#15 4.755 [INFO] Resolved plugin: dom4j-1.1.jar
#15 4.755 [INFO] Resolved plugin: bsh-2.0b6.jar
#15 4.755 [INFO] Resolved plugin: commons-io-2.16.1.jar
#15 4.755 [INFO] Resolved plugin: spring-boot-buildpack-platform-3.5.10.jar
#15 4.756 [INFO] Resolved plugin: flexmark-youtrack-converter-0.42.14.jar
#15 4.756 [INFO] Resolved plugin: maven-aether-provider-3.0.jar
#15 4.756 [INFO] Resolved plugin: surefire-extensions-api-3.5.4.jar
#15 4.756 [INFO] Resolved plugin: tomlj-1.0.0.jar
#15 4.756 [INFO] Resolved plugin: httpclient-4.5.13.jar
#15 4.756 [INFO] Resolved plugin: flexmark-ext-toc-0.42.14.jar
#15 4.756 [INFO] Resolved plugin: plexus-interpolation-1.14.jar
#15 4.756 [INFO] Resolved plugin: qdox-2.0.3.jar
#15 4.756 [INFO] Resolved plugin: surefire-api-3.5.4.jar
#15 4.756 [INFO] Resolved plugin: plexus-compiler-manager-2.13.0.jar
#15 4.756 [INFO] Resolved plugin: asm-9.8.jar
#15 4.756 [INFO] Resolved plugin: spotless-lib-extra-2.45.0.jar
#15 4.756 [INFO] Resolved plugin: jetty-http-9.4.46.v20220331.jar
#15 4.756 [INFO] Resolved plugin: plexus-classworlds-2.2.3.jar
#15 4.756 [INFO] Resolved plugin: flexmark-jira-converter-0.42.14.jar
#15 4.756 [INFO] Resolved plugin: maven-reporting-api-3.1.1.jar
#15 4.756 [INFO] Resolved plugin: maven-plugin-api-3.2.5.jar
#15 4.756 [INFO] Resolved plugin: commons-codec-1.17.1.jar
#15 4.756 [INFO] Resolved plugin: sisu-guice-3.2.3-no_aop.jar
#15 4.756 [INFO] Resolved plugin: flexmark-ext-attributes-0.42.14.jar
#15 4.756 [INFO] Resolved plugin: commons-lang3-3.8.1.jar
#15 4.756 [INFO] Resolved plugin: maven-aether-provider-3.2.5.jar
#15 4.756 [INFO] Resolved plugin: aether-util-1.0.0.v20140518.jar
#15 4.756 [INFO] Resolved plugin: jetty-security-9.4.46.v20220331.jar
#15 4.756 [INFO] Resolved plugin: httpclient5-5.5.2.jar
#15 4.756 [INFO] Resolved plugin: JavaEWAH-1.2.3.jar
#15 4.756 [INFO] Resolved plugin: maven-common-artifact-filters-3.4.0.jar
#15 4.756 [INFO] Resolved plugin: plexus-compiler-api-2.13.0.jar
#15 4.757 [INFO] Resolved plugin: aether-impl-1.7.jar
#15 4.757 [INFO] Resolved plugin: jsr305-2.0.1.jar
#15 4.757 [INFO] Resolved plugin: org.eclipse.sisu.plexus-0.3.5.jar
#15 4.757 [INFO] Resolved plugin: doxia-core-1.11.1.jar
#15 4.757 [INFO] Resolved plugin: kotlin-stdlib-jdk8-1.8.21.jar
#15 4.757 [INFO] Resolved plugin: flexmark-ext-ins-0.42.14.jar
#15 4.757 [INFO] Resolved plugin: maven-artifact-3.0.jar
#15 4.757 [INFO] Resolved plugin: google-collections-1.0.jar
#15 4.757 [INFO] Resolved plugin: plexus-java-1.1.2.jar
#15 4.757 [INFO] Resolved plugin: flexmark-ext-emoji-0.42.14.jar
#15 4.757 [INFO] Resolved plugin: maven-resolver-api-1.4.1.jar
#15 4.757 [INFO] Resolved plugin: doxia-integration-tools-1.11.1.jar
#15 4.757 [INFO] Resolved plugin: durian-io-1.2.0.jar
#15 4.757 [INFO] Resolved plugin: plexus-component-annotations-1.5.5.jar
#15 4.757 [INFO] Resolved plugin: spring-core-6.2.15.jar
#15 4.757 [INFO] Resolved plugin: maven-repository-metadata-3.2.5.jar
#15 4.757 [INFO] Resolved plugin: flexmark-ext-jekyll-front-matter-0.42.14.jar
#15 4.757 [INFO] Resolved plugin: doxia-decoration-model-1.11.1.jar
#15 4.757 [INFO] Resolved plugin: flexmark-all-0.42.14.jar
#15 4.757 [INFO] Resolved plugin: plexus-utils-3.5.0.jar
#15 4.757 [INFO] Resolved plugin: maven-shared-incremental-1.1.jar
#15 4.757 [INFO] Resolved plugin: file-management-3.1.0.jar
#15 4.757 [INFO] Resolved plugin: commons-compress-1.26.1.jar
#15 4.757 [INFO] Resolved plugin: spring-jcl-6.2.15.jar
#15 4.757 [INFO] Resolved plugin: jetty-webapp-9.4.46.v20220331.jar
#15 4.758 [INFO] Resolved plugin: solstice-1.7.5.jar
#15 4.758 [INFO] Resolved plugin: wagon-provider-api-2.10.jar
#15 4.758 [INFO] Resolved plugin: kotlin-stdlib-jdk7-1.8.21.jar
#15 4.758 [INFO] Resolved plugin: plexus-io-3.2.0.jar
#15 4.758 [INFO] Resolved plugin: xbean-reflect-3.7.jar
#15 4.758 [INFO] Resolved plugin: maven-reporting-exec-1.6.0.jar
#15 4.758 [INFO] Resolved plugin: doxia-sink-api-1.11.1.jar
#15 4.758 [INFO] Resolved plugin: jetty-xml-9.4.46.v20220331.jar
#15 4.758 [INFO] Resolved plugin: plexus-velocity-1.2.jar
#15 4.758 [INFO] Resolved plugin: plexus-container-default-2.1.0.jar
#15 4.758 [INFO] Resolved plugin: jackson-core-2.19.4.jar
#15 4.758 [INFO] Resolved plugin: commons-codec-1.11.jar
#15 4.758 [INFO] Resolved plugin: plexus-resources-1.2.0.jar
#15 4.758 [INFO] Resolved plugin: snappy-0.4.jar
#15 4.758 [INFO] Resolved plugin: maven-deploy-plugin-3.1.4.jar
#15 4.758 [INFO] Resolved plugin: jsr305-3.0.2.jar
#15 4.758 [INFO] Resolved plugin: plexus-compiler-javac-2.13.0.jar
#15 4.758 [INFO] Resolved plugin: plexus-build-api-0.0.7.jar
#15 4.758 [INFO] Resolved plugin: doxia-module-fml-1.11.1.jar
#15 4.758 [INFO] Resolved plugin: commons-digester-1.8.jar
#15 4.758 [INFO] Resolved plugin: jetty-server-9.4.46.v20220331.jar
#15 4.758 [INFO] Resolved plugin: org.eclipse.osgi-3.18.300.jar
#15 4.758 [INFO] Resolved plugin: flexmark-ext-abbreviation-0.42.14.jar
#15 4.758 [INFO] Resolved plugin: maven-archiver-3.5.2.jar
#15 4.758 [INFO] Resolved plugin: jackson-databind-2.19.4.jar
#15 4.758 [INFO] Resolved plugin: zstd-jni-1.5.5-11.jar
#15 4.758 [INFO] Resolved plugin: flexmark-ext-definition-0.42.14.jar
#15 4.758 [INFO] Resolved plugin: doxia-logging-api-1.11.1.jar
#15 4.758 [INFO] Resolved plugin: plexus-xml-3.0.1.jar
#15 4.758 [INFO] Resolved plugin: maven-surefire-plugin-3.5.4.jar
#15 4.758 [INFO] Resolved plugin: flexmark-ext-yaml-front-matter-0.42.14.jar
#15 4.758 [INFO] Resolved plugin: jna-5.17.0.jar
#15 4.758 [INFO] Resolved plugin: maven-site-plugin-3.12.1.jar
#15 4.758 [INFO] Resolved plugin: flexmark-ext-superscript-0.42.14.jar
#15 4.758 [INFO] Resolved plugin: commons-collections-3.2.2.jar
#15 4.758 [INFO] Resolved plugin: surefire-shared-utils-3.5.4.jar
#15 4.758 [INFO] Resolved plugin: doxia-module-markdown-1.11.1.jar
#15 4.758 [INFO] Resolved plugin: flexmark-ext-xwiki-macros-0.42.14.jar
#15 4.758 [INFO] Resolved plugin: concurrent-trees-2.6.1.jar
#15 4.758 [INFO] Resolved plugin: commons-compress-1.20.jar
#15 4.758 [INFO] Resolved plugin: maven-resources-plugin-3.3.1.jar
#15 4.758 [INFO] Resolved plugin: velocity-1.7.jar
#15 4.759 [INFO] Resolved plugin: asm-9.4.jar
#15 4.759 [INFO] Resolved plugin: plexus-utils-3.5.1.jar
#15 4.759 [INFO] Resolved plugin: slf4j-api-1.7.32.jar
#15 4.759 [INFO] Resolved plugin: surefire-extensions-spi-3.5.4.jar
#15 4.759 [INFO] Resolved plugin: aopalliance-1.0.jar
#15 4.759 [INFO] Resolved plugin: maven-model-3.0.jar
#15 4.759 [INFO] Resolved plugin: aether-spi-1.0.0.v20140518.jar
#15 4.759 [INFO] Resolved plugin: plexus-interpolation-1.26.jar
#15 4.759 [INFO] Resolved plugin: maven-settings-builder-3.2.5.jar
#15 4.759 [INFO] Resolved plugin: httpcore-4.4.14.jar
#15 4.759 [INFO] Resolved plugin: commons-lang3-3.12.0.jar
#15 4.759 [INFO] Resolved plugin: maven-model-builder-3.0.jar
#15 4.759 [INFO] Resolved plugin: maven-surefire-common-3.5.4.jar
#15 4.759 [INFO] Resolved plugin: maven-artifact-3.2.5.jar
#15 4.759 [INFO] Resolved plugin: flexmark-ext-enumerated-reference-0.42.14.jar
#15 4.759 [INFO] Resolved plugin: plexus-component-annotations-2.1.1.jar
#15 4.759 [INFO] Resolved plugin: commons-io-2.4.jar
#15 4.759 [INFO] Resolved plugin: jackson-module-parameter-names-2.19.4.jar
#15 4.759 [INFO] Resolved plugin: durian-swt.os-4.2.2.jar
#15 4.759 [INFO] Resolved plugin: plexus-utils-3.0.24.jar
#15 4.759 [INFO] Resolved plugin: asm-tree-9.7.jar
#15 4.759 [INFO] Resolved plugin: okio-jvm-3.6.0.jar
#15 4.759 [INFO] Resolved plugin: commons-logging-1.2.jar
#15 4.759 [INFO] Resolved plugin: flexmark-ext-escaped-character-0.42.14.jar
#15 4.759 [INFO] Resolved plugin: jdependency-2.10.jar
#15 4.759 [INFO] Resolved plugin: plexus-cipher-1.4.jar
#15 4.759 [INFO] Resolved plugin: httpcore5-h2-5.3.6.jar
#15 4.759 [INFO] Resolved plugin: spring-boot-maven-plugin-3.5.10.jar
#15 4.759 [INFO] Resolved plugin: flexmark-0.42.14.jar
#15 4.759 [INFO] Resolved plugin: spring-context-6.2.15.jar
#15 4.759 [INFO] Resolved plugin: plexus-utils-3.4.2.jar
#15 4.759 [INFO] Resolved plugin: flexmark-ext-aside-0.42.14.jar
#15 4.759 [INFO] Resolved plugin: flexmark-ext-wikilink-0.42.14.jar
#15 4.759 [INFO] Resolved plugin: spring-expression-6.2.15.jar
#15 4.759 [INFO] Resolved plugin: surefire-logger-api-3.5.4.jar
#15 4.759 [INFO] Resolved plugin: org.eclipse.sisu.inject-0.3.5.jar
#15 4.759 [INFO] Resolved plugin: plexus-io-3.4.2.jar
#15 4.760 [INFO] Resolved plugin: maven-settings-3.0.jar
#15 4.760 [INFO] Resolved plugin: maven-plugin-api-3.0.jar
#15 4.760 [INFO] Resolved plugin: flexmark-ext-gfm-tables-0.42.14.jar
#15 4.760 [INFO] Resolved plugin: sisu-inject-bean-1.4.2.jar
#15 4.760 [INFO] Resolved plugin: spring-aop-6.2.15.jar
#15 4.760 [INFO] Resolved plugin: spring-beans-6.2.15.jar
#15 4.760 [INFO] Resolved plugin: antlr4-runtime-4.7.2.jar
#15 4.760 [INFO] Resolved plugin: plexus-interpolation-1.27.jar
#15 4.760 [INFO] Resolved plugin: commons-io-2.11.0.jar
#15 4.760 [INFO] Resolved plugin: okio-3.6.0.jar
#15 4.760 [INFO] Resolved plugin: jetty-io-9.4.46.v20220331.jar
#15 4.760 [INFO] Resolved plugin: cdi-api-1.2.jar
#15 4.760 [INFO] Resolved plugin: commons-chain-1.1.jar
#15 4.760 [INFO] Resolved plugin: commons-codec-1.16.1.jar
#15 4.760 [INFO] Resolved plugin: flexmark-html-parser-0.42.14.jar
#15 4.760 [INFO] Resolved plugin: javax.inject-1.jar
#15 4.760 [INFO] Resolved plugin: kotlin-stdlib-common-1.9.10.jar
#15 4.760 [INFO] Resolved plugin: maven-shared-utils-3.3.4.jar
#15 4.760 [INFO] Resolved plugin: javax.servlet-api-3.1.0.jar
#15 4.760 [INFO] Resolved plugin: jetty-util-ajax-9.4.46.v20220331.jar
#15 4.760 [INFO] Resolved plugin: maven-settings-3.2.5.jar
#15 4.760 [INFO] Resolved plugin: jsoup-1.10.2.jar
#15 4.760 [INFO] Resolved plugin: oro-2.0.8.jar
#15 4.760 [INFO] Resolved plugin: spring-boot-loader-tools-3.5.10.jar
#15 4.760 [INFO] Resolved plugin: annotations-13.0.jar
#15 4.760 [INFO] Resolved plugin: commons-codec-1.16.0.jar
#15 4.760 [INFO] Resolved plugin: xz-1.9.jar
#15 4.760 [INFO] Resolved plugin: maven-compat-3.0.jar
#15 4.760 [INFO] Resolved plugin: maven-settings-builder-3.0.jar
#15 4.760 [INFO] Resolved plugin: aether-impl-1.0.0.v20140518.jar
#15 4.760 [INFO] Resolved plugin: aether-util-1.7.jar
#15 4.760 [INFO] Resolved plugin: commons-text-1.3.jar
#15 4.760 [INFO] Resolved plugin: maven-core-3.0.jar
#15 4.760 [INFO] Resolved plugin: commons-lang-2.4.jar
#15 4.760 [INFO] Resolved plugin: slf4j-api-1.7.36.jar
#15 4.760 [INFO] Resolved plugin: maven-resolver-util-1.4.1.jar
#15 4.760 [INFO] Resolved plugin: doxia-module-apt-1.11.1.jar
#15 4.760 [INFO] Resolved plugin: flexmark-ext-gfm-issues-0.42.14.jar
#15 4.761 [INFO] Resolved plugin: jetty-util-9.4.46.v20220331.jar
#15 4.761 [INFO] Resolved plugin: maven-model-builder-3.2.5.jar
#15 4.761 [INFO] Resolved plugin: maven-jar-plugin-3.4.2.jar
#15 4.761 [INFO] Resolved plugin: plexus-archiver-4.2.7.jar
#15 4.761 [INFO] Resolved plugin: kotlin-stdlib-1.8.21.jar
#15 4.761 [INFO] Resolved plugin: commons-io-2.6.jar
#15 4.761 [INFO] Resolved plugin: maven-shade-plugin-3.6.0.jar
#15 4.761 [INFO] Resolved plugin: flexmark-ext-youtube-embedded-0.42.14.jar
#15 4.761 [INFO] Resolved plugin: flexmark-formatter-0.42.14.jar
#15 4.761 [INFO] Resolved plugin: maven-model-3.2.5.jar
#15 4.761 [INFO] Resolved plugin: micrometer-commons-1.14.14.jar
#15 4.761 [INFO] Resolved plugin: plexus-utils-4.0.1.jar
#15 4.761 [INFO] Resolved plugin: jdom2-2.0.6.1.jar
#15 4.761 [INFO] Resolved plugin: commons-lang3-3.16.0.jar
#15 4.761 [INFO] Resolved plugin: flexmark-profile-pegdown-0.42.14.jar
#15 4.761 [INFO] Resolved plugin: doxia-module-docbook-simple-1.11.1.jar
#15 4.761 [INFO] Resolved plugin: guava-16.0.1.jar
#15 4.761 [INFO] Resolved plugin: file-management-3.0.0.jar
#15 4.761 [INFO] Resolved plugin: flexmark-ext-typographic-0.42.14.jar
#15 4.761 [INFO] Resolved plugin: flexmark-ext-autolink-0.42.14.jar
#15 4.761 [INFO] Resolved plugin: build-helper-maven-plugin-3.3.0.jar
#15 4.761 [INFO] Resolved plugin: flexmark-ext-jekyll-tag-0.42.14.jar
#15 4.761 [INFO] Resolved plugin: commons-compress-1.27.1.jar
#15 4.761 [INFO] Resolved plugin: flexmark-ext-gitlab-0.42.14.jar
#15 4.761 [INFO] Resolved plugin: doxia-module-xdoc-1.11.1.jar
#15 4.761 [INFO] Resolved plugin: spotless-lib-2.45.0.jar
#15 4.761 [INFO] Resolved plugin: doxia-site-renderer-1.11.1.jar
#15 4.761 [INFO] Resolved plugin: sisu-inject-plexus-1.4.2.jar
#15 4.761 [INFO] Resolved plugin: commons-beanutils-1.7.0.jar
#15 4.761 [INFO] Resolved plugin: httpcore5-5.3.6.jar
#15 4.761 [INFO] Resolved plugin: commons-lang3-3.14.0.jar
#15 4.761 [INFO] Resolved plugin: plexus-classworlds-2.5.2.jar
#15 4.761 [INFO] Resolved plugin: doxia-module-confluence-1.11.1.jar
#15 4.762 [INFO] Resolved plugin: doxia-module-xhtml5-1.11.1.jar
#15 4.762 [INFO] Resolved plugin: micrometer-observation-1.14.14.jar
#15 4.762 [INFO] Resolved plugin: flexmark-ext-tables-0.42.14.jar
#15 4.762 [INFO] Resolved plugin: javax.annotation-api-1.2.jar
#15 4.762 [INFO] Resolved plugin: plexus-utils-3.4.1.jar
#15 4.762 [INFO] Resolved plugin: jna-platform-5.17.0.jar
#15 4.762 [INFO] Resolved plugin: flexmark-ext-macros-0.42.14.jar
#15 4.762 [INFO] Resolved plugin: aether-spi-1.7.jar
#15 4.762 [INFO] Resolved plugin: plexus-sec-dispatcher-1.3.jar
#15 4.762 [INFO] Resolved plugin: plexus-java-1.5.0.jar
#15 4.762 [INFO] Resolved plugin: plexus-i18n-1.0-beta-10.jar
#15 4.762 [INFO] Resolved plugin: qdox-2.2.0.jar
#15 4.762 [INFO] Resolved plugin: flexmark-ext-gfm-users-0.42.14.jar
#15 4.762 [INFO] Resolved plugin: durian-core-1.2.0.jar
#15 4.762 [INFO] Resolved plugin: maven-clean-plugin-3.4.1.jar
#15 4.762 [INFO] Resolved plugin: plexus-archiver-4.9.2.jar
#15 4.762 [INFO] Resolved plugin: jackson-annotations-2.19.4.jar
#15 4.762 [INFO] Resolved plugin: surefire-booter-3.5.4.jar
#15 4.762 [INFO] Resolved dependency: guava-33.1.0-jre.jar
#15 4.762 [INFO] Resolved dependency: reactor-extra-3.5.2.jar
#15 4.762 [INFO] Resolved dependency: spring-boot-starter-3.2.4.jar
#15 4.762 [INFO] Resolved dependency: assertj-core-3.27.6.jar
#15 4.762 [INFO] Resolved dependency: grpc-spring-boot-starter-3.1.0.RELEASE.jar
#15 4.762 [INFO] Resolved dependency: hamcrest-3.0.jar
#15 4.762 [INFO] Resolved dependency: netty-transport-native-unix-common-4.1.121.Final.jar
#15 4.762 [INFO] Resolved dependency: json-smart-2.5.2.jar
#15 4.762 [INFO] Resolved dependency: log4j-to-slf4j-2.24.3.jar
#15 4.762 [INFO] Resolved dependency: junit-jupiter-params-5.12.2.jar
#15 4.762 [INFO] Resolved dependency: jspecify-1.0.0.jar
#15 4.762 [INFO] Resolved dependency: jackson-datatype-jdk8-2.19.0.jar
#15 4.762 [INFO] Resolved dependency: gson-2.12.1.jar
#15 4.762 [INFO] Resolved dependency: spring-data-commons-3.5.8.jar
#15 4.762 [INFO] Resolved dependency: spring-beans-6.2.7.jar
#15 4.762 [INFO] Resolved dependency: redis-authx-core-0.1.1-beta2.jar
#15 4.762 [INFO] Resolved dependency: grpc-api-1.63.0.jar
#15 4.762 [INFO] Resolved dependency: jakarta.activation-api-2.1.0.jar
#15 4.762 [INFO] Resolved dependency: accessors-smart-2.5.2.jar
#15 4.762 [INFO] Resolved dependency: postgresql-42.7.9.jar
#15 4.762 [INFO] Resolved dependency: spring-expression-6.2.7.jar
#15 4.763 [INFO] Resolved dependency: junit-jupiter-api-5.12.2.jar
#15 4.763 [INFO] Resolved dependency: spring-cloud-starter-alibaba-nacos-discovery-2025.0.0.0.jar
#15 4.763 [INFO] Resolved dependency: spring-oxm-6.2.15.jar
#15 4.763 [INFO] Resolved dependency: spring-boot-starter-json-3.5.10.jar
#15 4.763 [INFO] Resolved dependency: spring-jdbc-6.2.15.jar
#15 4.763 [INFO] Resolved dependency: jandex-3.2.0.jar
#15 4.763 [INFO] Resolved dependency: netty-handler-4.1.121.Final.jar
#15 4.763 [INFO] Resolved dependency: jboss-logging-3.6.1.Final.jar
#15 4.763 [INFO] Resolved dependency: spring-boot-starter-tomcat-3.5.10.jar
#15 4.763 [INFO] Resolved dependency: jakarta.transaction-api-2.0.1.jar
#15 4.763 [INFO] Resolved dependency: spring-aop-6.2.7.jar
#15 4.763 [INFO] Resolved dependency: angus-activation-2.0.0.jar
#15 4.763 [INFO] Resolved dependency: snakeyaml-2.2.jar
#15 4.763 [INFO] Resolved dependency: grpc-util-1.63.0.jar
#15 4.763 [INFO] Resolved dependency: grpc-services-1.63.0.jar
#15 4.763 [INFO] Resolved dependency: logback-adapter-1.1.4.jar
#15 4.763 [INFO] Resolved dependency: spring-boot-starter-web-3.5.10.jar
#15 4.763 [INFO] Resolved dependency: spring-test-6.2.15.jar
#15 4.763 [INFO] Resolved dependency: netty-common-4.1.121.Final.jar
#15 4.763 [INFO] Resolved dependency: junit-jupiter-5.12.2.jar
#15 4.763 [INFO] Resolved dependency: grpc-api-1.78.0.jar
#15 4.763 [INFO] Resolved dependency: slf4j-api-2.0.12.jar
#15 4.763 [INFO] Resolved dependency: spring-jcl-6.2.7.jar
#15 4.763 [INFO] Resolved dependency: nacos-encryption-plugin-3.0.3.jar
#15 4.763 [INFO] Resolved dependency: micrometer-commons-1.12.4.jar
#15 4.763 [INFO] Resolved dependency: nacos-client-3.0.3.jar
#15 4.763 [INFO] Resolved dependency: spring-orm-6.2.15.jar
#15 4.763 [INFO] Resolved dependency: tomcat-embed-core-10.1.50.jar
#15 4.763 [INFO] Resolved dependency: spring-boot-3.5.10.jar
#15 4.763 [INFO] Resolved dependency: junit-platform-engine-1.12.2.jar
#15 4.763 [INFO] Resolved dependency: slf4j-api-2.0.11.jar
#15 4.763 [INFO] Resolved dependency: log4j-api-2.21.1.jar
#15 4.763 [INFO] Resolved dependency: grpc-protobuf-lite-1.78.0.jar
#15 4.764 [INFO] Resolved dependency: jakarta.activation-2.0.1.jar
#15 4.764 [INFO] Resolved dependency: nacos-auth-plugin-3.0.3.jar
#15 4.764 [INFO] Resolved dependency: httpcore5-5.3.4.jar
#15 4.764 [INFO] Resolved dependency: JavaEWAH-1.2.3.jar
#15 4.764 [INFO] Resolved dependency: hibernate-core-6.6.41.Final.jar
#15 4.764 [INFO] Resolved dependency: httpclient-4.5.14.jar
#15 4.764 [INFO] Resolved dependency: byte-buddy-1.17.5.jar
#15 4.764 [INFO] Resolved dependency: spring-boot-starter-logging-3.5.0.jar
#15 4.764 [INFO] Resolved dependency: sshd-osgi-2.14.0.jar
#15 4.764 [INFO] Resolved dependency: reactor-netty-core-1.2.6.jar
#15 4.764 [INFO] Resolved dependency: netty-transport-4.1.118.Final.jar
#15 4.764 [INFO] Resolved dependency: jakarta.xml.bind-api-4.0.0.jar
#15 4.764 [INFO] Resolved dependency: grpc-context-1.78.0.jar
#15 4.764 [INFO] Resolved dependency: tomcat-embed-el-10.1.50.jar
#15 4.764 [INFO] Resolved dependency: grpc-stub-1.63.0.jar
#15 4.764 [INFO] Resolved dependency: grpc-protobuf-1.63.0.jar
#15 4.764 [INFO] Resolved dependency: jakarta.xml.bind-api-3.0.1.jar
#15 4.764 [INFO] Resolved dependency: jakarta.xml.bind-api-4.0.4.jar
#15 4.764 [INFO] Resolved dependency: listenablefuture-9999.0-empty-to-avoid-conflict-with-guava.jar
#15 4.764 [INFO] Resolved dependency: micrometer-commons-1.15.0.jar
#15 4.764 [INFO] Resolved dependency: spring-cloud-starter-4.3.0.jar
#15 4.764 [INFO] Resolved dependency: snakeyaml-2.4.jar
#15 4.764 [INFO] Resolved dependency: netty-resolver-dns-native-macos-4.1.121.Final-osx-x86_64.jar
#15 4.764 [INFO] Resolved dependency: spring-boot-starter-reactor-netty-3.5.0.jar
#15 4.764 [INFO] Resolved dependency: tomcat-embed-core-10.1.41.jar
#15 4.764 [INFO] Resolved dependency: antlr4-runtime-4.13.0.jar
#15 4.764 [INFO] Resolved dependency: spring-cloud-commons-4.3.0.jar
#15 4.764 [INFO] Resolved dependency: spring-cloud-config-server-4.3.0.jar
#15 4.764 [INFO] Resolved dependency: spring-boot-configuration-processor-3.5.0.jar
#15 4.764 [INFO] Resolved dependency: reactor-netty-http-1.2.6.jar
#15 4.764 [INFO] Resolved dependency: spring-core-6.2.15.jar
#15 4.764 [INFO] Resolved dependency: grpc-stub-1.78.0.jar
#15 4.764 [INFO] Resolved dependency: asm-9.7.1.jar
#15 4.764 [INFO] Resolved dependency: spring-cloud-loadbalancer-4.3.0.jar
#15 4.764 [INFO] Resolved dependency: logback-classic-1.5.25.jar
#15 4.764 [INFO] Resolved dependency: checker-qual-3.42.0.jar
#15 4.764 [INFO] Resolved dependency: sshd-sftp-2.14.0.jar
#15 4.764 [INFO] Resolved dependency: jackson-datatype-jdk8-2.19.4.jar
#15 4.764 [INFO] Resolved dependency: logback-classic-1.5.18.jar
#15 4.764 [INFO] Resolved dependency: protobuf-java-4.33.5.jar
#15 4.764 [INFO] Resolved dependency: spring-jcl-6.2.15.jar
#15 4.765 [INFO] Resolved dependency: spring-boot-starter-data-redis-3.5.10.jar
#15 4.765 [INFO] Resolved dependency: lettuce-core-6.6.0.RELEASE.jar
#15 4.765 [INFO] Resolved dependency: jackson-core-2.19.4.jar
#15 4.765 [INFO] Resolved dependency: protobuf-java-3.25.3.jar
#15 4.765 [INFO] Resolved dependency: simpleclient_tracer_otel_agent-0.16.0.jar
#15 4.765 [INFO] Resolved dependency: spring-cloud-context-4.3.0.jar
#15 4.765 [INFO] Resolved dependency: byte-buddy-1.17.7.jar
#15 4.765 [INFO] Resolved dependency: perfmark-api-0.27.0.jar
#15 4.765 [INFO] Resolved dependency: jsr305-3.0.2.jar
#15 4.765 [INFO] Resolved dependency: micrometer-core-1.15.0.jar
#15 4.765 [INFO] Resolved dependency: reactor-core-3.7.6.jar
#15 4.765 [INFO] Resolved dependency: jackson-datatype-jsr310-2.19.4.jar
#15 4.765 [INFO] Resolved dependency: jakarta.annotation-api-2.1.1.jar
#15 4.765 [INFO] Resolved dependency: spring-core-6.2.7.jar
#15 4.765 [INFO] Resolved dependency: jackson-databind-2.19.4.jar
#15 4.765 [INFO] Resolved dependency: spring-boot-starter-tomcat-3.5.0.jar
#15 4.765 [INFO] Resolved dependency: spring-boot-starter-webflux-3.5.0.jar
#15 4.765 [INFO] Resolved dependency: nacos-client-basic-3.0.3.jar
#15 4.765 [INFO] Resolved dependency: tomcat-embed-el-10.1.41.jar
#15 4.765 [INFO] Resolved dependency: jna-platform-4.5.1.jar
#15 4.765 [INFO] Resolved dependency: gson-2.10.1.jar
#15 4.765 [INFO] Resolved dependency: grpc-protobuf-1.78.0.jar
#15 4.765 [INFO] Resolved dependency: netty-codec-dns-4.1.121.Final.jar
#15 4.765 [INFO] Resolved dependency: json-path-2.9.0.jar
#15 4.765 [INFO] Resolved dependency: grpc-server-spring-boot-starter-3.1.0.RELEASE.jar
#15 4.765 [INFO] Resolved dependency: hibernate-commons-annotations-7.0.3.Final.jar
#15 4.765 [INFO] Resolved dependency: guava-33.5.0-android.jar
#15 4.765 [INFO] Resolved dependency: slf4j-api-1.7.25.jar
#15 4.765 [INFO] Resolved dependency: grpc-common-spring-boot-3.1.0.RELEASE.jar
#15 4.765 [INFO] Resolved dependency: netty-handler-proxy-4.1.121.Final.jar
#15 4.765 [INFO] Resolved dependency: hibernate-validator-8.0.2.Final.jar
#15 4.765 [INFO] Resolved dependency: reactive-streams-1.0.4.jar
#15 4.765 [INFO] Resolved dependency: spring-cloud-config-client-4.3.0.jar
#15 4.765 [INFO] Resolved dependency: HikariCP-6.3.3.jar
#15 4.765 [INFO] Resolved dependency: netty-transport-native-unix-common-4.1.118.Final.jar
#15 4.765 [INFO] Resolved dependency: netty-codec-socks-4.1.121.Final.jar
#15 4.765 [INFO] Resolved dependency: netty-transport-4.1.121.Final.jar
#15 4.765 [INFO] Resolved dependency: spring-data-keyvalue-3.5.8.jar
#15 4.765 [INFO] Resolved dependency: spring-boot-starter-web-3.5.0.jar
#15 4.765 [INFO] Resolved dependency: jackson-core-2.19.0.jar
#15 4.765 [INFO] Resolved dependency: httpclient5-5.4.4.jar
#15 4.765 [INFO] Resolved dependency: checker-qual-3.52.0.jar
#15 4.765 [INFO] Resolved dependency: netty-resolver-dns-4.1.121.Final.jar
#15 4.766 [INFO] Resolved dependency: slf4j-api-2.0.17.jar
#15 4.766 [INFO] Resolved dependency: jaxb-core-4.0.2.jar
#15 4.766 [INFO] Resolved dependency: log4j-to-slf4j-2.21.1.jar
#15 4.766 [INFO] Resolved dependency: jackson-annotations-2.19.0.jar
#15 4.766 [INFO] Resolved dependency: error_prone_annotations-2.23.0.jar
#15 4.766 [INFO] Resolved dependency: classmate-1.7.0.jar
#15 4.766 [INFO] Resolved dependency: spring-context-6.1.5.jar
#15 4.766 [INFO] Resolved dependency: spring-data-redis-3.5.8.jar
#15 4.766 [INFO] Resolved dependency: spring-boot-3.5.0.jar
#15 4.766 [INFO] Resolved dependency: mockito-core-5.17.0.jar
#15 4.766 [INFO] Resolved dependency: javax.annotation-api-1.3.2.jar
#15 4.766 [INFO] Resolved dependency: commons-codec-1.18.0.jar
#15 4.766 [INFO] Resolved dependency: jul-to-slf4j-2.0.17.jar
#15 4.766 [INFO] Resolved dependency: spring-boot-test-3.5.10.jar
#15 4.766 [INFO] Resolved dependency: spring-boot-starter-3.5.10.jar
#15 4.766 [INFO] Resolved dependency: grpc-inprocess-1.63.0.jar
#15 4.766 [INFO] Resolved dependency: jackson-module-parameter-names-2.19.4.jar
#15 4.766 [INFO] Resolved dependency: netty-transport-native-epoll-4.1.121.Final-linux-x86_64.jar
#15 4.766 [INFO] Resolved dependency: spring-webflux-6.2.7.jar
#15 4.766 [INFO] Resolved dependency: spring-webmvc-6.2.7.jar
#15 4.766 [INFO] Resolved dependency: opentest4j-1.3.0.jar
#15 4.766 [INFO] Resolved dependency: org.eclipse.jgit.http.apache-6.10.1.202505221210-r.jar
#15 4.766 [INFO] Resolved dependency: commons-logging-1.2.jar
#15 4.766 [INFO] Resolved dependency: spring-context-support-6.2.15.jar
#15 4.766 [INFO] Resolved dependency: netty-handler-4.1.118.Final.jar
#15 4.766 [INFO] Resolved dependency: junit-jupiter-engine-5.12.2.jar
#15 4.766 [INFO] Resolved dependency: spring-context-6.2.15.jar
#15 4.766 [INFO] Resolved dependency: jna-4.5.1.jar
#15 4.766 [INFO] Resolved dependency: spring-expression-6.2.15.jar
#15 4.766 [INFO] Resolved dependency: netty-codec-http-4.1.121.Final.jar
#15 4.766 [INFO] Resolved dependency: error_prone_annotations-2.44.0.jar
#15 4.766 [INFO] Resolved dependency: failureaccess-1.0.2.jar
#15 4.766 [INFO] Resolved dependency: simpleclient_tracer_common-0.16.0.jar
#15 4.766 [INFO] Resolved dependency: proto-google-common-protos-2.29.0.jar
#15 4.766 [INFO] Resolved dependency: spring-aop-6.2.15.jar
#15 4.766 [INFO] Resolved dependency: spring-beans-6.2.15.jar
#15 4.766 [INFO] Resolved dependency: spring-beans-6.1.5.jar
#15 4.766 [INFO] Resolved dependency: tomcat-embed-websocket-10.1.41.jar
#15 4.766 [INFO] Resolved dependency: spring-boot-test-autoconfigure-3.5.10.jar
#15 4.766 [INFO] Resolved dependency: jackson-datatype-jsr310-2.19.0.jar
#15 4.766 [INFO] Resolved dependency: netty-transport-classes-epoll-4.1.121.Final.jar
#15 4.766 [INFO] Resolved dependency: spring-boot-starter-test-3.5.10.jar
#15 4.766 [INFO] Resolved dependency: spring-boot-autoconfigure-3.5.0.jar
#15 4.766 [INFO] Resolved dependency: spring-web-6.2.7.jar
#15 4.767 [INFO] Resolved dependency: eddsa-0.3.0.jar
#15 4.767 [INFO] Resolved dependency: txw2-4.0.2.jar
#15 4.767 [INFO] Resolved dependency: junit-platform-commons-1.12.2.jar
#15 4.767 [INFO] Resolved dependency: spring-boot-autoconfigure-3.2.4.jar
#15 4.767 [INFO] Resolved dependency: HdrHistogram-2.2.2.jar
#15 4.767 [INFO] Resolved dependency: netty-codec-4.1.121.Final.jar
#15 4.767 [INFO] Resolved dependency: waffle-jna-1.9.1.jar
#15 4.767 [INFO] Resolved dependency: grpc-netty-shaded-1.63.0.jar
#15 4.767 [INFO] Resolved dependency: failureaccess-1.0.3.jar
#15 4.767 [INFO] Resolved dependency: spring-aop-6.1.5.jar
#15 4.767 [INFO] Resolved dependency: istack-commons-runtime-4.1.1.jar
#15 4.767 [INFO] Resolved dependency: annotations-4.1.1.4.jar
#15 4.767 [INFO] Resolved dependency: jboss-logging-3.5.0.Final.jar
#15 4.767 [INFO] Resolved dependency: spring-jcl-6.1.5.jar
#15 4.767 [INFO] Resolved dependency: spring-security-crypto-6.5.0.jar
#15 4.767 [INFO] Resolved dependency: bcprov-jdk18on-1.80.jar
#15 4.767 [INFO] Resolved dependency: animal-sniffer-annotations-1.26.jar
#15 4.767 [INFO] Resolved dependency: spring-expression-6.1.5.jar
#15 4.767 [INFO] Resolved dependency: protobuf-java-3.25.8.jar
#15 4.767 [INFO] Resolved dependency: proto-google-common-protos-2.63.1.jar
#15 4.767 [INFO] Resolved dependency: grpc-core-1.78.0.jar
#15 4.767 [INFO] Resolved dependency: org.eclipse.jgit.ssh.apache-6.10.1.202505221210-r.jar
#15 4.767 [INFO] Resolved dependency: log4j-api-2.24.3.jar
#15 4.767 [INFO] Resolved dependency: classmate-1.5.1.jar
#15 4.767 [INFO] Resolved dependency: netty-common-4.1.118.Final.jar
#15 4.767 [INFO] Resolved dependency: spring-boot-actuator-autoconfigure-3.5.0.jar
#15 4.767 [INFO] Resolved dependency: spring-boot-autoconfigure-3.5.10.jar
#15 4.767 [INFO] Resolved dependency: spring-tx-6.2.15.jar
#15 4.767 [INFO] Resolved dependency: grpc-context-1.63.0.jar
#15 4.767 [INFO] Resolved dependency: protobuf-java-util-3.25.3.jar
#15 4.767 [INFO] Resolved dependency: netty-codec-4.1.118.Final.jar
#15 4.767 [INFO] Resolved dependency: aspectjweaver-1.9.22.1.jar
#15 4.767 [INFO] Resolved dependency: spring-boot-starter-logging-3.2.4.jar
#15 4.767 [INFO] Resolved dependency: objenesis-3.3.jar
#15 4.767 [INFO] Resolved dependency: netty-resolver-4.1.118.Final.jar
#15 4.767 [INFO] Resolved dependency: spring-data-jpa-3.5.8.jar
#15 4.767 [INFO] Resolved dependency: uuid-creator-5.3.7.jar
#15 4.767 [INFO] Resolved dependency: spring-boot-starter-validation-3.5.0.jar
#15 4.767 [INFO] Resolved dependency: j2objc-annotations-3.1.jar
#15 4.767 [INFO] Resolved dependency: jul-to-slf4j-2.0.12.jar
#15 4.767 [INFO] Resolved dependency: mapstruct-1.6.3.jar
#15 4.767 [INFO] Resolved dependency: netty-buffer-4.1.118.Final.jar
#15 4.767 [INFO] Resolved dependency: reactor-core-3.6.6.jar
#15 4.767 [INFO] Resolved dependency: jcl-over-slf4j-1.7.25.jar
#15 4.767 [INFO] Resolved dependency: jcl-over-slf4j-2.0.17.jar
#15 4.767 [INFO] Resolved dependency: org.eclipse.jgit-6.10.1.202505221210-r.jar
#15 4.767 [INFO] Resolved dependency: mockito-junit-jupiter-5.17.0.jar
#15 4.767 [INFO] Resolved dependency: micrometer-commons-1.14.14.jar
#15 4.767 [INFO] Resolved dependency: caffeine-2.6.2.jar
#15 4.767 [INFO] Resolved dependency: jackson-databind-2.19.0.jar
#15 4.767 [INFO] Resolved dependency: netty-codec-http2-4.1.121.Final.jar
#15 4.768 [INFO] Resolved dependency: spring-boot-starter-jdbc-3.5.10.jar
#15 4.768 [INFO] Resolved dependency: logback-classic-1.4.14.jar
#15 4.768 [INFO] Resolved dependency: logback-core-1.5.25.jar
#15 4.768 [INFO] Resolved dependency: httpcore-4.4.16.jar
#15 4.768 [INFO] Resolved dependency: spring-boot-starter-json-3.5.0.jar
#15 4.768 [INFO] Resolved dependency: jakarta.persistence-api-3.1.0.jar
#15 4.768 [INFO] Resolved dependency: grpc-protobuf-lite-1.63.0.jar
#15 4.768 [INFO] Resolved dependency: grpc-core-1.63.0.jar
#15 4.768 [INFO] Resolved dependency: spring-aspects-6.2.15.jar
#15 4.768 [INFO] Resolved dependency: jsonassert-1.5.3.jar
#15 4.768 [INFO] Resolved dependency: lombok-1.18.42.jar
#15 4.768 [INFO] Resolved dependency: micrometer-observation-1.15.0.jar
#15 4.768 [INFO] Resolved dependency: spring-core-6.1.5.jar
#15 4.768 [INFO] Resolved dependency: jackson-module-parameter-names-2.19.0.jar
#15 4.768 [INFO] Resolved dependency: jakarta.validation-api-3.0.2.jar
#15 4.768 [INFO] Resolved dependency: logback-core-1.5.18.jar
#15 4.768 [INFO] Resolved dependency: micrometer-observation-1.12.4.jar
#15 4.768 [INFO] Resolved dependency: simpleclient-0.16.0.jar
#15 4.768 [INFO] Resolved dependency: spring-boot-3.2.4.jar
#15 4.768 [INFO] Resolved dependency: xmlunit-core-2.10.4.jar
#15 4.768 [INFO] Resolved dependency: spring-cloud-alibaba-commons-2025.0.0.0.jar
#15 4.768 [INFO] Resolved dependency: simpleclient_tracer_otel-0.16.0.jar
#15 4.768 [INFO] Resolved dependency: netty-buffer-4.1.121.Final.jar
#15 4.768 [INFO] Resolved dependency: spring-context-6.2.7.jar
#15 4.768 [INFO] Resolved dependency: netty-resolver-dns-classes-macos-4.1.121.Final.jar
#15 4.768 [INFO] Resolved dependency: jaxb-runtime-4.0.2.jar
#15 4.768 [INFO] Resolved dependency: awaitility-4.2.2.jar
#15 4.768 [INFO] Resolved dependency: spring-boot-starter-logging-3.5.10.jar
#15 4.768 [INFO] Resolved dependency: jakarta.inject-api-2.0.1.jar
#15 4.768 [INFO] Resolved dependency: perfmark-api-0.26.0.jar
#15 4.768 [INFO] Resolved dependency: micrometer-observation-1.14.14.jar
#15 4.768 [INFO] Resolved dependency: spring-boot-actuator-3.5.0.jar
#15 4.768 [INFO] Resolved dependency: logback-core-1.4.14.jar
#15 4.768 [INFO] Resolved dependency: httpcore5-h2-5.3.4.jar
#15 4.768 [INFO] Resolved dependency: spring-boot-starter-data-jpa-3.5.10.jar
#15 4.768 [INFO] Resolved dependency: nacos-log4j2-adapter-3.0.3.jar
#15 4.768 [INFO] Resolved dependency: animal-sniffer-annotations-1.23.jar
#15 4.768 [INFO] Resolved dependency: j2objc-annotations-2.8.jar
#15 4.768 [INFO] Resolved dependency: tomcat-embed-websocket-10.1.50.jar
#15 4.768 [INFO] Resolved dependency: spring-boot-starter-3.5.0.jar
#15 4.768 [INFO] Resolved dependency: spring-web-6.2.15.jar
#15 4.768 [INFO] Resolved dependency: jakarta.activation-api-2.1.4.jar
#15 4.769 [INFO] Resolved dependency: apiguardian-api-1.1.2.jar
#15 4.769 [INFO] Resolved dependency: jackson-dataformat-yaml-2.19.0.jar
#15 4.769 [INFO] Resolved dependency: byte-buddy-agent-1.15.11.jar
#15 4.769 [INFO] Resolved dependency: LatencyUtils-2.0.3.jar
#15 4.769 [INFO] Resolved dependency: jackson-annotations-2.19.4.jar
#15 4.769 [INFO] Resolved dependency: android-json-0.0.20131108.vaadin1.jar
#15 4.769 [INFO] Resolved dependency: netty-resolver-4.1.121.Final.jar
#15 4.769 [INFO] Resolved dependency: grpc-client-spring-boot-starter-3.1.0.RELEASE.jar
#15 4.769 [INFO] Resolved dependency: spring-webmvc-6.2.15.jar
#15 4.769 [INFO] ------------------------------------------------------------------------
#15 4.769 [INFO] BUILD SUCCESS
#15 4.769 [INFO] ------------------------------------------------------------------------
#15 4.771 [INFO] Total time:  2.896 s
#15 4.771 [INFO] Finished at: 2026-08-26T07:35:54Z
#15 4.771 [INFO] ------------------------------------------------------------------------
#15 DONE 4.9s

#16 [builder  9/12] COPY src ./src
#16 DONE 0.1s

#17 [builder 10/12] COPY target/generated-sources ./target/generated-sources
#17 DONE 0.1s

#18 [builder 11/12] RUN --mount=type=cache,target=/root/.m2     ./mvnw -B package -DskipTests $([ -n "$MAVEN_MIRROR_URL" ] && echo "-s /tmp/settings.xml")
#18 1.712 [INFO] Scanning for projects...
#18 2.119 [INFO] ------------------------------------------------------------------------
#18 2.119 [INFO] Detecting the operating system and CPU architecture
#18 2.119 [INFO] ------------------------------------------------------------------------
#18 2.120 [INFO] os.detected.name: linux
#18 2.120 [INFO] os.detected.arch: x86_64
#18 2.120 [INFO] os.detected.bitness: 64
#18 2.120 [INFO] os.detected.version: 5.15
#18 2.120 [INFO] os.detected.version.major: 5
#18 2.120 [INFO] os.detected.version.minor: 15
#18 2.121 [INFO] os.detected.release: ubuntu
#18 2.121 [INFO] os.detected.release.version: 26.04
#18 2.121 [INFO] os.detected.release.like.ubuntu: true
#18 2.121 [INFO] os.detected.release.like.debian: true
#18 2.121 [INFO] os.detected.classifier: linux-x86_64
#18 2.139 [INFO] 
#18 2.139 [INFO] ----------------------< org.tripsphere:inventory >----------------------
#18 2.139 [INFO] Building trip-inventory-service 0.1.0
#18 2.139 [INFO]   from pom.xml
#18 2.139 [INFO] --------------------------------[ jar ]---------------------------------
#18 2.953 [INFO] 
#18 2.953 [INFO] --- build-helper:3.3.0:add-source (add-sources) @ inventory ---
#18 3.174 [INFO] Source directory: /app/target/generated-sources/protobuf/java added.
#18 3.174 [INFO] Source directory: /app/target/generated-sources/protobuf/grpc-java added.
#18 3.174 [INFO] 
#18 3.174 [INFO] --- spring-boot:3.5.10:build-info (default) @ inventory ---
#18 3.345 [INFO] 
#18 3.345 [INFO] --- resources:3.3.1:resources (default-resources) @ inventory ---
#18 3.413 [INFO] Copying 2 resources from src/main/resources to target/classes
#18 3.427 [INFO] Copying 0 resource from src/main/resources to target/classes
#18 3.428 [INFO] 
#18 3.428 [INFO] --- compiler:3.11.0:compile (default-compile) @ inventory ---
#18 3.565 [INFO] Changes detected - recompiling the module! :source
#18 3.569 [INFO] Compiling 461 source files with javac [debug release 21] to target/classes
#18 19.97 [INFO] 
#18 19.97 [INFO] --- resources:3.3.1:testResources (default-testResources) @ inventory ---
#18 19.98 [INFO] skip non existing resourceDirectory /app/src/test/resources
#18 19.98 [INFO] 
#18 19.98 [INFO] --- compiler:3.11.0:testCompile (default-testCompile) @ inventory ---
#18 19.99 [INFO] Changes detected - recompiling the module! :dependency
#18 19.99 [INFO] Compiling 2 source files with javac [debug release 21] to target/test-classes
#18 20.46 [INFO] 
#18 20.46 [INFO] --- surefire:3.5.4:test (default-test) @ inventory ---
#18 20.55 [INFO] Tests are skipped.
#18 20.55 [INFO] 
#18 20.55 [INFO] --- jar:3.4.2:jar (default-jar) @ inventory ---
#18 20.87 [INFO] Building jar: /app/target/inventory-0.1.0.jar
#18 21.02 [INFO] 
#18 21.02 [INFO] --- spring-boot:3.5.10:repackage (repackage) @ inventory ---
#18 21.91 [INFO] Replacing main artifact /app/target/inventory-0.1.0.jar with repackaged archive, adding nested dependencies in BOOT-INF/.
#18 21.91 [INFO] The original artifact has been renamed to /app/target/inventory-0.1.0.jar.original
#18 21.91 [INFO] ------------------------------------------------------------------------
#18 21.91 [INFO] BUILD SUCCESS
#18 21.91 [INFO] ------------------------------------------------------------------------
#18 21.91 [INFO] Total time:  20.223 s
#18 21.91 [INFO] Finished at: 2026-08-26T07:36:16Z
#18 21.91 [INFO] ------------------------------------------------------------------------
#18 DONE 22.1s

#19 [builder 12/12] RUN java -Djarmode=tools -jar target/inventory-*.jar extract --layers --launcher --destination extracted/
#19 DONE 1.8s

#20 [stage-1 6/8] COPY --from=builder --chown=nonroot:nonroot /app/extracted/spring-boot-loader/ ./
#20 CACHED

#21 [stage-1 2/8] WORKDIR /app
#21 CACHED

#22 [stage-1 3/8] RUN addgroup --system nonroot && adduser --system nonroot --ingroup nonroot
#22 CACHED

#23 [stage-1 4/8] ADD --chmod=644     https://github.com/open-telemetry/opentelemetry-java-instrumentation/releases/download/v2.23.0/opentelemetry-javaagent.jar     /app/opentelemetry-javaagent.jar
#23 CACHED

#24 [stage-1 5/8] COPY --from=builder --chown=nonroot:nonroot /app/extracted/dependencies/ ./
#24 CACHED

#25 [stage-1 7/8] COPY --from=builder --chown=nonroot:nonroot /app/extracted/snapshot-dependencies/ ./
#25 CACHED

#26 [stage-1 8/8] COPY --from=builder --chown=nonroot:nonroot /app/extracted/application/ ./
#26 DONE 0.2s

#27 exporting to image
#27 exporting layers
#27 exporting layers 0.2s done
#27 writing image sha256:72fad4aa4b41f0d447bfe92839e8d377fe66a40078b90b74f3c3d0519d866c0c done
#27 naming to docker.io/tripsphere/trip-inventory-service:latest done
#27 DONE 0.2s
task: [itinerary-planner:build] docker build . -t tripsphere/trip-itinerary-planner:latest
#0 building with "default" instance using docker driver

#1 [internal] load build definition from Dockerfile
#1 transferring dockerfile: 2.55kB done
#1 DONE 0.0s

#2 [internal] load metadata for ghcr.io/astral-sh/uv:python3.12-bookworm-slim
#2 ...

#3 [internal] load metadata for docker.io/library/python:3.12-slim-bookworm
#3 DONE 0.4s

#2 [internal] load metadata for ghcr.io/astral-sh/uv:python3.12-bookworm-slim
#2 DONE 7.1s

#4 [internal] load .dockerignore
#4 transferring context: 687B done
#4 DONE 0.0s

#5 [builder 1/8] FROM ghcr.io/astral-sh/uv:python3.12-bookworm-slim@sha256:e5b65587bce7de595f299855d7385fe7fca39b8a74baa261ba1b7147afa78e58
#5 DONE 0.0s

#6 [stage-1 1/4] FROM docker.io/library/python:3.12-slim-bookworm@sha256:0f5b26b9518d002b6173fd61daad821fa340635ebfec5bba471013f9ca114579
#6 resolve docker.io/library/python:3.12-slim-bookworm@sha256:0f5b26b9518d002b6173fd61daad821fa340635ebfec5bba471013f9ca114579 0.0s done
#6 CACHED

#7 [internal] load build context
#7 transferring context: 1.21MB 0.1s done
#7 DONE 0.1s

#8 [builder 2/8] WORKDIR /app
#8 CACHED

#9 [builder 3/8] COPY libs ./libs
#9 DONE 0.1s

#10 [stage-1 2/4] RUN groupadd --system --gid 999 nonroot  && useradd --system --gid 999 --uid 999 --create-home nonroot
#10 DONE 0.6s

#11 [builder 4/8] RUN --mount=type=cache,target=/root/.cache/uv     --mount=type=bind,source=uv.lock,target=uv.lock     --mount=type=bind,source=pyproject.toml,target=pyproject.toml     uv sync --locked --no-install-project --no-dev
#11 0.357 Using CPython 3.12.12 interpreter at: /usr/local/bin/python3
#11 0.357 Creating virtual environment at: .venv
#11 0.371 Resolved 149 packages in 1ms
#11 0.429    Building tripsphere @ file:///app/libs/tripsphere
#11 0.720       Built tripsphere @ file:///app/libs/tripsphere
#11 0.722 Prepared 1 package in 294ms
#11 3.175 Installed 132 packages in 2.45s
#11 4.864 Bytecode compiled 4778 files in 1.68s
#11 4.864  + a2a==0.44
#11 4.864  + a2a-sdk==0.3.22
#11 4.864  + ag-ui-langgraph==0.0.26
#11 4.864  + ag-ui-protocol==0.1.13
#11 4.864  + aiofiles==25.1.0
#11 4.864  + aiohappyeyeballs==2.6.1
#11 4.864  + aiohttp==3.13.3
#11 4.864  + aiosignal==1.4.0
#11 4.864  + alibabacloud-credentials==0.3.6
#11 4.864  + alibabacloud-darabonba-array==0.1.0
#11 4.864  + alibabacloud-darabonba-encode-util==0.0.2
#11 4.864  + alibabacloud-darabonba-map==0.0.1
#11 4.865  + alibabacloud-darabonba-signature-util==0.0.4
#11 4.865  + alibabacloud-darabonba-string==0.0.4
#11 4.865  + alibabacloud-endpoint-util==0.0.4
#11 4.865  + alibabacloud-gateway-pop==0.0.9
#11 4.865  + alibabacloud-gateway-spi==0.0.3
#11 4.865  + alibabacloud-kms20160120==2.2.3
#11 4.865  + alibabacloud-openapi-util==0.2.4
#11 4.865  + alibabacloud-tea==0.4.3
#11 4.865  + alibabacloud-tea-openapi==0.3.14
#11 4.865  + alibabacloud-tea-util==0.3.14
#11 4.865  + alibabacloud-tea-xml==0.0.3
#11 4.865  + annotated-doc==0.0.4
#11 4.865  + annotated-types==0.7.0
#11 4.865  + anyio==4.12.1
#11 4.865  + attrs==25.4.0
#11 4.865  + automat==25.4.16
#11 4.865  + certifi==2026.1.4
#11 4.865  + cffi==2.0.0
#11 4.865  + charset-normalizer==3.4.4
#11 4.865  + click==8.3.1
#11 4.865  + constantly==23.10.4
#11 4.865  + cryptography==46.0.3
#11 4.865  + cssselect==1.3.0
#11 4.865  + defusedxml==0.7.1
#11 4.865  + distro==1.9.0
#11 4.865  + fastapi==0.135.1
#11 4.865  + filelock==3.20.3
#11 4.865  + frozenlist==1.8.0
#11 4.865  + google-api-core==2.29.0
#11 4.865  + google-auth==2.47.0
#11 4.865  + googleapis-common-protos==1.72.0
#11 4.865  + grpcio==1.76.0
#11 4.865  + h11==0.16.0
#11 4.866  + httpcore==1.0.9
#11 4.866  + httpx==0.28.1
#11 4.866  + httpx-sse==0.4.3
#11 4.866  + hyperlink==21.0.0
#11 4.866  + idna==3.11
#11 4.866  + importlib-metadata==8.7.1
#11 4.866  + incremental==24.11.0
#11 4.866  + itemadapter==0.13.1
#11 4.866  + itemloaders==1.3.2
#11 4.866  + jiter==0.12.0
#11 4.866  + jmespath==1.0.1
#11 4.866  + jsonpatch==1.33
#11 4.866  + jsonpointer==3.0.0
#11 4.866  + langchain==1.2.6
#11 4.866  + langchain-core==1.2.7
#11 4.866  + langchain-openai==1.1.7
#11 4.866  + langgraph==1.0.6
#11 4.866  + langgraph-checkpoint==4.0.0
#11 4.866  + langgraph-prebuilt==1.0.6
#11 4.866  + langgraph-sdk==0.3.3
#11 4.866  + langsmith==0.6.4
#11 4.866  + lxml==6.0.2
#11 4.866  + multidict==6.7.0
#11 4.866  + nacos-sdk-python==3.0.3
#11 4.866  + openai==2.15.0
#11 4.866  + openinference-instrumentation==0.1.42
#11 4.866  + openinference-instrumentation-langchain==0.1.58
#11 4.866  + openinference-semantic-conventions==0.1.25
#11 4.866  + opentelemetry-api==1.38.0
#11 4.866  + opentelemetry-distro==0.59b0
#11 4.866  + opentelemetry-exporter-otlp==1.38.0
#11 4.866  + opentelemetry-exporter-otlp-proto-common==1.38.0
#11 4.866  + opentelemetry-exporter-otlp-proto-grpc==1.38.0
#11 4.867  + opentelemetry-exporter-otlp-proto-http==1.38.0
#11 4.867  + opentelemetry-instrumentation==0.59b0
#11 4.867  + opentelemetry-proto==1.38.0
#11 4.867  + opentelemetry-sdk==1.38.0
#11 4.867  + opentelemetry-semantic-conventions==0.59b0
#11 4.867  + orjson==3.11.5
#11 4.867  + ormsgpack==1.12.2
#11 4.867  + packaging==25.0
#11 4.867  + parsel==1.10.0
#11 4.867  + propcache==0.4.1
#11 4.867  + protego==0.5.0
#11 4.867  + proto-plus==1.27.0
#11 4.867  + protobuf==6.33.4
#11 4.867  + psutil==7.2.1
#11 4.867  + pyasn1==0.6.2
#11 4.867  + pyasn1-modules==0.4.2
#11 4.867  + pycparser==2.23
#11 4.867  + pycryptodome==3.23.0
#11 4.867  + pydantic==2.12.5
#11 4.867  + pydantic-core==2.41.5
#11 4.867  + pydantic-settings==2.12.0
#11 4.867  + pydispatcher==2.0.7
#11 4.867  + pyopenssl==25.3.0
#11 4.867  + python-dotenv==1.2.1
#11 4.867  + pyyaml==6.0.3
#11 4.867  + queuelib==1.8.0
#11 4.867  + regex==2026.1.15
#11 4.867  + requests==2.32.5
#11 4.867  + requests-file==3.0.1
#11 4.867  + requests-toolbelt==1.0.0
#11 4.867  + rsa==4.9.1
#11 4.868  + scrapy==2.14.1
#11 4.868  + service-identity==24.2.0
#11 4.868  + sniffio==1.3.1
#11 4.868  + starlette==0.52.1
#11 4.868  + tabulate==0.9.0
#11 4.868  + tenacity==9.1.2
#11 4.868  + tiktoken==0.12.0
#11 4.868  + tldextract==5.3.1
#11 4.868  + tqdm==4.67.1
#11 4.868  + tripsphere==0.1.0 (from file:///app/libs/tripsphere)
#11 4.868  + twisted==25.5.0
#11 4.868  + typing-extensions==4.15.0
#11 4.868  + typing-inspection==0.4.2
#11 4.868  + urllib3==2.6.3
#11 4.868  + uuid-utils==0.13.0
#11 4.868  + uvicorn==0.40.0
#11 4.868  + w3lib==2.3.1
#11 4.869  + wrapt==1.17.3
#11 4.869  + xxhash==3.6.0
#11 4.869  + yarl==1.22.0
#11 4.869  + zipp==3.23.0
#11 4.869  + zope-interface==8.2
#11 4.869  + zstandard==0.25.0
#11 DONE 5.9s

#12 [builder 5/8] COPY pyproject.toml uv.lock README.md ./
#12 DONE 0.1s

#13 [builder 6/8] COPY src ./src
#13 DONE 0.0s

#14 [builder 7/8] RUN --mount=type=cache,target=/root/.cache/uv     uv sync --locked --no-dev
#14 0.252 Resolved 149 packages in 1ms
#14 0.263    Building itinerary-planner @ file:///app
#14 0.357       Built itinerary-planner @ file:///app
#14 0.359 Prepared 1 package in 96ms
#14 0.361 Installed 1 package in 1ms
#14 0.560 Bytecode compiled 4778 files in 198ms
#14 0.560  + itinerary-planner==0.1.0 (from file:///app)
#14 DONE 0.6s

#15 [builder 8/8] RUN --mount=type=cache,target=/root/.cache/uv     uv run --locked --no-dev opentelemetry-bootstrap -a requirements     | uv pip install --requirements -
#15 0.536 Bytecode compiled 4778 files in 209ms
#15 2.615 Resolved 31 packages in 1.54s
#15 2.705 Installed 22 packages in 43ms
#15 2.916 Bytecode compiled 4868 files in 210ms
#15 2.916  + asgiref==3.12.1
#15 2.916  + opentelemetry-instrumentation-aiohttp-client==0.59b0
#15 2.916  + opentelemetry-instrumentation-aiohttp-server==0.59b0
#15 2.916  + opentelemetry-instrumentation-asgi==0.59b0
#15 2.916  + opentelemetry-instrumentation-asyncio==0.59b0
#15 2.916  + opentelemetry-instrumentation-click==0.59b0
#15 2.916  + opentelemetry-instrumentation-dbapi==0.59b0
#15 2.916  + opentelemetry-instrumentation-fastapi==0.59b0
#15 2.916  + opentelemetry-instrumentation-grpc==0.59b0
#15 2.916  + opentelemetry-instrumentation-httpx==0.59b0
#15 2.916  + opentelemetry-instrumentation-logging==0.59b0
#15 2.916  + opentelemetry-instrumentation-openai-v2==2.3b0
#15 2.916  + opentelemetry-instrumentation-requests==0.59b0
#15 2.916  + opentelemetry-instrumentation-sqlite3==0.59b0
#15 2.916  + opentelemetry-instrumentation-starlette==0.59b0
#15 2.916  + opentelemetry-instrumentation-system-metrics==0.59b0
#15 2.916  + opentelemetry-instrumentation-threading==0.59b0
#15 2.916  + opentelemetry-instrumentation-tortoiseorm==0.59b0
#15 2.916  + opentelemetry-instrumentation-urllib==0.59b0
#15 2.916  + opentelemetry-instrumentation-urllib3==0.59b0
#15 2.917  + opentelemetry-instrumentation-wsgi==0.59b0
#15 2.917  + opentelemetry-util-http==0.59b0
#15 DONE 3.0s

#16 [stage-1 3/4] COPY --from=builder --chown=nonroot:nonroot /app /app
#16 DONE 2.4s

#17 [stage-1 4/4] WORKDIR /app
#17 DONE 0.1s

#18 exporting to image
#18 exporting layers
#18 exporting layers 2.5s done
#18 writing image sha256:3e5a86575ffc34385206012039f421421947e3f5bcc6a643b27e1807aac6a914 done
#18 naming to docker.io/tripsphere/trip-itinerary-planner:latest done
#18 DONE 2.5s
task: [itinerary:build] docker build . -t tripsphere/trip-itinerary-service:latest
#0 building with "default" instance using docker driver

#1 [internal] load build definition from Dockerfile
#1 transferring dockerfile: 2.12kB done
#1 DONE 0.0s

#2 [internal] load metadata for docker.io/library/eclipse-temurin:21-jdk
#2 ...

#3 [internal] load metadata for docker.io/library/eclipse-temurin:21-jre
#3 DONE 0.3s

#2 [internal] load metadata for docker.io/library/eclipse-temurin:21-jdk
#2 DONE 0.3s

#4 [internal] load .dockerignore
#4 transferring context: 534B done
#4 DONE 0.0s

#5 [builder  1/12] FROM docker.io/library/eclipse-temurin:21-jdk@sha256:85f00967bcc624fc19fa9c2cf124ea426a5363898e267141726f31f358c2e14b
#5 DONE 0.0s

#6 [stage-1 1/8] FROM docker.io/library/eclipse-temurin:21-jre@sha256:7a65df4b22d2de92d4e04056e884f3b9122d70b21e2847fd66084278bd0ce037
#6 DONE 0.0s

#7 [internal] load build context
#7 transferring context: 5.95MB 0.1s done
#7 DONE 0.2s

#8 [builder  3/12] COPY .mvn/ .mvn/
#8 CACHED

#9 [builder  4/12] COPY mvnw mvnw.cmd ./
#9 CACHED

#10 [builder  2/12] WORKDIR /app
#10 CACHED

#11 [builder  5/12] RUN chmod +x mvnw
#11 CACHED

#12 [builder  6/12] COPY pom.xml ./
#12 DONE 0.1s

#13 [stage-1 4/8] ADD --chmod=644     https://github.com/open-telemetry/opentelemetry-java-instrumentation/releases/download/v2.23.0/opentelemetry-javaagent.jar     /app/opentelemetry-javaagent.jar
#13 ...

#14 [builder  7/12] RUN <<EOF cat > /tmp/settings.xml
#14 DONE 0.3s

#15 [builder  8/12] RUN --mount=type=cache,target=/root/.m2     ./mvnw -B dependency:go-offline $([ -n "$MAVEN_MIRROR_URL" ] && echo "-s /tmp/settings.xml")
#15 ...

#13 [stage-1 4/8] ADD --chmod=644     https://github.com/open-telemetry/opentelemetry-java-instrumentation/releases/download/v2.23.0/opentelemetry-javaagent.jar     /app/opentelemetry-javaagent.jar
#13 DONE 1.0s

#15 [builder  8/12] RUN --mount=type=cache,target=/root/.m2     ./mvnw -B dependency:go-offline $([ -n "$MAVEN_MIRROR_URL" ] && echo "-s /tmp/settings.xml")
#15 1.806 [INFO] Scanning for projects...
#15 2.222 [INFO] ------------------------------------------------------------------------
#15 2.222 [INFO] Detecting the operating system and CPU architecture
#15 2.222 [INFO] ------------------------------------------------------------------------
#15 2.223 [INFO] os.detected.name: linux
#15 2.223 [INFO] os.detected.arch: x86_64
#15 2.223 [INFO] os.detected.bitness: 64
#15 2.223 [INFO] os.detected.version: 5.15
#15 2.223 [INFO] os.detected.version.major: 5
#15 2.223 [INFO] os.detected.version.minor: 15
#15 2.224 [INFO] os.detected.release: ubuntu
#15 2.224 [INFO] os.detected.release.version: 26.04
#15 2.224 [INFO] os.detected.release.like.ubuntu: true
#15 2.224 [INFO] os.detected.release.like.debian: true
#15 2.224 [INFO] os.detected.classifier: linux-x86_64
#15 2.533 [INFO] 
#15 2.533 [INFO] ----------------------< org.tripsphere:itinerary >----------------------
#15 2.533 [INFO] Building trip-itinerary-service 0.1.0
#15 2.534 [INFO]   from pom.xml
#15 2.534 [INFO] --------------------------------[ jar ]---------------------------------
#15 2.540 [INFO] 
#15 2.540 [INFO] --- dependency:3.8.1:go-offline (default-cli) @ itinerary ---
#15 4.911 [INFO] Resolved plugin: jetty-servlet-9.4.46.v20220331.jar
#15 4.911 [INFO] Resolved plugin: maven-install-plugin-3.1.4.jar
#15 4.911 [INFO] Resolved plugin: durian-collect-1.2.0.jar
#15 4.911 [INFO] Resolved plugin: maven-compiler-plugin-3.11.0.jar
#15 4.911 [INFO] Resolved plugin: asm-9.7.jar
#15 4.911 [INFO] Resolved plugin: doxia-module-twiki-1.11.1.jar
#15 4.911 [INFO] Resolved plugin: velocity-tools-2.0.jar
#15 4.911 [INFO] Resolved plugin: flexmark-ext-gfm-tasklist-0.42.14.jar
#15 4.911 [INFO] Resolved plugin: maven-resolver-api-1.9.22.jar
#15 4.911 [INFO] Resolved plugin: flexmark-ext-admonition-0.42.14.jar
#15 4.912 [INFO] Resolved plugin: org.eclipse.jgit-6.7.0.202309050840-r.jar
#15 4.912 [INFO] Resolved plugin: spotless-maven-plugin-2.43.0.jar
#15 4.912 [INFO] Resolved plugin: maven-core-3.2.5.jar
#15 4.912 [INFO] Resolved plugin: flexmark-ext-footnotes-0.42.14.jar
#15 4.912 [INFO] Resolved plugin: flexmark-ext-gfm-strikethrough-0.42.14.jar
#15 4.912 [INFO] Resolved plugin: okhttp-4.12.0.jar
#15 4.912 [INFO] Resolved plugin: maven-repository-metadata-3.0.jar
#15 4.912 [INFO] Resolved plugin: flexmark-ext-media-tags-0.42.14.jar
#15 4.912 [INFO] Resolved plugin: doxia-module-xhtml-1.11.1.jar
#15 4.912 [INFO] Resolved plugin: maven-shared-utils-3.0.0.jar
#15 4.912 [INFO] Resolved plugin: maven-shared-io-3.0.0.jar
#15 4.912 [INFO] Resolved plugin: flexmark-util-0.42.14.jar
#15 4.912 [INFO] Resolved plugin: flexmark-ext-anchorlink-0.42.14.jar
#15 4.912 [INFO] Resolved plugin: aether-api-1.7.jar
#15 4.916 [INFO] Resolved plugin: maven-resolver-util-1.9.22.jar
#15 4.916 [INFO] Resolved plugin: aether-api-1.0.0.v20140518.jar
#15 4.916 [INFO] Resolved plugin: autolink-0.6.0.jar
#15 4.916 [INFO] Resolved plugin: maven-filtering-3.3.1.jar
#15 4.916 [INFO] Resolved plugin: sisu-guice-2.1.7-noaop.jar
#15 4.916 [INFO] Resolved plugin: asm-commons-9.7.jar
#15 4.916 [INFO] Resolved plugin: maven-archiver-3.6.2.jar
#15 4.916 [INFO] Resolved plugin: doxia-skin-model-1.11.1.jar
#15 4.916 [INFO] Resolved plugin: dom4j-1.1.jar
#15 4.916 [INFO] Resolved plugin: bsh-2.0b6.jar
#15 4.916 [INFO] Resolved plugin: commons-io-2.16.1.jar
#15 4.916 [INFO] Resolved plugin: spring-boot-buildpack-platform-3.5.10.jar
#15 4.916 [INFO] Resolved plugin: flexmark-youtrack-converter-0.42.14.jar
#15 4.916 [INFO] Resolved plugin: maven-aether-provider-3.0.jar
#15 4.916 [INFO] Resolved plugin: surefire-extensions-api-3.5.4.jar
#15 4.916 [INFO] Resolved plugin: tomlj-1.0.0.jar
#15 4.916 [INFO] Resolved plugin: httpclient-4.5.13.jar
#15 4.916 [INFO] Resolved plugin: flexmark-ext-toc-0.42.14.jar
#15 4.916 [INFO] Resolved plugin: plexus-interpolation-1.14.jar
#15 4.916 [INFO] Resolved plugin: qdox-2.0.3.jar
#15 4.916 [INFO] Resolved plugin: surefire-api-3.5.4.jar
#15 4.916 [INFO] Resolved plugin: plexus-compiler-manager-2.13.0.jar
#15 4.916 [INFO] Resolved plugin: asm-9.8.jar
#15 4.916 [INFO] Resolved plugin: spotless-lib-extra-2.45.0.jar
#15 4.916 [INFO] Resolved plugin: jetty-http-9.4.46.v20220331.jar
#15 4.916 [INFO] Resolved plugin: plexus-classworlds-2.2.3.jar
#15 4.916 [INFO] Resolved plugin: flexmark-jira-converter-0.42.14.jar
#15 4.916 [INFO] Resolved plugin: maven-reporting-api-3.1.1.jar
#15 4.916 [INFO] Resolved plugin: maven-plugin-api-3.2.5.jar
#15 4.916 [INFO] Resolved plugin: sisu-guice-3.2.3-no_aop.jar
#15 4.916 [INFO] Resolved plugin: commons-codec-1.17.1.jar
#15 4.916 [INFO] Resolved plugin: flexmark-ext-attributes-0.42.14.jar
#15 4.916 [INFO] Resolved plugin: commons-lang3-3.8.1.jar
#15 4.916 [INFO] Resolved plugin: maven-aether-provider-3.2.5.jar
#15 4.916 [INFO] Resolved plugin: aether-util-1.0.0.v20140518.jar
#15 4.916 [INFO] Resolved plugin: jetty-security-9.4.46.v20220331.jar
#15 4.916 [INFO] Resolved plugin: httpclient5-5.5.2.jar
#15 4.916 [INFO] Resolved plugin: JavaEWAH-1.2.3.jar
#15 4.916 [INFO] Resolved plugin: maven-common-artifact-filters-3.4.0.jar
#15 4.916 [INFO] Resolved plugin: plexus-compiler-api-2.13.0.jar
#15 4.916 [INFO] Resolved plugin: aether-impl-1.7.jar
#15 4.916 [INFO] Resolved plugin: jsr305-2.0.1.jar
#15 4.916 [INFO] Resolved plugin: org.eclipse.sisu.plexus-0.3.5.jar
#15 4.916 [INFO] Resolved plugin: doxia-core-1.11.1.jar
#15 4.916 [INFO] Resolved plugin: kotlin-stdlib-jdk8-1.8.21.jar
#15 4.916 [INFO] Resolved plugin: flexmark-ext-ins-0.42.14.jar
#15 4.916 [INFO] Resolved plugin: maven-artifact-3.0.jar
#15 4.916 [INFO] Resolved plugin: google-collections-1.0.jar
#15 4.916 [INFO] Resolved plugin: plexus-java-1.1.2.jar
#15 4.916 [INFO] Resolved plugin: flexmark-ext-emoji-0.42.14.jar
#15 4.916 [INFO] Resolved plugin: maven-resolver-api-1.4.1.jar
#15 4.916 [INFO] Resolved plugin: doxia-integration-tools-1.11.1.jar
#15 4.916 [INFO] Resolved plugin: durian-io-1.2.0.jar
#15 4.916 [INFO] Resolved plugin: plexus-component-annotations-1.5.5.jar
#15 4.916 [INFO] Resolved plugin: spring-core-6.2.15.jar
#15 4.916 [INFO] Resolved plugin: maven-repository-metadata-3.2.5.jar
#15 4.916 [INFO] Resolved plugin: flexmark-ext-jekyll-front-matter-0.42.14.jar
#15 4.916 [INFO] Resolved plugin: doxia-decoration-model-1.11.1.jar
#15 4.916 [INFO] Resolved plugin: flexmark-all-0.42.14.jar
#15 4.916 [INFO] Resolved plugin: plexus-utils-3.5.0.jar
#15 4.916 [INFO] Resolved plugin: maven-shared-incremental-1.1.jar
#15 4.916 [INFO] Resolved plugin: file-management-3.1.0.jar
#15 4.916 [INFO] Resolved plugin: commons-compress-1.26.1.jar
#15 4.916 [INFO] Resolved plugin: jetty-webapp-9.4.46.v20220331.jar
#15 4.916 [INFO] Resolved plugin: spring-jcl-6.2.15.jar
#15 4.916 [INFO] Resolved plugin: solstice-1.7.5.jar
#15 4.916 [INFO] Resolved plugin: wagon-provider-api-2.10.jar
#15 4.916 [INFO] Resolved plugin: kotlin-stdlib-jdk7-1.8.21.jar
#15 4.916 [INFO] Resolved plugin: plexus-io-3.2.0.jar
#15 4.916 [INFO] Resolved plugin: xbean-reflect-3.7.jar
#15 4.916 [INFO] Resolved plugin: maven-reporting-exec-1.6.0.jar
#15 4.916 [INFO] Resolved plugin: doxia-sink-api-1.11.1.jar
#15 4.916 [INFO] Resolved plugin: jetty-xml-9.4.46.v20220331.jar
#15 4.916 [INFO] Resolved plugin: plexus-velocity-1.2.jar
#15 4.916 [INFO] Resolved plugin: plexus-container-default-2.1.0.jar
#15 4.916 [INFO] Resolved plugin: commons-codec-1.11.jar
#15 4.916 [INFO] Resolved plugin: jackson-core-2.19.4.jar
#15 4.916 [INFO] Resolved plugin: plexus-resources-1.2.0.jar
#15 4.916 [INFO] Resolved plugin: snappy-0.4.jar
#15 4.916 [INFO] Resolved plugin: maven-deploy-plugin-3.1.4.jar
#15 4.916 [INFO] Resolved plugin: jsr305-3.0.2.jar
#15 4.916 [INFO] Resolved plugin: plexus-compiler-javac-2.13.0.jar
#15 4.916 [INFO] Resolved plugin: plexus-build-api-0.0.7.jar
#15 4.916 [INFO] Resolved plugin: doxia-module-fml-1.11.1.jar
#15 4.916 [INFO] Resolved plugin: commons-digester-1.8.jar
#15 4.916 [INFO] Resolved plugin: jetty-server-9.4.46.v20220331.jar
#15 4.916 [INFO] Resolved plugin: org.eclipse.osgi-3.18.300.jar
#15 4.916 [INFO] Resolved plugin: flexmark-ext-abbreviation-0.42.14.jar
#15 4.916 [INFO] Resolved plugin: maven-archiver-3.5.2.jar
#15 4.916 [INFO] Resolved plugin: jackson-databind-2.19.4.jar
#15 4.916 [INFO] Resolved plugin: zstd-jni-1.5.5-11.jar
#15 4.916 [INFO] Resolved plugin: flexmark-ext-definition-0.42.14.jar
#15 4.916 [INFO] Resolved plugin: doxia-logging-api-1.11.1.jar
#15 4.916 [INFO] Resolved plugin: plexus-xml-3.0.1.jar
#15 4.916 [INFO] Resolved plugin: maven-surefire-plugin-3.5.4.jar
#15 4.916 [INFO] Resolved plugin: flexmark-ext-yaml-front-matter-0.42.14.jar
#15 4.916 [INFO] Resolved plugin: maven-site-plugin-3.12.1.jar
#15 4.916 [INFO] Resolved plugin: jna-5.17.0.jar
#15 4.916 [INFO] Resolved plugin: flexmark-ext-superscript-0.42.14.jar
#15 4.916 [INFO] Resolved plugin: commons-collections-3.2.2.jar
#15 4.916 [INFO] Resolved plugin: surefire-shared-utils-3.5.4.jar
#15 4.916 [INFO] Resolved plugin: doxia-module-markdown-1.11.1.jar
#15 4.916 [INFO] Resolved plugin: flexmark-ext-xwiki-macros-0.42.14.jar
#15 4.916 [INFO] Resolved plugin: concurrent-trees-2.6.1.jar
#15 4.916 [INFO] Resolved plugin: commons-compress-1.20.jar
#15 4.916 [INFO] Resolved plugin: maven-resources-plugin-3.3.1.jar
#15 4.916 [INFO] Resolved plugin: asm-9.4.jar
#15 4.916 [INFO] Resolved plugin: velocity-1.7.jar
#15 4.916 [INFO] Resolved plugin: plexus-utils-3.5.1.jar
#15 4.919 [INFO] Resolved plugin: slf4j-api-1.7.32.jar
#15 4.919 [INFO] Resolved plugin: surefire-extensions-spi-3.5.4.jar
#15 4.919 [INFO] Resolved plugin: aopalliance-1.0.jar
#15 4.919 [INFO] Resolved plugin: maven-model-3.0.jar
#15 4.919 [INFO] Resolved plugin: aether-spi-1.0.0.v20140518.jar
#15 4.919 [INFO] Resolved plugin: plexus-interpolation-1.26.jar
#15 4.919 [INFO] Resolved plugin: maven-settings-builder-3.2.5.jar
#15 4.919 [INFO] Resolved plugin: httpcore-4.4.14.jar
#15 4.919 [INFO] Resolved plugin: commons-lang3-3.12.0.jar
#15 4.919 [INFO] Resolved plugin: maven-model-builder-3.0.jar
#15 4.919 [INFO] Resolved plugin: maven-surefire-common-3.5.4.jar
#15 4.919 [INFO] Resolved plugin: maven-artifact-3.2.5.jar
#15 4.919 [INFO] Resolved plugin: flexmark-ext-enumerated-reference-0.42.14.jar
#15 4.919 [INFO] Resolved plugin: plexus-component-annotations-2.1.1.jar
#15 4.919 [INFO] Resolved plugin: commons-io-2.4.jar
#15 4.919 [INFO] Resolved plugin: jackson-module-parameter-names-2.19.4.jar
#15 4.919 [INFO] Resolved plugin: durian-swt.os-4.2.2.jar
#15 4.919 [INFO] Resolved plugin: plexus-utils-3.0.24.jar
#15 4.919 [INFO] Resolved plugin: asm-tree-9.7.jar
#15 4.919 [INFO] Resolved plugin: okio-jvm-3.6.0.jar
#15 4.919 [INFO] Resolved plugin: commons-logging-1.2.jar
#15 4.919 [INFO] Resolved plugin: flexmark-ext-escaped-character-0.42.14.jar
#15 4.919 [INFO] Resolved plugin: jdependency-2.10.jar
#15 4.919 [INFO] Resolved plugin: plexus-cipher-1.4.jar
#15 4.919 [INFO] Resolved plugin: httpcore5-h2-5.3.6.jar
#15 4.919 [INFO] Resolved plugin: spring-boot-maven-plugin-3.5.10.jar
#15 4.919 [INFO] Resolved plugin: flexmark-0.42.14.jar
#15 4.919 [INFO] Resolved plugin: spring-context-6.2.15.jar
#15 4.919 [INFO] Resolved plugin: plexus-utils-3.4.2.jar
#15 4.919 [INFO] Resolved plugin: flexmark-ext-aside-0.42.14.jar
#15 4.919 [INFO] Resolved plugin: flexmark-ext-wikilink-0.42.14.jar
#15 4.919 [INFO] Resolved plugin: spring-expression-6.2.15.jar
#15 4.919 [INFO] Resolved plugin: surefire-logger-api-3.5.4.jar
#15 4.919 [INFO] Resolved plugin: org.eclipse.sisu.inject-0.3.5.jar
#15 4.919 [INFO] Resolved plugin: plexus-io-3.4.2.jar
#15 4.919 [INFO] Resolved plugin: maven-settings-3.0.jar
#15 4.919 [INFO] Resolved plugin: maven-plugin-api-3.0.jar
#15 4.919 [INFO] Resolved plugin: flexmark-ext-gfm-tables-0.42.14.jar
#15 4.919 [INFO] Resolved plugin: sisu-inject-bean-1.4.2.jar
#15 4.919 [INFO] Resolved plugin: spring-aop-6.2.15.jar
#15 4.919 [INFO] Resolved plugin: spring-beans-6.2.15.jar
#15 4.919 [INFO] Resolved plugin: antlr4-runtime-4.7.2.jar
#15 4.919 [INFO] Resolved plugin: plexus-interpolation-1.27.jar
#15 4.919 [INFO] Resolved plugin: commons-io-2.11.0.jar
#15 4.919 [INFO] Resolved plugin: okio-3.6.0.jar
#15 4.919 [INFO] Resolved plugin: jetty-io-9.4.46.v20220331.jar
#15 4.919 [INFO] Resolved plugin: cdi-api-1.2.jar
#15 4.919 [INFO] Resolved plugin: commons-chain-1.1.jar
#15 4.919 [INFO] Resolved plugin: commons-codec-1.16.1.jar
#15 4.919 [INFO] Resolved plugin: flexmark-html-parser-0.42.14.jar
#15 4.919 [INFO] Resolved plugin: javax.inject-1.jar
#15 4.919 [INFO] Resolved plugin: kotlin-stdlib-common-1.9.10.jar
#15 4.919 [INFO] Resolved plugin: maven-shared-utils-3.3.4.jar
#15 4.919 [INFO] Resolved plugin: javax.servlet-api-3.1.0.jar
#15 4.919 [INFO] Resolved plugin: jetty-util-ajax-9.4.46.v20220331.jar
#15 4.919 [INFO] Resolved plugin: maven-settings-3.2.5.jar
#15 4.919 [INFO] Resolved plugin: jsoup-1.10.2.jar
#15 4.919 [INFO] Resolved plugin: oro-2.0.8.jar
#15 4.919 [INFO] Resolved plugin: spring-boot-loader-tools-3.5.10.jar
#15 4.919 [INFO] Resolved plugin: annotations-13.0.jar
#15 4.919 [INFO] Resolved plugin: commons-codec-1.16.0.jar
#15 4.919 [INFO] Resolved plugin: xz-1.9.jar
#15 4.919 [INFO] Resolved plugin: maven-compat-3.0.jar
#15 4.919 [INFO] Resolved plugin: maven-settings-builder-3.0.jar
#15 4.919 [INFO] Resolved plugin: aether-impl-1.0.0.v20140518.jar
#15 4.919 [INFO] Resolved plugin: aether-util-1.7.jar
#15 4.919 [INFO] Resolved plugin: commons-text-1.3.jar
#15 4.919 [INFO] Resolved plugin: maven-core-3.0.jar
#15 4.919 [INFO] Resolved plugin: commons-lang-2.4.jar
#15 4.919 [INFO] Resolved plugin: slf4j-api-1.7.36.jar
#15 4.919 [INFO] Resolved plugin: maven-resolver-util-1.4.1.jar
#15 4.919 [INFO] Resolved plugin: doxia-module-apt-1.11.1.jar
#15 4.919 [INFO] Resolved plugin: flexmark-ext-gfm-issues-0.42.14.jar
#15 4.919 [INFO] Resolved plugin: jetty-util-9.4.46.v20220331.jar
#15 4.919 [INFO] Resolved plugin: maven-model-builder-3.2.5.jar
#15 4.919 [INFO] Resolved plugin: maven-jar-plugin-3.4.2.jar
#15 4.919 [INFO] Resolved plugin: plexus-archiver-4.2.7.jar
#15 4.919 [INFO] Resolved plugin: kotlin-stdlib-1.8.21.jar
#15 4.919 [INFO] Resolved plugin: commons-io-2.6.jar
#15 4.919 [INFO] Resolved plugin: maven-shade-plugin-3.6.0.jar
#15 4.919 [INFO] Resolved plugin: flexmark-ext-youtube-embedded-0.42.14.jar
#15 4.919 [INFO] Resolved plugin: flexmark-formatter-0.42.14.jar
#15 4.919 [INFO] Resolved plugin: maven-model-3.2.5.jar
#15 4.919 [INFO] Resolved plugin: micrometer-commons-1.14.14.jar
#15 4.919 [INFO] Resolved plugin: plexus-utils-4.0.1.jar
#15 4.919 [INFO] Resolved plugin: jdom2-2.0.6.1.jar
#15 4.919 [INFO] Resolved plugin: flexmark-profile-pegdown-0.42.14.jar
#15 4.919 [INFO] Resolved plugin: doxia-module-docbook-simple-1.11.1.jar
#15 4.919 [INFO] Resolved plugin: commons-lang3-3.16.0.jar
#15 4.919 [INFO] Resolved plugin: guava-16.0.1.jar
#15 4.919 [INFO] Resolved plugin: file-management-3.0.0.jar
#15 4.919 [INFO] Resolved plugin: flexmark-ext-typographic-0.42.14.jar
#15 4.919 [INFO] Resolved plugin: flexmark-ext-autolink-0.42.14.jar
#15 4.919 [INFO] Resolved plugin: build-helper-maven-plugin-3.3.0.jar
#15 4.919 [INFO] Resolved plugin: flexmark-ext-jekyll-tag-0.42.14.jar
#15 4.919 [INFO] Resolved plugin: flexmark-ext-gitlab-0.42.14.jar
#15 4.919 [INFO] Resolved plugin: commons-compress-1.27.1.jar
#15 4.919 [INFO] Resolved plugin: doxia-module-xdoc-1.11.1.jar
#15 4.919 [INFO] Resolved plugin: spotless-lib-2.45.0.jar
#15 4.919 [INFO] Resolved plugin: doxia-site-renderer-1.11.1.jar
#15 4.919 [INFO] Resolved plugin: sisu-inject-plexus-1.4.2.jar
#15 4.919 [INFO] Resolved plugin: commons-beanutils-1.7.0.jar
#15 4.919 [INFO] Resolved plugin: httpcore5-5.3.6.jar
#15 4.919 [INFO] Resolved plugin: commons-lang3-3.14.0.jar
#15 4.919 [INFO] Resolved plugin: plexus-classworlds-2.5.2.jar
#15 4.919 [INFO] Resolved plugin: doxia-module-confluence-1.11.1.jar
#15 4.919 [INFO] Resolved plugin: doxia-module-xhtml5-1.11.1.jar
#15 4.919 [INFO] Resolved plugin: flexmark-ext-tables-0.42.14.jar
#15 4.919 [INFO] Resolved plugin: micrometer-observation-1.14.14.jar
#15 4.919 [INFO] Resolved plugin: javax.annotation-api-1.2.jar
#15 4.919 [INFO] Resolved plugin: plexus-utils-3.4.1.jar
#15 4.919 [INFO] Resolved plugin: flexmark-ext-macros-0.42.14.jar
#15 4.919 [INFO] Resolved plugin: jna-platform-5.17.0.jar
#15 4.919 [INFO] Resolved plugin: aether-spi-1.7.jar
#15 4.919 [INFO] Resolved plugin: plexus-sec-dispatcher-1.3.jar
#15 4.919 [INFO] Resolved plugin: plexus-java-1.5.0.jar
#15 4.919 [INFO] Resolved plugin: plexus-i18n-1.0-beta-10.jar
#15 4.919 [INFO] Resolved plugin: qdox-2.2.0.jar
#15 4.919 [INFO] Resolved plugin: flexmark-ext-gfm-users-0.42.14.jar
#15 4.919 [INFO] Resolved plugin: durian-core-1.2.0.jar
#15 4.919 [INFO] Resolved plugin: maven-clean-plugin-3.4.1.jar
#15 4.919 [INFO] Resolved plugin: plexus-archiver-4.9.2.jar
#15 4.919 [INFO] Resolved plugin: jackson-annotations-2.19.4.jar
#15 4.920 [INFO] Resolved plugin: surefire-booter-3.5.4.jar
#15 4.920 [INFO] Resolved dependency: reactor-extra-3.5.2.jar
#15 4.920 [INFO] Resolved dependency: guava-33.1.0-jre.jar
#15 4.920 [INFO] Resolved dependency: spring-boot-starter-3.2.4.jar
#15 4.920 [INFO] Resolved dependency: assertj-core-3.27.6.jar
#15 4.920 [INFO] Resolved dependency: grpc-spring-boot-starter-3.1.0.RELEASE.jar
#15 4.920 [INFO] Resolved dependency: hamcrest-3.0.jar
#15 4.920 [INFO] Resolved dependency: netty-transport-native-unix-common-4.1.121.Final.jar
#15 4.920 [INFO] Resolved dependency: json-smart-2.5.2.jar
#15 4.920 [INFO] Resolved dependency: log4j-to-slf4j-2.24.3.jar
#15 4.920 [INFO] Resolved dependency: jspecify-1.0.0.jar
#15 4.920 [INFO] Resolved dependency: jackson-datatype-jdk8-2.19.0.jar
#15 4.920 [INFO] Resolved dependency: junit-jupiter-params-5.12.2.jar
#15 4.920 [INFO] Resolved dependency: gson-2.12.1.jar
#15 4.920 [INFO] Resolved dependency: spring-data-commons-3.5.8.jar
#15 4.920 [INFO] Resolved dependency: spring-beans-6.2.7.jar
#15 4.920 [INFO] Resolved dependency: grpc-api-1.63.0.jar
#15 4.920 [INFO] Resolved dependency: accessors-smart-2.5.2.jar
#15 4.920 [INFO] Resolved dependency: spring-expression-6.2.7.jar
#15 4.920 [INFO] Resolved dependency: spring-cloud-starter-alibaba-nacos-discovery-2025.0.0.0.jar
#15 4.920 [INFO] Resolved dependency: junit-jupiter-api-5.12.2.jar
#15 4.920 [INFO] Resolved dependency: spring-boot-starter-json-3.5.10.jar
#15 4.920 [INFO] Resolved dependency: netty-handler-4.1.121.Final.jar
#15 4.920 [INFO] Resolved dependency: jboss-logging-3.6.1.Final.jar
#15 4.920 [INFO] Resolved dependency: spring-boot-starter-tomcat-3.5.10.jar
#15 4.920 [INFO] Resolved dependency: spring-aop-6.2.7.jar
#15 4.920 [INFO] Resolved dependency: snakeyaml-2.2.jar
#15 4.921 [INFO] Resolved dependency: spring-boot-starter-web-3.5.10.jar
#15 4.921 [INFO] Resolved dependency: logback-adapter-1.1.4.jar
#15 4.921 [INFO] Resolved dependency: grpc-util-1.63.0.jar
#15 4.921 [INFO] Resolved dependency: grpc-services-1.63.0.jar
#15 4.921 [INFO] Resolved dependency: spring-test-6.2.15.jar
#15 4.921 [INFO] Resolved dependency: netty-common-4.1.121.Final.jar
#15 4.921 [INFO] Resolved dependency: junit-jupiter-5.12.2.jar
#15 4.921 [INFO] Resolved dependency: grpc-api-1.78.0.jar
#15 4.921 [INFO] Resolved dependency: slf4j-api-2.0.12.jar
#15 4.921 [INFO] Resolved dependency: spring-jcl-6.2.7.jar
#15 4.921 [INFO] Resolved dependency: nacos-encryption-plugin-3.0.3.jar
#15 4.921 [INFO] Resolved dependency: micrometer-commons-1.12.4.jar
#15 4.921 [INFO] Resolved dependency: nacos-client-3.0.3.jar
#15 4.921 [INFO] Resolved dependency: tomcat-embed-core-10.1.50.jar
#15 4.921 [INFO] Resolved dependency: spring-boot-3.5.10.jar
#15 4.921 [INFO] Resolved dependency: junit-platform-engine-1.12.2.jar
#15 4.921 [INFO] Resolved dependency: slf4j-api-2.0.11.jar
#15 4.921 [INFO] Resolved dependency: error_prone_annotations-2.18.0.jar
#15 4.921 [INFO] Resolved dependency: log4j-api-2.21.1.jar
#15 4.921 [INFO] Resolved dependency: nacos-auth-plugin-3.0.3.jar
#15 4.921 [INFO] Resolved dependency: httpcore5-5.3.4.jar
#15 4.921 [INFO] Resolved dependency: JavaEWAH-1.2.3.jar
#15 4.921 [INFO] Resolved dependency: grpc-protobuf-lite-1.78.0.jar
#15 4.921 [INFO] Resolved dependency: httpclient-4.5.14.jar
#15 4.921 [INFO] Resolved dependency: spring-boot-starter-logging-3.5.0.jar
#15 4.921 [INFO] Resolved dependency: sshd-osgi-2.14.0.jar
#15 4.921 [INFO] Resolved dependency: reactor-netty-core-1.2.6.jar
#15 4.921 [INFO] Resolved dependency: tomcat-embed-el-10.1.50.jar
#15 4.921 [INFO] Resolved dependency: grpc-context-1.78.0.jar
#15 4.921 [INFO] Resolved dependency: grpc-stub-1.63.0.jar
#15 4.921 [INFO] Resolved dependency: grpc-protobuf-1.63.0.jar
#15 4.921 [INFO] Resolved dependency: listenablefuture-9999.0-empty-to-avoid-conflict-with-guava.jar
#15 4.921 [INFO] Resolved dependency: jakarta.xml.bind-api-4.0.4.jar
#15 4.921 [INFO] Resolved dependency: micrometer-commons-1.15.0.jar
#15 4.921 [INFO] Resolved dependency: spring-cloud-starter-4.3.0.jar
#15 4.921 [INFO] Resolved dependency: snakeyaml-2.4.jar
#15 4.921 [INFO] Resolved dependency: netty-resolver-dns-native-macos-4.1.121.Final-osx-x86_64.jar
#15 4.921 [INFO] Resolved dependency: spring-boot-starter-reactor-netty-3.5.0.jar
#15 4.921 [INFO] Resolved dependency: tomcat-embed-core-10.1.41.jar
#15 4.921 [INFO] Resolved dependency: spring-cloud-commons-4.3.0.jar
#15 4.921 [INFO] Resolved dependency: spring-cloud-config-server-4.3.0.jar
#15 4.921 [INFO] Resolved dependency: spring-boot-configuration-processor-3.5.0.jar
#15 4.921 [INFO] Resolved dependency: reactor-netty-http-1.2.6.jar
#15 4.921 [INFO] Resolved dependency: spring-core-6.2.15.jar
#15 4.922 [INFO] Resolved dependency: grpc-stub-1.78.0.jar
#15 4.922 [INFO] Resolved dependency: spring-cloud-loadbalancer-4.3.0.jar
#15 4.922 [INFO] Resolved dependency: asm-9.7.1.jar
#15 4.922 [INFO] Resolved dependency: logback-classic-1.5.25.jar
#15 4.922 [INFO] Resolved dependency: checker-qual-3.42.0.jar
#15 4.922 [INFO] Resolved dependency: spring-boot-starter-data-mongodb-3.5.10.jar
#15 4.922 [INFO] Resolved dependency: jackson-datatype-jdk8-2.19.4.jar
#15 4.922 [INFO] Resolved dependency: sshd-sftp-2.14.0.jar
#15 4.922 [INFO] Resolved dependency: logback-classic-1.5.18.jar
#15 4.922 [INFO] Resolved dependency: protobuf-java-4.33.5.jar
#15 4.922 [INFO] Resolved dependency: spring-jcl-6.2.15.jar
#15 4.922 [INFO] Resolved dependency: bson-5.5.2.jar
#15 4.922 [INFO] Resolved dependency: jackson-core-2.19.4.jar
#15 4.922 [INFO] Resolved dependency: protobuf-java-3.25.3.jar
#15 4.922 [INFO] Resolved dependency: simpleclient_tracer_otel_agent-0.16.0.jar
#15 4.922 [INFO] Resolved dependency: spring-cloud-context-4.3.0.jar
#15 4.922 [INFO] Resolved dependency: perfmark-api-0.27.0.jar
#15 4.922 [INFO] Resolved dependency: byte-buddy-1.17.7.jar
#15 4.922 [INFO] Resolved dependency: jsr305-3.0.2.jar
#15 4.922 [INFO] Resolved dependency: micrometer-core-1.15.0.jar
#15 4.922 [INFO] Resolved dependency: reactor-core-3.7.6.jar
#15 4.922 [INFO] Resolved dependency: jackson-datatype-jsr310-2.19.4.jar
#15 4.922 [INFO] Resolved dependency: jakarta.annotation-api-2.1.1.jar
#15 4.922 [INFO] Resolved dependency: spring-core-6.2.7.jar
#15 4.922 [INFO] Resolved dependency: jackson-databind-2.19.4.jar
#15 4.922 [INFO] Resolved dependency: spring-boot-starter-tomcat-3.5.0.jar
#15 4.922 [INFO] Resolved dependency: spring-boot-starter-webflux-3.5.0.jar
#15 4.922 [INFO] Resolved dependency: nacos-client-basic-3.0.3.jar
#15 4.922 [INFO] Resolved dependency: tomcat-embed-el-10.1.41.jar
#15 4.922 [INFO] Resolved dependency: gson-2.8.9.jar
#15 4.922 [INFO] Resolved dependency: gson-2.10.1.jar
#15 4.922 [INFO] Resolved dependency: grpc-protobuf-1.78.0.jar
#15 4.922 [INFO] Resolved dependency: netty-codec-dns-4.1.121.Final.jar
#15 4.922 [INFO] Resolved dependency: json-path-2.9.0.jar
#15 4.922 [INFO] Resolved dependency: grpc-server-spring-boot-starter-3.1.0.RELEASE.jar
#15 4.922 [INFO] Resolved dependency: guava-33.5.0-android.jar
#15 4.922 [INFO] Resolved dependency: grpc-common-spring-boot-3.1.0.RELEASE.jar
#15 4.922 [INFO] Resolved dependency: netty-handler-proxy-4.1.121.Final.jar
#15 4.923 [INFO] Resolved dependency: hibernate-validator-8.0.2.Final.jar
#15 4.923 [INFO] Resolved dependency: spring-cloud-config-client-4.3.0.jar
#15 4.923 [INFO] Resolved dependency: reactive-streams-1.0.4.jar
#15 4.923 [INFO] Resolved dependency: netty-codec-socks-4.1.121.Final.jar
#15 4.923 [INFO] Resolved dependency: netty-transport-4.1.121.Final.jar
#15 4.923 [INFO] Resolved dependency: spring-boot-starter-web-3.5.0.jar
#15 4.923 [INFO] Resolved dependency: jackson-core-2.19.0.jar
#15 4.923 [INFO] Resolved dependency: httpclient5-5.4.4.jar
#15 4.923 [INFO] Resolved dependency: netty-resolver-dns-4.1.121.Final.jar
#15 4.923 [INFO] Resolved dependency: slf4j-api-2.0.17.jar
#15 4.923 [INFO] Resolved dependency: log4j-to-slf4j-2.21.1.jar
#15 4.923 [INFO] Resolved dependency: jackson-annotations-2.19.0.jar
#15 4.923 [INFO] Resolved dependency: classmate-1.7.0.jar
#15 4.923 [INFO] Resolved dependency: error_prone_annotations-2.23.0.jar
#15 4.923 [INFO] Resolved dependency: spring-context-6.1.5.jar
#15 4.923 [INFO] Resolved dependency: spring-boot-3.5.0.jar
#15 4.923 [INFO] Resolved dependency: javax.annotation-api-1.3.2.jar
#15 4.923 [INFO] Resolved dependency: commons-codec-1.18.0.jar
#15 4.923 [INFO] Resolved dependency: mockito-core-5.17.0.jar
#15 4.923 [INFO] Resolved dependency: jul-to-slf4j-2.0.17.jar
#15 4.923 [INFO] Resolved dependency: spring-boot-test-3.5.10.jar
#15 4.923 [INFO] Resolved dependency: spring-boot-starter-3.5.10.jar
#15 4.923 [INFO] Resolved dependency: grpc-inprocess-1.63.0.jar
#15 4.923 [INFO] Resolved dependency: jackson-module-parameter-names-2.19.4.jar
#15 4.923 [INFO] Resolved dependency: netty-transport-native-epoll-4.1.121.Final-linux-x86_64.jar
#15 4.923 [INFO] Resolved dependency: spring-webflux-6.2.7.jar
#15 4.923 [INFO] Resolved dependency: spring-webmvc-6.2.7.jar
#15 4.923 [INFO] Resolved dependency: org.eclipse.jgit.http.apache-6.10.1.202505221210-r.jar
#15 4.923 [INFO] Resolved dependency: commons-logging-1.2.jar
#15 4.923 [INFO] Resolved dependency: opentest4j-1.3.0.jar
#15 4.923 [INFO] Resolved dependency: junit-jupiter-engine-5.12.2.jar
#15 4.923 [INFO] Resolved dependency: spring-context-6.2.15.jar
#15 4.923 [INFO] Resolved dependency: spring-expression-6.2.15.jar
#15 4.923 [INFO] Resolved dependency: netty-codec-http-4.1.121.Final.jar
#15 4.923 [INFO] Resolved dependency: error_prone_annotations-2.44.0.jar
#15 4.923 [INFO] Resolved dependency: mongodb-driver-core-5.5.2.jar
#15 4.923 [INFO] Resolved dependency: failureaccess-1.0.2.jar
#15 4.923 [INFO] Resolved dependency: simpleclient_tracer_common-0.16.0.jar
#15 4.923 [INFO] Resolved dependency: proto-google-common-protos-2.29.0.jar
#15 4.923 [INFO] Resolved dependency: spring-beans-6.2.15.jar
#15 4.923 [INFO] Resolved dependency: spring-aop-6.2.15.jar
#15 4.923 [INFO] Resolved dependency: tomcat-embed-websocket-10.1.41.jar
#15 4.923 [INFO] Resolved dependency: spring-beans-6.1.5.jar
#15 4.923 [INFO] Resolved dependency: spring-boot-test-autoconfigure-3.5.10.jar
#15 4.923 [INFO] Resolved dependency: jackson-datatype-jsr310-2.19.0.jar
#15 4.923 [INFO] Resolved dependency: netty-transport-classes-epoll-4.1.121.Final.jar
#15 4.923 [INFO] Resolved dependency: spring-boot-starter-test-3.5.10.jar
#15 4.924 [INFO] Resolved dependency: spring-boot-autoconfigure-3.5.0.jar
#15 4.924 [INFO] Resolved dependency: spring-web-6.2.7.jar
#15 4.924 [INFO] Resolved dependency: eddsa-0.3.0.jar
#15 4.924 [INFO] Resolved dependency: junit-platform-commons-1.12.2.jar
#15 4.924 [INFO] Resolved dependency: HdrHistogram-2.2.2.jar
#15 4.924 [INFO] Resolved dependency: spring-boot-autoconfigure-3.2.4.jar
#15 4.924 [INFO] Resolved dependency: netty-codec-4.1.121.Final.jar
#15 4.924 [INFO] Resolved dependency: grpc-netty-shaded-1.63.0.jar
#15 4.924 [INFO] Resolved dependency: failureaccess-1.0.3.jar
#15 4.924 [INFO] Resolved dependency: spring-aop-6.1.5.jar
#15 4.924 [INFO] Resolved dependency: annotations-4.1.1.4.jar
#15 4.924 [INFO] Resolved dependency: spring-jcl-6.1.5.jar
#15 4.924 [INFO] Resolved dependency: spring-security-crypto-6.5.0.jar
#15 4.924 [INFO] Resolved dependency: bcprov-jdk18on-1.80.jar
#15 4.924 [INFO] Resolved dependency: animal-sniffer-annotations-1.26.jar
#15 4.924 [INFO] Resolved dependency: spring-expression-6.1.5.jar
#15 4.924 [INFO] Resolved dependency: protobuf-java-3.25.8.jar
#15 4.924 [INFO] Resolved dependency: proto-google-common-protos-2.63.1.jar
#15 4.924 [INFO] Resolved dependency: grpc-core-1.78.0.jar
#15 4.924 [INFO] Resolved dependency: org.eclipse.jgit.ssh.apache-6.10.1.202505221210-r.jar
#15 4.924 [INFO] Resolved dependency: log4j-api-2.24.3.jar
#15 4.924 [INFO] Resolved dependency: spring-boot-actuator-autoconfigure-3.5.0.jar
#15 4.924 [INFO] Resolved dependency: spring-boot-autoconfigure-3.5.10.jar
#15 4.924 [INFO] Resolved dependency: spring-tx-6.2.15.jar
#15 4.924 [INFO] Resolved dependency: grpc-context-1.63.0.jar
#15 4.924 [INFO] Resolved dependency: protobuf-java-util-3.25.3.jar
#15 4.924 [INFO] Resolved dependency: spring-boot-starter-logging-3.2.4.jar
#15 4.924 [INFO] Resolved dependency: objenesis-3.3.jar
#15 4.924 [INFO] Resolved dependency: spring-data-mongodb-4.5.8.jar
#15 4.924 [INFO] Resolved dependency: uuid-creator-5.3.7.jar
#15 4.924 [INFO] Resolved dependency: spring-boot-starter-validation-3.5.0.jar
#15 4.924 [INFO] Resolved dependency: j2objc-annotations-3.1.jar
#15 4.924 [INFO] Resolved dependency: protobuf-java-util-4.33.5.jar
#15 4.924 [INFO] Resolved dependency: mapstruct-1.6.3.jar
#15 4.924 [INFO] Resolved dependency: jul-to-slf4j-2.0.12.jar
#15 4.924 [INFO] Resolved dependency: jcl-over-slf4j-2.0.17.jar
#15 4.924 [INFO] Resolved dependency: org.eclipse.jgit-6.10.1.202505221210-r.jar
#15 4.924 [INFO] Resolved dependency: mockito-junit-jupiter-5.17.0.jar
#15 4.924 [INFO] Resolved dependency: micrometer-commons-1.14.14.jar
#15 4.924 [INFO] Resolved dependency: jackson-databind-2.19.0.jar
#15 4.924 [INFO] Resolved dependency: netty-codec-http2-4.1.121.Final.jar
#15 4.924 [INFO] Resolved dependency: logback-classic-1.4.14.jar
#15 4.924 [INFO] Resolved dependency: logback-core-1.5.25.jar
#15 4.924 [INFO] Resolved dependency: httpcore-4.4.16.jar
#15 4.924 [INFO] Resolved dependency: spring-boot-starter-json-3.5.0.jar
#15 4.924 [INFO] Resolved dependency: grpc-protobuf-lite-1.63.0.jar
#15 4.924 [INFO] Resolved dependency: grpc-core-1.63.0.jar
#15 4.924 [INFO] Resolved dependency: jsonassert-1.5.3.jar
#15 4.924 [INFO] Resolved dependency: lombok-1.18.42.jar
#15 4.924 [INFO] Resolved dependency: micrometer-observation-1.15.0.jar
#15 4.924 [INFO] Resolved dependency: jackson-module-parameter-names-2.19.0.jar
#15 4.924 [INFO] Resolved dependency: spring-core-6.1.5.jar
#15 4.924 [INFO] Resolved dependency: logback-core-1.5.18.jar
#15 4.924 [INFO] Resolved dependency: jakarta.validation-api-3.0.2.jar
#15 4.925 [INFO] Resolved dependency: micrometer-observation-1.12.4.jar
#15 4.925 [INFO] Resolved dependency: simpleclient-0.16.0.jar
#15 4.925 [INFO] Resolved dependency: spring-boot-3.2.4.jar
#15 4.925 [INFO] Resolved dependency: spring-cloud-alibaba-commons-2025.0.0.0.jar
#15 4.925 [INFO] Resolved dependency: simpleclient_tracer_otel-0.16.0.jar
#15 4.925 [INFO] Resolved dependency: xmlunit-core-2.10.4.jar
#15 4.925 [INFO] Resolved dependency: netty-buffer-4.1.121.Final.jar
#15 4.925 [INFO] Resolved dependency: spring-context-6.2.7.jar
#15 4.925 [INFO] Resolved dependency: netty-resolver-dns-classes-macos-4.1.121.Final.jar
#15 4.925 [INFO] Resolved dependency: awaitility-4.2.2.jar
#15 4.925 [INFO] Resolved dependency: spring-boot-starter-logging-3.5.10.jar
#15 4.925 [INFO] Resolved dependency: perfmark-api-0.26.0.jar
#15 4.925 [INFO] Resolved dependency: micrometer-observation-1.14.14.jar
#15 4.925 [INFO] Resolved dependency: spring-boot-actuator-3.5.0.jar
#15 4.925 [INFO] Resolved dependency: httpcore5-h2-5.3.4.jar
#15 4.925 [INFO] Resolved dependency: logback-core-1.4.14.jar
#15 4.925 [INFO] Resolved dependency: nacos-log4j2-adapter-3.0.3.jar
#15 4.925 [INFO] Resolved dependency: animal-sniffer-annotations-1.23.jar
#15 4.925 [INFO] Resolved dependency: j2objc-annotations-2.8.jar
#15 4.925 [INFO] Resolved dependency: tomcat-embed-websocket-10.1.50.jar
#15 4.925 [INFO] Resolved dependency: spring-boot-starter-3.5.0.jar
#15 4.925 [INFO] Resolved dependency: spring-web-6.2.15.jar
#15 4.925 [INFO] Resolved dependency: jakarta.activation-api-2.1.4.jar
#15 4.925 [INFO] Resolved dependency: jackson-dataformat-yaml-2.19.0.jar
#15 4.925 [INFO] Resolved dependency: apiguardian-api-1.1.2.jar
#15 4.925 [INFO] Resolved dependency: byte-buddy-agent-1.15.11.jar
#15 4.925 [INFO] Resolved dependency: LatencyUtils-2.0.3.jar
#15 4.925 [INFO] Resolved dependency: mongodb-driver-sync-5.5.2.jar
#15 4.925 [INFO] Resolved dependency: jackson-annotations-2.19.4.jar
#15 4.925 [INFO] Resolved dependency: bson-record-codec-5.5.2.jar
#15 4.925 [INFO] Resolved dependency: netty-resolver-4.1.121.Final.jar
#15 4.925 [INFO] Resolved dependency: android-json-0.0.20131108.vaadin1.jar
#15 4.925 [INFO] Resolved dependency: grpc-client-spring-boot-starter-3.1.0.RELEASE.jar
#15 4.925 [INFO] Resolved dependency: spring-webmvc-6.2.15.jar
#15 4.926 [INFO] ------------------------------------------------------------------------
#15 4.926 [INFO] BUILD SUCCESS
#15 4.926 [INFO] ------------------------------------------------------------------------
#15 4.927 [INFO] Total time:  3.149 s
#15 4.928 [INFO] Finished at: 2026-08-26T07:36:49Z
#15 4.928 [INFO] ------------------------------------------------------------------------
#15 DONE 6.1s

#16 [builder  9/12] COPY src ./src
#16 DONE 0.3s

#17 [builder 10/12] COPY target/generated-sources ./target/generated-sources
#17 DONE 1.5s

#18 [builder 11/12] RUN --mount=type=cache,target=/root/.m2     ./mvnw -B package -DskipTests $([ -n "$MAVEN_MIRROR_URL" ] && echo "-s /tmp/settings.xml")
#18 4.276 [INFO] Scanning for projects...
#18 4.675 [INFO] Downloading from central: https://repo.maven.apache.org/maven2/org/springframework/boot/spring-boot-starter-parent/3.5.10/spring-boot-starter-parent-3.5.10.pom
#18 5.709 [INFO] Downloaded from central: https://repo.maven.apache.org/maven2/org/springframework/boot/spring-boot-starter-parent/3.5.10/spring-boot-starter-parent-3.5.10.pom (13 kB at 13 kB/s)
#18 5.734 [INFO] Downloading from central: https://repo.maven.apache.org/maven2/org/springframework/boot/spring-boot-dependencies/3.5.10/spring-boot-dependencies-3.5.10.pom
#18 5.935 [INFO] Downloaded from central: https://repo.maven.apache.org/maven2/org/springframework/boot/spring-boot-dependencies/3.5.10/spring-boot-dependencies-3.5.10.pom (96 kB at 480 kB/s)
#18 5.982 [INFO] Downloading from central: https://repo.maven.apache.org/maven2/kr/motd/maven/os-maven-plugin/1.7.0/os-maven-plugin-1.7.0.pom
#18 6.172 [INFO] Downloaded from central: https://repo.maven.apache.org/maven2/kr/motd/maven/os-maven-plugin/1.7.0/os-maven-plugin-1.7.0.pom (6.1 kB at 32 kB/s)
#18 6.180 [INFO] Downloading from central: https://repo.maven.apache.org/maven2/org/sonatype/oss/oss-parent/9/oss-parent-9.pom
#18 6.371 [INFO] Downloaded from central: https://repo.maven.apache.org/maven2/org/sonatype/oss/oss-parent/9/oss-parent-9.pom (6.6 kB at 34 kB/s)
#18 6.381 [INFO] Downloading from central: https://repo.maven.apache.org/maven2/org/apache/maven/maven-plugin-api/3.5.3/maven-plugin-api-3.5.3.pom
#18 6.568 [INFO] Downloaded from central: https://repo.maven.apache.org/maven2/org/apache/maven/maven-plugin-api/3.5.3/maven-plugin-api-3.5.3.pom (2.9 kB at 16 kB/s)
#18 6.572 [INFO] Downloading from central: https://repo.maven.apache.org/maven2/org/apache/maven/maven/3.5.3/maven-3.5.3.pom
#18 6.760 [INFO] Downloaded from central: https://repo.maven.apache.org/maven2/org/apache/maven/maven/3.5.3/maven-3.5.3.pom (23 kB at 124 kB/s)
#18 6.766 [INFO] Downloading from central: https://repo.maven.apache.org/maven2/org/apache/maven/maven-parent/31/maven-parent-31.pom
#18 6.957 [INFO] Downloaded from central: https://repo.maven.apache.org/maven2/org/apache/maven/maven-parent/31/maven-parent-31.pom (43 kB at 227 kB/s)
#18 6.963 [INFO] Downloading from central: https://repo.maven.apache.org/maven2/org/apache/apache/19/apache-19.pom
#18 7.153 [INFO] Downloaded from central: https://repo.maven.apache.org/maven2/org/apache/apache/19/apache-19.pom (15 kB at 82 kB/s)
#18 7.167 [INFO] Downloading from central: https://repo.maven.apache.org/maven2/org/apache/maven/maven-model/3.5.3/maven-model-3.5.3.pom
#18 7.371 [INFO] Downloaded from central: https://repo.maven.apache.org/maven2/org/apache/maven/maven-model/3.5.3/maven-model-3.5.3.pom (4.0 kB at 20 kB/s)
#18 7.383 [INFO] Downloading from central: https://repo.maven.apache.org/maven2/org/codehaus/plexus/plexus-utils/3.1.0/plexus-utils-3.1.0.pom
#18 7.574 [INFO] Downloaded from central: https://repo.maven.apache.org/maven2/org/codehaus/plexus/plexus-utils/3.1.0/plexus-utils-3.1.0.pom (4.7 kB at 24 kB/s)
#18 7.578 [INFO] Downloading from central: https://repo.maven.apache.org/maven2/org/codehaus/plexus/plexus/4.0/plexus-4.0.pom
#18 7.770 [INFO] Downloaded from central: https://repo.maven.apache.org/maven2/org/codehaus/plexus/plexus/4.0/plexus-4.0.pom (22 kB at 112 kB/s)
#18 7.776 [INFO] Downloading from central: https://repo.maven.apache.org/maven2/org/sonatype/forge/forge-parent/10/forge-parent-10.pom
#18 7.966 [INFO] Downloaded from central: https://repo.maven.apache.org/maven2/org/sonatype/forge/forge-parent/10/forge-parent-10.pom (14 kB at 71 kB/s)
#18 7.973 [INFO] Downloading from central: https://repo.maven.apache.org/maven2/org/apache/commons/commons-lang3/3.5/commons-lang3-3.5.pom
#18 8.165 [INFO] Downloaded from central: https://repo.maven.apache.org/maven2/org/apache/commons/commons-lang3/3.5/commons-lang3-3.5.pom (23 kB at 122 kB/s)
#18 8.170 [INFO] Downloading from central: https://repo.maven.apache.org/maven2/org/apache/commons/commons-parent/41/commons-parent-41.pom
#18 8.368 [INFO] Downloaded from central: https://repo.maven.apache.org/maven2/org/apache/commons/commons-parent/41/commons-parent-41.pom (65 kB at 327 kB/s)
#18 8.376 [INFO] Downloading from central: https://repo.maven.apache.org/maven2/org/apache/apache/18/apache-18.pom
#18 8.564 [INFO] Downloaded from central: https://repo.maven.apache.org/maven2/org/apache/apache/18/apache-18.pom (16 kB at 83 kB/s)
#18 8.572 [INFO] Downloading from central: https://repo.maven.apache.org/maven2/org/apache/maven/maven-artifact/3.5.3/maven-artifact-3.5.3.pom
#18 8.758 [INFO] Downloaded from central: https://repo.maven.apache.org/maven2/org/apache/maven/maven-artifact/3.5.3/maven-artifact-3.5.3.pom (2.1 kB at 11 kB/s)
#18 8.766 [INFO] Downloading from central: https://repo.maven.apache.org/maven2/org/eclipse/sisu/org.eclipse.sisu.plexus/0.3.3/org.eclipse.sisu.plexus-0.3.3.pom
#18 8.960 [INFO] Downloaded from central: https://repo.maven.apache.org/maven2/org/eclipse/sisu/org.eclipse.sisu.plexus/0.3.3/org.eclipse.sisu.plexus-0.3.3.pom (4.2 kB at 21 kB/s)
#18 8.963 [INFO] Downloading from central: https://repo.maven.apache.org/maven2/org/eclipse/sisu/sisu-plexus/0.3.3/sisu-plexus-0.3.3.pom
#18 9.152 [INFO] Downloaded from central: https://repo.maven.apache.org/maven2/org/eclipse/sisu/sisu-plexus/0.3.3/sisu-plexus-0.3.3.pom (14 kB at 73 kB/s)
#18 9.158 [INFO] Downloading from central: https://repo.maven.apache.org/maven2/javax/enterprise/cdi-api/1.0/cdi-api-1.0.pom
#18 9.347 [INFO] Downloaded from central: https://repo.maven.apache.org/maven2/javax/enterprise/cdi-api/1.0/cdi-api-1.0.pom (1.4 kB at 7.6 kB/s)
#18 9.349 [INFO] Downloading from central: https://repo.maven.apache.org/maven2/org/jboss/weld/weld-api-parent/1.0/weld-api-parent-1.0.pom
#18 9.539 [INFO] Downloaded from central: https://repo.maven.apache.org/maven2/org/jboss/weld/weld-api-parent/1.0/weld-api-parent-1.0.pom (2.4 kB at 12 kB/s)
#18 9.543 [INFO] Downloading from central: https://repo.maven.apache.org/maven2/org/jboss/weld/weld-api-bom/1.0/weld-api-bom-1.0.pom
#18 9.731 [INFO] Downloaded from central: https://repo.maven.apache.org/maven2/org/jboss/weld/weld-api-bom/1.0/weld-api-bom-1.0.pom (7.9 kB at 42 kB/s)
#18 9.735 [INFO] Downloading from central: https://repo.maven.apache.org/maven2/org/jboss/weld/weld-parent/6/weld-parent-6.pom
#18 9.924 [INFO] Downloaded from central: https://repo.maven.apache.org/maven2/org/jboss/weld/weld-parent/6/weld-parent-6.pom (21 kB at 109 kB/s)
#18 9.931 [INFO] Downloading from central: https://repo.maven.apache.org/maven2/javax/annotation/jsr250-api/1.0/jsr250-api-1.0.pom
#18 10.12 [INFO] Downloaded from central: https://repo.maven.apache.org/maven2/javax/annotation/jsr250-api/1.0/jsr250-api-1.0.pom (1.0 kB at 5.3 kB/s)
#18 10.13 [INFO] Downloading from central: https://repo.maven.apache.org/maven2/javax/inject/javax.inject/1/javax.inject-1.pom
#18 10.33 [INFO] Downloaded from central: https://repo.maven.apache.org/maven2/javax/inject/javax.inject/1/javax.inject-1.pom (612 B at 2.9 kB/s)
#18 10.34 [INFO] Downloading from central: https://repo.maven.apache.org/maven2/org/eclipse/sisu/org.eclipse.sisu.inject/0.3.3/org.eclipse.sisu.inject-0.3.3.pom
#18 10.53 [INFO] Downloaded from central: https://repo.maven.apache.org/maven2/org/eclipse/sisu/org.eclipse.sisu.inject/0.3.3/org.eclipse.sisu.inject-0.3.3.pom (2.6 kB at 14 kB/s)
#18 10.54 [INFO] Downloading from central: https://repo.maven.apache.org/maven2/org/eclipse/sisu/sisu-inject/0.3.3/sisu-inject-0.3.3.pom
#18 10.73 [INFO] Downloaded from central: https://repo.maven.apache.org/maven2/org/eclipse/sisu/sisu-inject/0.3.3/sisu-inject-0.3.3.pom (14 kB at 75 kB/s)
#18 10.73 [INFO] Downloading from central: https://repo.maven.apache.org/maven2/org/codehaus/plexus/plexus-component-annotations/1.5.5/plexus-component-annotations-1.5.5.pom
#18 10.92 [INFO] Downloaded from central: https://repo.maven.apache.org/maven2/org/codehaus/plexus/plexus-component-annotations/1.5.5/plexus-component-annotations-1.5.5.pom (815 B at 4.3 kB/s)
#18 10.92 [INFO] Downloading from central: https://repo.maven.apache.org/maven2/org/codehaus/plexus/plexus-containers/1.5.5/plexus-containers-1.5.5.pom
#18 11.11 [INFO] Downloaded from central: https://repo.maven.apache.org/maven2/org/codehaus/plexus/plexus-containers/1.5.5/plexus-containers-1.5.5.pom (4.2 kB at 22 kB/s)
#18 11.12 [INFO] Downloading from central: https://repo.maven.apache.org/maven2/org/codehaus/plexus/plexus/2.0.7/plexus-2.0.7.pom
#18 11.31 [INFO] Downloaded from central: https://repo.maven.apache.org/maven2/org/codehaus/plexus/plexus/2.0.7/plexus-2.0.7.pom (17 kB at 92 kB/s)
#18 11.31 [INFO] Downloading from central: https://repo.maven.apache.org/maven2/org/codehaus/plexus/plexus-classworlds/2.5.2/plexus-classworlds-2.5.2.pom
#18 11.51 [INFO] Downloaded from central: https://repo.maven.apache.org/maven2/org/codehaus/plexus/plexus-classworlds/2.5.2/plexus-classworlds-2.5.2.pom (7.3 kB at 38 kB/s)
#18 11.51 [INFO] Downloading from central: https://repo.maven.apache.org/maven2/org/codehaus/plexus/plexus/3.3.1/plexus-3.3.1.pom
#18 11.71 [INFO] Downloaded from central: https://repo.maven.apache.org/maven2/org/codehaus/plexus/plexus/3.3.1/plexus-3.3.1.pom (20 kB at 100 kB/s)
#18 11.72 [INFO] Downloading from central: https://repo.maven.apache.org/maven2/org/sonatype/spice/spice-parent/17/spice-parent-17.pom
#18 11.91 [INFO] Downloaded from central: https://repo.maven.apache.org/maven2/org/sonatype/spice/spice-parent/17/spice-parent-17.pom (6.8 kB at 35 kB/s)
#18 11.92 [INFO] Downloading from central: https://repo.maven.apache.org/maven2/org/codehaus/plexus/plexus-utils/3.0.17/plexus-utils-3.0.17.pom
#18 12.10 [INFO] Downloaded from central: https://repo.maven.apache.org/maven2/org/codehaus/plexus/plexus-utils/3.0.17/plexus-utils-3.0.17.pom (3.4 kB at 18 kB/s)
#18 12.11 [INFO] Downloading from central: https://repo.maven.apache.org/maven2/com/google/code/findbugs/jsr305/3.0.2/jsr305-3.0.2.pom
#18 12.30 [INFO] Downloaded from central: https://repo.maven.apache.org/maven2/com/google/code/findbugs/jsr305/3.0.2/jsr305-3.0.2.pom (4.3 kB at 22 kB/s)
#18 12.30 [INFO] Downloading from central: https://repo.maven.apache.org/maven2/org/sonatype/oss/oss-parent/7/oss-parent-7.pom
#18 12.49 [INFO] Downloaded from central: https://repo.maven.apache.org/maven2/org/sonatype/oss/oss-parent/7/oss-parent-7.pom (4.8 kB at 26 kB/s)
#18 12.51 [INFO] Downloading from central: https://repo.maven.apache.org/maven2/kr/motd/maven/os-maven-plugin/1.7.0/os-maven-plugin-1.7.0.jar
#18 12.72 [INFO] Downloaded from central: https://repo.maven.apache.org/maven2/kr/motd/maven/os-maven-plugin/1.7.0/os-maven-plugin-1.7.0.jar (33 kB at 157 kB/s)
#18 12.72 [INFO] Downloading from central: https://repo.maven.apache.org/maven2/org/apache/maven/maven-plugin-api/3.5.3/maven-plugin-api-3.5.3.jar
#18 12.72 [INFO] Downloading from central: https://repo.maven.apache.org/maven2/org/apache/maven/maven-model/3.5.3/maven-model-3.5.3.jar
#18 12.72 [INFO] Downloading from central: https://repo.maven.apache.org/maven2/org/apache/commons/commons-lang3/3.5/commons-lang3-3.5.jar
#18 12.72 [INFO] Downloading from central: https://repo.maven.apache.org/maven2/org/apache/maven/maven-artifact/3.5.3/maven-artifact-3.5.3.jar
#18 12.72 [INFO] Downloading from central: https://repo.maven.apache.org/maven2/org/eclipse/sisu/org.eclipse.sisu.plexus/0.3.3/org.eclipse.sisu.plexus-0.3.3.jar
#18 13.12 [INFO] Downloaded from central: https://repo.maven.apache.org/maven2/org/apache/maven/maven-model/3.5.3/maven-model-3.5.3.jar (165 kB at 414 kB/s)
#18 13.12 [INFO] Downloading from central: https://repo.maven.apache.org/maven2/javax/enterprise/cdi-api/1.0/cdi-api-1.0.jar
#18 13.27 [INFO] Downloaded from central: https://repo.maven.apache.org/maven2/org/apache/maven/maven-plugin-api/3.5.3/maven-plugin-api-3.5.3.jar (48 kB at 86 kB/s)
#18 13.27 [INFO] Downloading from central: https://repo.maven.apache.org/maven2/javax/annotation/jsr250-api/1.0/jsr250-api-1.0.jar
#18 13.28 [INFO] Downloaded from central: https://repo.maven.apache.org/maven2/org/apache/maven/maven-artifact/3.5.3/maven-artifact-3.5.3.jar (55 kB at 98 kB/s)
#18 13.28 [INFO] Downloading from central: https://repo.maven.apache.org/maven2/javax/inject/javax.inject/1/javax.inject-1.jar
#18 13.33 [INFO] Downloaded from central: https://repo.maven.apache.org/maven2/javax/enterprise/cdi-api/1.0/cdi-api-1.0.jar (45 kB at 74 kB/s)
#18 13.33 [INFO] Downloading from central: https://repo.maven.apache.org/maven2/org/eclipse/sisu/org.eclipse.sisu.inject/0.3.3/org.eclipse.sisu.inject-0.3.3.jar
#18 13.46 [INFO] Downloaded from central: https://repo.maven.apache.org/maven2/javax/annotation/jsr250-api/1.0/jsr250-api-1.0.jar (5.8 kB at 7.9 kB/s)
#18 13.46 [INFO] Downloading from central: https://repo.maven.apache.org/maven2/org/codehaus/plexus/plexus-component-annotations/1.5.5/plexus-component-annotations-1.5.5.jar
#18 13.48 [INFO] Downloaded from central: https://repo.maven.apache.org/maven2/javax/inject/javax.inject/1/javax.inject-1.jar (2.5 kB at 3.3 kB/s)
#18 13.48 [INFO] Downloading from central: https://repo.maven.apache.org/maven2/org/codehaus/plexus/plexus-classworlds/2.5.2/plexus-classworlds-2.5.2.jar
#18 13.59 [INFO] Downloaded from central: https://repo.maven.apache.org/maven2/org/eclipse/sisu/org.eclipse.sisu.plexus/0.3.3/org.eclipse.sisu.plexus-0.3.3.jar (205 kB at 236 kB/s)
#18 13.59 [INFO] Downloading from central: https://repo.maven.apache.org/maven2/org/codehaus/plexus/plexus-utils/3.1.0/plexus-utils-3.1.0.jar
#18 13.65 [INFO] Downloaded from central: https://repo.maven.apache.org/maven2/org/codehaus/plexus/plexus-component-annotations/1.5.5/plexus-component-annotations-1.5.5.jar (4.2 kB at 4.5 kB/s)
#18 13.65 [INFO] Downloading from central: https://repo.maven.apache.org/maven2/com/google/code/findbugs/jsr305/3.0.2/jsr305-3.0.2.jar
#18 13.71 [INFO] Downloaded from central: https://repo.maven.apache.org/maven2/org/codehaus/plexus/plexus-classworlds/2.5.2/plexus-classworlds-2.5.2.jar (53 kB at 53 kB/s)
#18 13.74 [INFO] Downloaded from central: https://repo.maven.apache.org/maven2/org/eclipse/sisu/org.eclipse.sisu.inject/0.3.3/org.eclipse.sisu.inject-0.3.3.jar (379 kB at 370 kB/s)
#18 13.85 [INFO] Downloaded from central: https://repo.maven.apache.org/maven2/org/apache/commons/commons-lang3/3.5/commons-lang3-3.5.jar (480 kB at 425 kB/s)
#18 13.86 [INFO] Downloaded from central: https://repo.maven.apache.org/maven2/com/google/code/findbugs/jsr305/3.0.2/jsr305-3.0.2.jar (20 kB at 18 kB/s)
#18 13.95 [INFO] Downloaded from central: https://repo.maven.apache.org/maven2/org/codehaus/plexus/plexus-utils/3.1.0/plexus-utils-3.1.0.jar (262 kB at 213 kB/s)
#18 13.99 [INFO] Downloading from central: https://repo.maven.apache.org/maven2/org/springframework/cloud/spring-cloud-dependencies/2025.0.1/spring-cloud-dependencies-2025.0.1.pom
#18 14.17 [INFO] Downloaded from central: https://repo.maven.apache.org/maven2/org/springframework/cloud/spring-cloud-dependencies/2025.0.1/spring-cloud-dependencies-2025.0.1.pom (10 kB at 59 kB/s)
#18 14.17 [INFO] Downloading from central: https://repo.maven.apache.org/maven2/org/springframework/cloud/spring-cloud-dependencies-parent/4.3.2/spring-cloud-dependencies-parent-4.3.2.pom
#18 14.34 [INFO] Downloaded from central: https://repo.maven.apache.org/maven2/org/springframework/cloud/spring-cloud-dependencies-parent/4.3.2/spring-cloud-dependencies-parent-4.3.2.pom (7.9 kB at 46 kB/s)
#18 14.35 [INFO] Downloading from central: https://repo.maven.apache.org/maven2/org/springframework/cloud/spring-cloud-commons-dependencies/4.3.1/spring-cloud-commons-dependencies-4.3.1.pom
#18 14.52 [INFO] Downloaded from central: https://repo.maven.apache.org/maven2/org/springframework/cloud/spring-cloud-commons-dependencies/4.3.1/spring-cloud-commons-dependencies-4.3.1.pom (6.9 kB at 39 kB/s)
#18 14.53 [INFO] Downloading from central: https://repo.maven.apache.org/maven2/com/squareup/okhttp3/okhttp-bom/4.12.0/okhttp-bom-4.12.0.pom
#18 14.71 [INFO] Downloaded from central: https://repo.maven.apache.org/maven2/com/squareup/okhttp3/okhttp-bom/4.12.0/okhttp-bom-4.12.0.pom (3.1 kB at 17 kB/s)
#18 14.71 [INFO] Downloading from central: https://repo.maven.apache.org/maven2/org/springframework/cloud/spring-cloud-netflix-dependencies/4.3.1/spring-cloud-netflix-dependencies-4.3.1.pom
#18 14.89 [INFO] Downloaded from central: https://repo.maven.apache.org/maven2/org/springframework/cloud/spring-cloud-netflix-dependencies/4.3.1/spring-cloud-netflix-dependencies-4.3.1.pom (10 kB at 58 kB/s)
#18 14.89 [INFO] Downloading from central: https://repo.maven.apache.org/maven2/org/springframework/cloud/spring-cloud-stream-dependencies/4.3.1/spring-cloud-stream-dependencies-4.3.1.pom
#18 15.07 [INFO] Downloaded from central: https://repo.maven.apache.org/maven2/org/springframework/cloud/spring-cloud-stream-dependencies/4.3.1/spring-cloud-stream-dependencies-4.3.1.pom (8.6 kB at 49 kB/s)
#18 15.07 [INFO] Downloading from central: https://repo.maven.apache.org/maven2/org/springframework/cloud/spring-cloud-task-dependencies/3.3.1/spring-cloud-task-dependencies-3.3.1.pom
#18 15.24 [INFO] Downloaded from central: https://repo.maven.apache.org/maven2/org/springframework/cloud/spring-cloud-task-dependencies/3.3.1/spring-cloud-task-dependencies-3.3.1.pom (5.8 kB at 33 kB/s)
#18 15.25 [INFO] Downloading from central: https://repo.maven.apache.org/maven2/org/springframework/cloud/spring-cloud-circuitbreaker-dependencies/3.3.1/spring-cloud-circuitbreaker-dependencies-3.3.1.pom
#18 15.42 [INFO] Downloaded from central: https://repo.maven.apache.org/maven2/org/springframework/cloud/spring-cloud-circuitbreaker-dependencies/3.3.1/spring-cloud-circuitbreaker-dependencies-3.3.1.pom (6.7 kB at 39 kB/s)
#18 15.42 [INFO] Downloading from central: https://repo.maven.apache.org/maven2/io/github/resilience4j/resilience4j-bom/2.2.0/resilience4j-bom-2.2.0.pom
#18 15.60 [INFO] Downloaded from central: https://repo.maven.apache.org/maven2/io/github/resilience4j/resilience4j-bom/2.2.0/resilience4j-bom-2.2.0.pom (6.4 kB at 37 kB/s)
#18 15.60 [INFO] Downloading from central: https://repo.maven.apache.org/maven2/org/springframework/cloud/spring-cloud-config-dependencies/4.3.1/spring-cloud-config-dependencies-4.3.1.pom
#18 15.77 [INFO] Downloaded from central: https://repo.maven.apache.org/maven2/org/springframework/cloud/spring-cloud-config-dependencies/4.3.1/spring-cloud-config-dependencies-4.3.1.pom (7.7 kB at 45 kB/s)
#18 15.78 [INFO] Downloading from central: https://repo.maven.apache.org/maven2/org/springframework/cloud/spring-cloud-function-dependencies/4.3.1/spring-cloud-function-dependencies-4.3.1.pom
#18 15.95 [INFO] Downloaded from central: https://repo.maven.apache.org/maven2/org/springframework/cloud/spring-cloud-function-dependencies/4.3.1/spring-cloud-function-dependencies-4.3.1.pom (7.0 kB at 41 kB/s)
#18 15.96 [INFO] Downloading from central: https://repo.maven.apache.org/maven2/org/springframework/cloud/spring-cloud-gateway-dependencies/4.3.3/spring-cloud-gateway-dependencies-4.3.3.pom
#18 16.13 [INFO] Downloaded from central: https://repo.maven.apache.org/maven2/org/springframework/cloud/spring-cloud-gateway-dependencies/4.3.3/spring-cloud-gateway-dependencies-4.3.3.pom (7.7 kB at 45 kB/s)
#18 16.13 [INFO] Downloading from central: https://repo.maven.apache.org/maven2/org/springframework/cloud/spring-cloud-consul-dependencies/4.3.1/spring-cloud-consul-dependencies-4.3.1.pom
#18 16.31 [INFO] Downloaded from central: https://repo.maven.apache.org/maven2/org/springframework/cloud/spring-cloud-consul-dependencies/4.3.1/spring-cloud-consul-dependencies-4.3.1.pom (7.5 kB at 43 kB/s)
#18 16.31 [INFO] Downloading from central: https://repo.maven.apache.org/maven2/org/springframework/cloud/spring-cloud-vault-dependencies/4.3.1/spring-cloud-vault-dependencies-4.3.1.pom
#18 16.48 [INFO] Downloaded from central: https://repo.maven.apache.org/maven2/org/springframework/cloud/spring-cloud-vault-dependencies/4.3.1/spring-cloud-vault-dependencies-4.3.1.pom (6.2 kB at 36 kB/s)
#18 16.49 [INFO] Downloading from central: https://repo.maven.apache.org/maven2/org/springframework/cloud/spring-cloud-zookeeper-dependencies/4.3.1/spring-cloud-zookeeper-dependencies-4.3.1.pom
#18 16.66 [INFO] Downloaded from central: https://repo.maven.apache.org/maven2/org/springframework/cloud/spring-cloud-zookeeper-dependencies/4.3.1/spring-cloud-zookeeper-dependencies-4.3.1.pom (8.9 kB at 52 kB/s)
#18 16.66 [INFO] Downloading from central: https://repo.maven.apache.org/maven2/org/springframework/cloud/spring-cloud-bus-dependencies/4.3.1/spring-cloud-bus-dependencies-4.3.1.pom
#18 16.84 [INFO] Downloaded from central: https://repo.maven.apache.org/maven2/org/springframework/cloud/spring-cloud-bus-dependencies/4.3.1/spring-cloud-bus-dependencies-4.3.1.pom (6.1 kB at 35 kB/s)
#18 16.85 [INFO] Downloading from central: https://repo.maven.apache.org/maven2/org/springframework/cloud/spring-cloud-contract-dependencies/4.3.1/spring-cloud-contract-dependencies-4.3.1.pom
#18 17.02 [INFO] Downloaded from central: https://repo.maven.apache.org/maven2/org/springframework/cloud/spring-cloud-contract-dependencies/4.3.1/spring-cloud-contract-dependencies-4.3.1.pom (8.7 kB at 51 kB/s)
#18 17.03 [INFO] Downloading from central: https://repo.maven.apache.org/maven2/org/springframework/cloud/spring-cloud-openfeign-dependencies/4.3.1/spring-cloud-openfeign-dependencies-4.3.1.pom
#18 17.20 [INFO] Downloaded from central: https://repo.maven.apache.org/maven2/org/springframework/cloud/spring-cloud-openfeign-dependencies/4.3.1/spring-cloud-openfeign-dependencies-4.3.1.pom (5.9 kB at 35 kB/s)
#18 17.20 [INFO] Downloading from central: https://repo.maven.apache.org/maven2/io/github/openfeign/feign-bom/13.6/feign-bom-13.6.pom
#18 17.37 [INFO] Downloaded from central: https://repo.maven.apache.org/maven2/io/github/openfeign/feign-bom/13.6/feign-bom-13.6.pom (8.5 kB at 49 kB/s)
#18 17.38 [INFO] Downloading from central: https://repo.maven.apache.org/maven2/org/springframework/cloud/spring-cloud-kubernetes-dependencies/3.3.1/spring-cloud-kubernetes-dependencies-3.3.1.pom
#18 17.55 [INFO] Downloaded from central: https://repo.maven.apache.org/maven2/org/springframework/cloud/spring-cloud-kubernetes-dependencies/3.3.1/spring-cloud-kubernetes-dependencies-3.3.1.pom (12 kB at 68 kB/s)
#18 17.56 [INFO] Downloading from central: https://repo.maven.apache.org/maven2/io/fabric8/kubernetes-client-bom/7.3.1/kubernetes-client-bom-7.3.1.pom
#18 17.73 [INFO] Downloaded from central: https://repo.maven.apache.org/maven2/io/fabric8/kubernetes-client-bom/7.3.1/kubernetes-client-bom-7.3.1.pom (21 kB at 119 kB/s)
#18 17.74 [INFO] Downloading from central: https://repo.maven.apache.org/maven2/com/alibaba/cloud/spring-cloud-alibaba-dependencies/2025.0.0.0/spring-cloud-alibaba-dependencies-2025.0.0.0.pom
#18 17.91 [INFO] Downloaded from central: https://repo.maven.apache.org/maven2/com/alibaba/cloud/spring-cloud-alibaba-dependencies/2025.0.0.0/spring-cloud-alibaba-dependencies-2025.0.0.0.pom (14 kB at 82 kB/s)
#18 17.91 [INFO] Downloading from central: https://repo.maven.apache.org/maven2/org/springframework/cloud/spring-cloud-dependencies-parent/4.3.0/spring-cloud-dependencies-parent-4.3.0.pom
#18 18.08 [INFO] Downloaded from central: https://repo.maven.apache.org/maven2/org/springframework/cloud/spring-cloud-dependencies-parent/4.3.0/spring-cloud-dependencies-parent-4.3.0.pom (7.6 kB at 44 kB/s)
#18 18.09 [INFO] Downloading from central: https://repo.maven.apache.org/maven2/org/apache/activemq/activemq-bom/6.1.8/activemq-bom-6.1.8.pom
#18 18.26 [INFO] Downloaded from central: https://repo.maven.apache.org/maven2/org/apache/activemq/activemq-bom/6.1.8/activemq-bom-6.1.8.pom (7.9 kB at 46 kB/s)
#18 18.26 [INFO] Downloading from central: https://repo.maven.apache.org/maven2/org/apache/activemq/artemis-bom/2.40.0/artemis-bom-2.40.0.pom
#18 18.44 [INFO] Downloaded from central: https://repo.maven.apache.org/maven2/org/apache/activemq/artemis-bom/2.40.0/artemis-bom-2.40.0.pom (9.6 kB at 56 kB/s)
#18 18.44 [INFO] Downloading from central: https://repo.maven.apache.org/maven2/org/apache/activemq/artemis-project/2.40.0/artemis-project-2.40.0.pom
#18 18.62 [INFO] Downloaded from central: https://repo.maven.apache.org/maven2/org/apache/activemq/artemis-project/2.40.0/artemis-project-2.40.0.pom (56 kB at 319 kB/s)
#18 18.62 [INFO] Downloading from central: https://repo.maven.apache.org/maven2/org/apache/apache/33/apache-33.pom
#18 18.79 [INFO] Downloaded from central: https://repo.maven.apache.org/maven2/org/apache/apache/33/apache-33.pom (24 kB at 141 kB/s)
#18 18.80 [INFO] Downloading from central: https://repo.maven.apache.org/maven2/org/assertj/assertj-bom/3.27.6/assertj-bom-3.27.6.pom
#18 18.97 [INFO] Downloaded from central: https://repo.maven.apache.org/maven2/org/assertj/assertj-bom/3.27.6/assertj-bom-3.27.6.pom (3.3 kB at 19 kB/s)
#18 18.97 [INFO] Downloading from central: https://repo.maven.apache.org/maven2/io/zipkin/reporter2/zipkin-reporter-bom/3.5.1/zipkin-reporter-bom-3.5.1.pom
#18 19.14 [INFO] Downloaded from central: https://repo.maven.apache.org/maven2/io/zipkin/reporter2/zipkin-reporter-bom/3.5.1/zipkin-reporter-bom-3.5.1.pom (6.3 kB at 37 kB/s)
#18 19.14 [INFO] Downloading from central: https://repo.maven.apache.org/maven2/io/zipkin/brave/brave-bom/6.1.0/brave-bom-6.1.0.pom
#18 19.32 [INFO] Downloaded from central: https://repo.maven.apache.org/maven2/io/zipkin/brave/brave-bom/6.1.0/brave-bom-6.1.0.pom (11 kB at 62 kB/s)
#18 19.33 [INFO] Downloading from central: https://repo.maven.apache.org/maven2/org/apache/cassandra/java-driver-bom/4.19.2/java-driver-bom-4.19.2.pom
#18 19.50 [INFO] Downloaded from central: https://repo.maven.apache.org/maven2/org/apache/cassandra/java-driver-bom/4.19.2/java-driver-bom-4.19.2.pom (5.5 kB at 32 kB/s)
#18 19.50 [INFO] Downloading from central: https://repo.maven.apache.org/maven2/org/glassfish/jaxb/jaxb-bom/4.0.6/jaxb-bom-4.0.6.pom
#18 19.68 [INFO] Downloaded from central: https://repo.maven.apache.org/maven2/org/glassfish/jaxb/jaxb-bom/4.0.6/jaxb-bom-4.0.6.pom (12 kB at 68 kB/s)
#18 19.68 [INFO] Downloading from central: https://repo.maven.apache.org/maven2/org/eclipse/ee4j/project/1.0.9/project-1.0.9.pom
#18 19.85 [INFO] Downloaded from central: https://repo.maven.apache.org/maven2/org/eclipse/ee4j/project/1.0.9/project-1.0.9.pom (16 kB at 93 kB/s)
#18 19.86 [INFO] Downloading from central: https://repo.maven.apache.org/maven2/org/apache/groovy/groovy-bom/4.0.29/groovy-bom-4.0.29.pom
#18 20.03 [INFO] Downloaded from central: https://repo.maven.apache.org/maven2/org/apache/groovy/groovy-bom/4.0.29/groovy-bom-4.0.29.pom (27 kB at 157 kB/s)
#18 20.04 [INFO] Downloading from central: https://repo.maven.apache.org/maven2/org/infinispan/infinispan-bom/15.2.6.Final/infinispan-bom-15.2.6.Final.pom
#18 20.21 [INFO] Downloaded from central: https://repo.maven.apache.org/maven2/org/infinispan/infinispan-bom/15.2.6.Final/infinispan-bom-15.2.6.Final.pom (17 kB at 101 kB/s)
#18 20.21 [INFO] Downloading from central: https://repo.maven.apache.org/maven2/org/infinispan/infinispan-build-configuration-parent/15.2.6.Final/infinispan-build-configuration-parent-15.2.6.Final.pom
#18 20.38 [INFO] Downloaded from central: https://repo.maven.apache.org/maven2/org/infinispan/infinispan-build-configuration-parent/15.2.6.Final/infinispan-build-configuration-parent-15.2.6.Final.pom (17 kB at 100 kB/s)
#18 20.39 [INFO] Downloading from central: https://repo.maven.apache.org/maven2/com/fasterxml/jackson/jackson-bom/2.19.4/jackson-bom-2.19.4.pom
#18 20.56 [INFO] Downloaded from central: https://repo.maven.apache.org/maven2/com/fasterxml/jackson/jackson-bom/2.19.4/jackson-bom-2.19.4.pom (20 kB at 117 kB/s)
#18 20.56 [INFO] Downloading from central: https://repo.maven.apache.org/maven2/com/fasterxml/jackson/jackson-parent/2.19.3/jackson-parent-2.19.3.pom
#18 20.74 [INFO] Downloaded from central: https://repo.maven.apache.org/maven2/com/fasterxml/jackson/jackson-parent/2.19.3/jackson-parent-2.19.3.pom (7.2 kB at 40 kB/s)
#18 20.74 [INFO] Downloading from central: https://repo.maven.apache.org/maven2/com/fasterxml/oss-parent/69/oss-parent-69.pom
#18 20.92 [INFO] Downloaded from central: https://repo.maven.apache.org/maven2/com/fasterxml/oss-parent/69/oss-parent-69.pom (24 kB at 137 kB/s)
#18 20.92 [INFO] Downloading from central: https://repo.maven.apache.org/maven2/org/glassfish/jersey/jersey-bom/3.1.11/jersey-bom-3.1.11.pom
#18 21.10 [INFO] Downloaded from central: https://repo.maven.apache.org/maven2/org/glassfish/jersey/jersey-bom/3.1.11/jersey-bom-3.1.11.pom (21 kB at 120 kB/s)
#18 21.10 [INFO] Downloading from central: https://repo.maven.apache.org/maven2/org/eclipse/jetty/ee10/jetty-ee10-bom/12.0.31/jetty-ee10-bom-12.0.31.pom
#18 21.27 [INFO] Downloaded from central: https://repo.maven.apache.org/maven2/org/eclipse/jetty/ee10/jetty-ee10-bom/12.0.31/jetty-ee10-bom-12.0.31.pom (9.6 kB at 56 kB/s)
#18 21.28 [INFO] Downloading from central: https://repo.maven.apache.org/maven2/org/eclipse/jetty/jetty-bom/12.0.31/jetty-bom-12.0.31.pom
#18 21.45 [INFO] Downloaded from central: https://repo.maven.apache.org/maven2/org/eclipse/jetty/jetty-bom/12.0.31/jetty-bom-12.0.31.pom (15 kB at 85 kB/s)
#18 21.45 [INFO] Downloading from central: https://repo.maven.apache.org/maven2/org/junit/junit-bom/5.12.2/junit-bom-5.12.2.pom
#18 21.63 [INFO] Downloaded from central: https://repo.maven.apache.org/maven2/org/junit/junit-bom/5.12.2/junit-bom-5.12.2.pom (5.6 kB at 33 kB/s)
#18 21.63 [INFO] Downloading from central: https://repo.maven.apache.org/maven2/org/jetbrains/kotlin/kotlin-bom/1.9.25/kotlin-bom-1.9.25.pom
#18 21.80 [INFO] Downloaded from central: https://repo.maven.apache.org/maven2/org/jetbrains/kotlin/kotlin-bom/1.9.25/kotlin-bom-1.9.25.pom (9.1 kB at 53 kB/s)
#18 21.81 [INFO] Downloading from central: https://repo.maven.apache.org/maven2/org/jetbrains/kotlinx/kotlinx-coroutines-bom/1.8.1/kotlinx-coroutines-bom-1.8.1.pom
#18 21.98 [INFO] Downloaded from central: https://repo.maven.apache.org/maven2/org/jetbrains/kotlinx/kotlinx-coroutines-bom/1.8.1/kotlinx-coroutines-bom-1.8.1.pom (4.3 kB at 25 kB/s)
#18 21.98 [INFO] Downloading from central: https://repo.maven.apache.org/maven2/org/jetbrains/kotlinx/kotlinx-serialization-bom/1.6.3/kotlinx-serialization-bom-1.6.3.pom
#18 22.15 [INFO] Downloaded from central: https://repo.maven.apache.org/maven2/org/jetbrains/kotlinx/kotlinx-serialization-bom/1.6.3/kotlinx-serialization-bom-1.6.3.pom (3.7 kB at 21 kB/s)
#18 22.15 [INFO] Downloading from central: https://repo.maven.apache.org/maven2/org/apache/logging/log4j/log4j-bom/2.24.3/log4j-bom-2.24.3.pom
#18 22.32 [INFO] Downloaded from central: https://repo.maven.apache.org/maven2/org/apache/logging/log4j/log4j-bom/2.24.3/log4j-bom-2.24.3.pom (12 kB at 72 kB/s)
#18 22.33 [INFO] Downloading from central: https://repo.maven.apache.org/maven2/org/apache/logging/logging-parent/11.3.0/logging-parent-11.3.0.pom
#18 22.50 [INFO] Downloaded from central: https://repo.maven.apache.org/maven2/org/apache/logging/logging-parent/11.3.0/logging-parent-11.3.0.pom (53 kB at 304 kB/s)
#18 22.51 [INFO] Downloading from central: https://repo.maven.apache.org/maven2/io/micrometer/micrometer-bom/1.15.8/micrometer-bom-1.15.8.pom
#18 22.68 [INFO] Downloaded from central: https://repo.maven.apache.org/maven2/io/micrometer/micrometer-bom/1.15.8/micrometer-bom-1.15.8.pom (8.6 kB at 50 kB/s)
#18 22.69 [INFO] Downloading from central: https://repo.maven.apache.org/maven2/io/micrometer/micrometer-tracing-bom/1.5.8/micrometer-tracing-bom-1.5.8.pom
#18 22.86 [INFO] Downloaded from central: https://repo.maven.apache.org/maven2/io/micrometer/micrometer-tracing-bom/1.5.8/micrometer-tracing-bom-1.5.8.pom (4.5 kB at 27 kB/s)
#18 22.86 [INFO] Downloading from central: https://repo.maven.apache.org/maven2/org/mockito/mockito-bom/5.17.0/mockito-bom-5.17.0.pom
#18 23.03 [INFO] Downloaded from central: https://repo.maven.apache.org/maven2/org/mockito/mockito-bom/5.17.0/mockito-bom-5.17.0.pom (3.0 kB at 17 kB/s)
#18 23.03 [INFO] Downloading from central: https://repo.maven.apache.org/maven2/org/mongodb/mongodb-driver-bom/5.5.2/mongodb-driver-bom-5.5.2.pom
#18 23.21 [INFO] Downloaded from central: https://repo.maven.apache.org/maven2/org/mongodb/mongodb-driver-bom/5.5.2/mongodb-driver-bom-5.5.2.pom (4.2 kB at 24 kB/s)
#18 23.21 [INFO] Downloading from central: https://repo.maven.apache.org/maven2/io/netty/netty-bom/4.1.130.Final/netty-bom-4.1.130.Final.pom
#18 23.38 [INFO] Downloaded from central: https://repo.maven.apache.org/maven2/io/netty/netty-bom/4.1.130.Final/netty-bom-4.1.130.Final.pom (15 kB at 85 kB/s)
#18 23.39 [INFO] Downloading from central: https://repo.maven.apache.org/maven2/io/opentelemetry/opentelemetry-bom/1.49.0/opentelemetry-bom-1.49.0.pom
#18 23.56 [INFO] Downloaded from central: https://repo.maven.apache.org/maven2/io/opentelemetry/opentelemetry-bom/1.49.0/opentelemetry-bom-1.49.0.pom (5.9 kB at 34 kB/s)
#18 23.56 [INFO] Downloading from central: https://repo.maven.apache.org/maven2/io/prometheus/prometheus-metrics-bom/1.3.10/prometheus-metrics-bom-1.3.10.pom
#18 23.73 [INFO] Downloaded from central: https://repo.maven.apache.org/maven2/io/prometheus/prometheus-metrics-bom/1.3.10/prometheus-metrics-bom-1.3.10.pom (5.8 kB at 34 kB/s)
#18 23.74 [INFO] Downloading from central: https://repo.maven.apache.org/maven2/io/prometheus/client_java_parent/1.3.10/client_java_parent-1.3.10.pom
#18 23.91 [INFO] Downloaded from central: https://repo.maven.apache.org/maven2/io/prometheus/client_java_parent/1.3.10/client_java_parent-1.3.10.pom (4.4 kB at 25 kB/s)
#18 23.91 [INFO] Downloading from central: https://repo.maven.apache.org/maven2/io/prometheus/simpleclient_bom/0.16.0/simpleclient_bom-0.16.0.pom
#18 24.08 [INFO] Downloaded from central: https://repo.maven.apache.org/maven2/io/prometheus/simpleclient_bom/0.16.0/simpleclient_bom-0.16.0.pom (6.0 kB at 35 kB/s)
#18 24.09 [INFO] Downloading from central: https://repo.maven.apache.org/maven2/io/prometheus/parent/0.16.0/parent-0.16.0.pom
#18 24.26 [INFO] Downloaded from central: https://repo.maven.apache.org/maven2/io/prometheus/parent/0.16.0/parent-0.16.0.pom (13 kB at 74 kB/s)
#18 24.26 [INFO] Downloading from central: https://repo.maven.apache.org/maven2/org/apache/pulsar/pulsar-bom/4.0.8/pulsar-bom-4.0.8.pom
#18 24.44 [INFO] Downloaded from central: https://repo.maven.apache.org/maven2/org/apache/pulsar/pulsar-bom/4.0.8/pulsar-bom-4.0.8.pom (25 kB at 142 kB/s)
#18 24.44 [INFO] Downloading from central: https://repo.maven.apache.org/maven2/org/apache/apache/35/apache-35.pom
#18 24.61 [INFO] Downloaded from central: https://repo.maven.apache.org/maven2/org/apache/apache/35/apache-35.pom (24 kB at 141 kB/s)
#18 24.62 [INFO] Downloading from central: https://repo.maven.apache.org/maven2/org/apache/pulsar/pulsar-client-reactive-bom/0.6.0/pulsar-client-reactive-bom-0.6.0.pom
#18 24.79 [INFO] Downloaded from central: https://repo.maven.apache.org/maven2/org/apache/pulsar/pulsar-client-reactive-bom/0.6.0/pulsar-client-reactive-bom-0.6.0.pom (2.8 kB at 16 kB/s)
#18 24.79 [INFO] Downloading from central: https://repo.maven.apache.org/maven2/com/querydsl/querydsl-bom/5.1.0/querydsl-bom-5.1.0.pom
#18 24.96 [INFO] Downloaded from central: https://repo.maven.apache.org/maven2/com/querydsl/querydsl-bom/5.1.0/querydsl-bom-5.1.0.pom (7.2 kB at 42 kB/s)
#18 24.97 [INFO] Downloading from central: https://repo.maven.apache.org/maven2/io/projectreactor/reactor-bom/2024.0.14/reactor-bom-2024.0.14.pom
#18 25.14 [INFO] Downloaded from central: https://repo.maven.apache.org/maven2/io/projectreactor/reactor-bom/2024.0.14/reactor-bom-2024.0.14.pom (4.8 kB at 28 kB/s)
#18 25.14 [INFO] Downloading from central: https://repo.maven.apache.org/maven2/io/rest-assured/rest-assured-bom/5.5.7/rest-assured-bom-5.5.7.pom
#18 25.32 [INFO] Downloaded from central: https://repo.maven.apache.org/maven2/io/rest-assured/rest-assured-bom/5.5.7/rest-assured-bom-5.5.7.pom (4.7 kB at 27 kB/s)
#18 25.32 [INFO] Downloading from central: https://repo.maven.apache.org/maven2/io/rsocket/rsocket-bom/1.1.5/rsocket-bom-1.1.5.pom
#18 25.49 [INFO] Downloaded from central: https://repo.maven.apache.org/maven2/io/rsocket/rsocket-bom/1.1.5/rsocket-bom-1.1.5.pom (2.4 kB at 14 kB/s)
#18 25.49 [INFO] Downloading from central: https://repo.maven.apache.org/maven2/org/seleniumhq/selenium/selenium-bom/4.31.0/selenium-bom-4.31.0.pom
#18 25.67 [INFO] Downloaded from central: https://repo.maven.apache.org/maven2/org/seleniumhq/selenium/selenium-bom/4.31.0/selenium-bom-4.31.0.pom (5.8 kB at 34 kB/s)
#18 25.67 [INFO] Downloading from central: https://repo.maven.apache.org/maven2/org/springframework/amqp/spring-amqp-bom/3.2.9/spring-amqp-bom-3.2.9.pom
#18 25.84 [INFO] Downloaded from central: https://repo.maven.apache.org/maven2/org/springframework/amqp/spring-amqp-bom/3.2.9/spring-amqp-bom-3.2.9.pom (3.9 kB at 23 kB/s)
#18 25.84 [INFO] Downloading from central: https://repo.maven.apache.org/maven2/org/springframework/batch/spring-batch-bom/5.2.4/spring-batch-bom-5.2.4.pom
#18 26.02 [INFO] Downloaded from central: https://repo.maven.apache.org/maven2/org/springframework/batch/spring-batch-bom/5.2.4/spring-batch-bom-5.2.4.pom (3.2 kB at 19 kB/s)
#18 26.02 [INFO] Downloading from central: https://repo.maven.apache.org/maven2/org/springframework/data/spring-data-bom/2025.0.8/spring-data-bom-2025.0.8.pom
#18 26.19 [INFO] Downloaded from central: https://repo.maven.apache.org/maven2/org/springframework/data/spring-data-bom/2025.0.8/spring-data-bom-2025.0.8.pom (5.5 kB at 32 kB/s)
#18 26.19 [INFO] Downloading from central: https://repo.maven.apache.org/maven2/org/springframework/spring-framework-bom/6.2.15/spring-framework-bom-6.2.15.pom
#18 26.36 [INFO] Downloaded from central: https://repo.maven.apache.org/maven2/org/springframework/spring-framework-bom/6.2.15/spring-framework-bom-6.2.15.pom (5.8 kB at 34 kB/s)
#18 26.37 [INFO] Downloading from central: https://repo.maven.apache.org/maven2/org/springframework/integration/spring-integration-bom/6.5.6/spring-integration-bom-6.5.6.pom
#18 26.54 [INFO] Downloaded from central: https://repo.maven.apache.org/maven2/org/springframework/integration/spring-integration-bom/6.5.6/spring-integration-bom-6.5.6.pom (10 kB at 61 kB/s)
#18 26.54 [INFO] Downloading from central: https://repo.maven.apache.org/maven2/org/springframework/pulsar/spring-pulsar-bom/1.2.14/spring-pulsar-bom-1.2.14.pom
#18 26.71 [INFO] Downloaded from central: https://repo.maven.apache.org/maven2/org/springframework/pulsar/spring-pulsar-bom/1.2.14/spring-pulsar-bom-1.2.14.pom (2.9 kB at 17 kB/s)
#18 26.72 [INFO] Downloading from central: https://repo.maven.apache.org/maven2/org/springframework/restdocs/spring-restdocs-bom/3.0.5/spring-restdocs-bom-3.0.5.pom
#18 26.89 [INFO] Downloaded from central: https://repo.maven.apache.org/maven2/org/springframework/restdocs/spring-restdocs-bom/3.0.5/spring-restdocs-bom-3.0.5.pom (2.6 kB at 15 kB/s)
#18 26.89 [INFO] Downloading from central: https://repo.maven.apache.org/maven2/org/springframework/security/spring-security-bom/6.5.7/spring-security-bom-6.5.7.pom
#18 27.07 [INFO] Downloaded from central: https://repo.maven.apache.org/maven2/org/springframework/security/spring-security-bom/6.5.7/spring-security-bom-6.5.7.pom (5.3 kB at 31 kB/s)
#18 27.07 [INFO] Downloading from central: https://repo.maven.apache.org/maven2/org/springframework/session/spring-session-bom/3.5.4/spring-session-bom-3.5.4.pom
#18 27.24 [INFO] Downloaded from central: https://repo.maven.apache.org/maven2/org/springframework/session/spring-session-bom/3.5.4/spring-session-bom-3.5.4.pom (2.9 kB at 17 kB/s)
#18 27.25 [INFO] Downloading from central: https://repo.maven.apache.org/maven2/org/springframework/ws/spring-ws-bom/4.1.2/spring-ws-bom-4.1.2.pom
#18 27.42 [INFO] Downloaded from central: https://repo.maven.apache.org/maven2/org/springframework/ws/spring-ws-bom/4.1.2/spring-ws-bom-4.1.2.pom (2.3 kB at 13 kB/s)
#18 27.42 [INFO] Downloading from central: https://repo.maven.apache.org/maven2/org/testcontainers/testcontainers-bom/1.21.4/testcontainers-bom-1.21.4.pom
#18 27.60 [INFO] Downloaded from central: https://repo.maven.apache.org/maven2/org/testcontainers/testcontainers-bom/1.21.4/testcontainers-bom-1.21.4.pom (12 kB at 66 kB/s)
#18 27.65 [INFO] ------------------------------------------------------------------------
#18 27.65 [INFO] Detecting the operating system and CPU architecture
#18 27.65 [INFO] ------------------------------------------------------------------------
#18 27.65 [INFO] os.detected.name: linux
#18 27.65 [INFO] os.detected.arch: x86_64
#18 27.65 [INFO] os.detected.bitness: 64
#18 27.65 [INFO] os.detected.version: 5.15
#18 27.65 [INFO] os.detected.version.major: 5
#18 27.65 [INFO] os.detected.version.minor: 15
#18 27.65 [INFO] os.detected.release: ubuntu
#18 27.65 [INFO] os.detected.release.version: 26.04
#18 27.65 [INFO] os.detected.release.like.ubuntu: true
#18 27.65 [INFO] os.detected.release.like.debian: true
#18 27.65 [INFO] os.detected.classifier: linux-x86_64
#18 27.67 [INFO] 
#18 27.67 [INFO] ----------------------< org.tripsphere:itinerary >----------------------
#18 27.67 [INFO] Building trip-itinerary-service 0.1.0
#18 27.67 [INFO]   from pom.xml
#18 27.67 [INFO] --------------------------------[ jar ]---------------------------------
#18 27.67 [INFO] Downloading from central: https://repo.maven.apache.org/maven2/org/springframework/boot/spring-boot-maven-plugin/3.5.10/spring-boot-maven-plugin-3.5.10.pom
#18 27.84 [INFO] Downloaded from central: https://repo.maven.apache.org/maven2/org/springframework/boot/spring-boot-maven-plugin/3.5.10/spring-boot-maven-plugin-3.5.10.pom (4.0 kB at 23 kB/s)
#18 27.85 [INFO] Downloading from central: https://repo.maven.apache.org/maven2/org/springframework/boot/spring-boot-maven-plugin/3.5.10/spring-boot-maven-plugin-3.5.10.jar
#18 28.06 [INFO] Downloaded from central: https://repo.maven.apache.org/maven2/org/springframework/boot/spring-boot-maven-plugin/3.5.10/spring-boot-maven-plugin-3.5.10.jar (135 kB at 648 kB/s)
#18 28.07 [INFO] Downloading from central: https://repo.maven.apache.org/maven2/org/codehaus/mojo/build-helper-maven-plugin/3.3.0/build-helper-maven-plugin-3.3.0.pom
#18 28.24 [INFO] Downloaded from central: https://repo.maven.apache.org/maven2/org/codehaus/mojo/build-helper-maven-plugin/3.3.0/build-helper-maven-plugin-3.3.0.pom (7.4 kB at 43 kB/s)
#18 28.25 [INFO] Downloading from central: https://repo.maven.apache.org/maven2/org/codehaus/mojo/mojo-parent/65/mojo-parent-65.pom
#18 28.42 [INFO] Downloaded from central: https://repo.maven.apache.org/maven2/org/codehaus/mojo/mojo-parent/65/mojo-parent-65.pom (35 kB at 199 kB/s)
#18 28.42 [INFO] Downloading from central: https://repo.maven.apache.org/maven2/org/junit/junit-bom/5.8.1/junit-bom-5.8.1.pom
#18 28.59 [INFO] Downloaded from central: https://repo.maven.apache.org/maven2/org/junit/junit-bom/5.8.1/junit-bom-5.8.1.pom (5.6 kB at 33 kB/s)
#18 28.60 [INFO] Downloading from central: https://repo.maven.apache.org/maven2/org/codehaus/mojo/build-helper-maven-plugin/3.3.0/build-helper-maven-plugin-3.3.0.jar
#18 28.78 [INFO] Downloaded from central: https://repo.maven.apache.org/maven2/org/codehaus/mojo/build-helper-maven-plugin/3.3.0/build-helper-maven-plugin-3.3.0.jar (68 kB at 370 kB/s)
#18 28.80 [INFO] Downloading from central: https://repo.maven.apache.org/maven2/org/apache/maven/plugins/maven-resources-plugin/3.3.1/maven-resources-plugin-3.3.1.pom
#18 28.97 [INFO] Downloaded from central: https://repo.maven.apache.org/maven2/org/apache/maven/plugins/maven-resources-plugin/3.3.1/maven-resources-plugin-3.3.1.pom (8.2 kB at 47 kB/s)
#18 28.97 [INFO] Downloading from central: https://repo.maven.apache.org/maven2/org/apache/maven/plugins/maven-plugins/39/maven-plugins-39.pom
#18 29.14 [INFO] Downloaded from central: https://repo.maven.apache.org/maven2/org/apache/maven/plugins/maven-plugins/39/maven-plugins-39.pom (8.1 kB at 47 kB/s)
#18 29.15 [INFO] Downloading from central: https://repo.maven.apache.org/maven2/org/apache/maven/maven-parent/39/maven-parent-39.pom
#18 29.32 [INFO] Downloaded from central: https://repo.maven.apache.org/maven2/org/apache/maven/maven-parent/39/maven-parent-39.pom (48 kB at 277 kB/s)
#18 29.32 [INFO] Downloading from central: https://repo.maven.apache.org/maven2/org/apache/apache/29/apache-29.pom
#18 29.49 [INFO] Downloaded from central: https://repo.maven.apache.org/maven2/org/apache/apache/29/apache-29.pom (21 kB at 121 kB/s)
#18 29.50 [INFO] Downloading from central: https://repo.maven.apache.org/maven2/org/apache/maven/plugins/maven-resources-plugin/3.3.1/maven-resources-plugin-3.3.1.jar
#18 29.67 [INFO] Downloaded from central: https://repo.maven.apache.org/maven2/org/apache/maven/plugins/maven-resources-plugin/3.3.1/maven-resources-plugin-3.3.1.jar (31 kB at 178 kB/s)
#18 29.68 [INFO] Downloading from central: https://repo.maven.apache.org/maven2/org/apache/maven/plugins/maven-compiler-plugin/3.11.0/maven-compiler-plugin-3.11.0.pom
#18 29.85 [INFO] Downloaded from central: https://repo.maven.apache.org/maven2/org/apache/maven/plugins/maven-compiler-plugin/3.11.0/maven-compiler-plugin-3.11.0.pom (9.8 kB at 56 kB/s)
#18 29.86 [INFO] Downloading from central: https://repo.maven.apache.org/maven2/org/apache/maven/plugins/maven-compiler-plugin/3.11.0/maven-compiler-plugin-3.11.0.jar
#18 30.05 [INFO] Downloaded from central: https://repo.maven.apache.org/maven2/org/apache/maven/plugins/maven-compiler-plugin/3.11.0/maven-compiler-plugin-3.11.0.jar (66 kB at 348 kB/s)
#18 30.06 [INFO] Downloading from central: https://repo.maven.apache.org/maven2/org/apache/maven/plugins/maven-surefire-plugin/3.5.4/maven-surefire-plugin-3.5.4.pom
#18 30.23 [INFO] Downloaded from central: https://repo.maven.apache.org/maven2/org/apache/maven/plugins/maven-surefire-plugin/3.5.4/maven-surefire-plugin-3.5.4.pom (4.9 kB at 29 kB/s)
#18 30.23 [INFO] Downloading from central: https://repo.maven.apache.org/maven2/org/apache/maven/surefire/surefire/3.5.4/surefire-3.5.4.pom
#18 30.41 [INFO] Downloaded from central: https://repo.maven.apache.org/maven2/org/apache/maven/surefire/surefire/3.5.4/surefire-3.5.4.pom (19 kB at 110 kB/s)
#18 30.41 [INFO] Downloading from central: https://repo.maven.apache.org/maven2/org/apache/maven/maven-parent/44/maven-parent-44.pom
#18 30.59 [INFO] Downloaded from central: https://repo.maven.apache.org/maven2/org/apache/maven/maven-parent/44/maven-parent-44.pom (52 kB at 297 kB/s)
#18 30.59 [INFO] Downloading from central: https://repo.maven.apache.org/maven2/org/apache/apache/34/apache-34.pom
#18 30.76 [INFO] Downloaded from central: https://repo.maven.apache.org/maven2/org/apache/apache/34/apache-34.pom (24 kB at 142 kB/s)
#18 30.77 [INFO] Downloading from central: https://repo.maven.apache.org/maven2/org/junit/junit-bom/5.12.1/junit-bom-5.12.1.pom
#18 30.94 [INFO] Downloaded from central: https://repo.maven.apache.org/maven2/org/junit/junit-bom/5.12.1/junit-bom-5.12.1.pom (5.6 kB at 33 kB/s)
#18 30.94 [INFO] Downloading from central: https://repo.maven.apache.org/maven2/org/apache/maven/plugins/maven-surefire-plugin/3.5.4/maven-surefire-plugin-3.5.4.jar
#18 31.12 [INFO] Downloaded from central: https://repo.maven.apache.org/maven2/org/apache/maven/plugins/maven-surefire-plugin/3.5.4/maven-surefire-plugin-3.5.4.jar (46 kB at 256 kB/s)
#18 31.13 [INFO] Downloading from central: https://repo.maven.apache.org/maven2/org/apache/maven/plugins/maven-jar-plugin/3.4.2/maven-jar-plugin-3.4.2.pom
#18 31.32 [INFO] Downloaded from central: https://repo.maven.apache.org/maven2/org/apache/maven/plugins/maven-jar-plugin/3.4.2/maven-jar-plugin-3.4.2.pom (7.7 kB at 40 kB/s)
#18 31.32 [INFO] Downloading from central: https://repo.maven.apache.org/maven2/org/apache/maven/plugins/maven-plugins/42/maven-plugins-42.pom
#18 31.49 [INFO] Downloaded from central: https://repo.maven.apache.org/maven2/org/apache/maven/plugins/maven-plugins/42/maven-plugins-42.pom (7.7 kB at 45 kB/s)
#18 31.49 [INFO] Downloading from central: https://repo.maven.apache.org/maven2/org/apache/maven/maven-parent/42/maven-parent-42.pom
#18 31.67 [INFO] Downloaded from central: https://repo.maven.apache.org/maven2/org/apache/maven/maven-parent/42/maven-parent-42.pom (50 kB at 290 kB/s)
#18 31.67 [INFO] Downloading from central: https://repo.maven.apache.org/maven2/org/apache/apache/32/apache-32.pom
#18 31.85 [INFO] Downloaded from central: https://repo.maven.apache.org/maven2/org/apache/apache/32/apache-32.pom (24 kB at 141 kB/s)
#18 31.85 [INFO] Downloading from central: https://repo.maven.apache.org/maven2/org/junit/junit-bom/5.10.2/junit-bom-5.10.2.pom
#18 32.02 [INFO] Downloaded from central: https://repo.maven.apache.org/maven2/org/junit/junit-bom/5.10.2/junit-bom-5.10.2.pom (5.6 kB at 33 kB/s)
#18 32.02 [INFO] Downloading from central: https://repo.maven.apache.org/maven2/org/apache/maven/plugins/maven-jar-plugin/3.4.2/maven-jar-plugin-3.4.2.jar
#18 32.20 [INFO] Downloaded from central: https://repo.maven.apache.org/maven2/org/apache/maven/plugins/maven-jar-plugin/3.4.2/maven-jar-plugin-3.4.2.jar (34 kB at 191 kB/s)
#18 32.22 [INFO] Downloading from central: https://repo.maven.apache.org/maven2/org/springframework/boot/spring-boot-starter-web/3.5.10/spring-boot-starter-web-3.5.10.pom
#18 32.39 [INFO] Downloaded from central: https://repo.maven.apache.org/maven2/org/springframework/boot/spring-boot-starter-web/3.5.10/spring-boot-starter-web-3.5.10.pom (2.9 kB at 17 kB/s)
#18 32.40 [INFO] Downloading from central: https://repo.maven.apache.org/maven2/org/springframework/boot/spring-boot-starter/3.5.10/spring-boot-starter-3.5.10.pom
#18 32.57 [INFO] Downloaded from central: https://repo.maven.apache.org/maven2/org/springframework/boot/spring-boot-starter/3.5.10/spring-boot-starter-3.5.10.pom (3.0 kB at 18 kB/s)
#18 32.57 [INFO] Downloading from central: https://repo.maven.apache.org/maven2/org/springframework/boot/spring-boot/3.5.10/spring-boot-3.5.10.pom
#18 32.74 [INFO] Downloaded from central: https://repo.maven.apache.org/maven2/org/springframework/boot/spring-boot/3.5.10/spring-boot-3.5.10.pom (2.2 kB at 13 kB/s)
#18 32.75 [INFO] Downloading from central: https://repo.maven.apache.org/maven2/org/springframework/spring-core/6.2.15/spring-core-6.2.15.pom
#18 32.92 [INFO] Downloaded from central: https://repo.maven.apache.org/maven2/org/springframework/spring-core/6.2.15/spring-core-6.2.15.pom (2.0 kB at 12 kB/s)
#18 32.92 [INFO] Downloading from central: https://repo.maven.apache.org/maven2/org/springframework/spring-jcl/6.2.15/spring-jcl-6.2.15.pom
#18 33.09 [INFO] Downloaded from central: https://repo.maven.apache.org/maven2/org/springframework/spring-jcl/6.2.15/spring-jcl-6.2.15.pom (1.8 kB at 11 kB/s)
#18 33.10 [INFO] Downloading from central: https://repo.maven.apache.org/maven2/org/springframework/spring-context/6.2.15/spring-context-6.2.15.pom
#18 33.27 [INFO] Downloaded from central: https://repo.maven.apache.org/maven2/org/springframework/spring-context/6.2.15/spring-context-6.2.15.pom (2.8 kB at 16 kB/s)
#18 33.27 [INFO] Downloading from central: https://repo.maven.apache.org/maven2/org/springframework/spring-aop/6.2.15/spring-aop-6.2.15.pom
#18 33.44 [INFO] Downloaded from central: https://repo.maven.apache.org/maven2/org/springframework/spring-aop/6.2.15/spring-aop-6.2.15.pom (2.2 kB at 13 kB/s)
#18 33.45 [INFO] Downloading from central: https://repo.maven.apache.org/maven2/org/springframework/spring-beans/6.2.15/spring-beans-6.2.15.pom
#18 33.62 [INFO] Downloaded from central: https://repo.maven.apache.org/maven2/org/springframework/spring-beans/6.2.15/spring-beans-6.2.15.pom (2.0 kB at 12 kB/s)
#18 33.62 [INFO] Downloading from central: https://repo.maven.apache.org/maven2/org/springframework/spring-expression/6.2.15/spring-expression-6.2.15.pom
#18 33.80 [INFO] Downloaded from central: https://repo.maven.apache.org/maven2/org/springframework/spring-expression/6.2.15/spring-expression-6.2.15.pom (2.1 kB at 12 kB/s)
#18 33.80 [INFO] Downloading from central: https://repo.maven.apache.org/maven2/io/micrometer/micrometer-observation/1.15.8/micrometer-observation-1.15.8.pom
#18 33.98 [INFO] Downloaded from central: https://repo.maven.apache.org/maven2/io/micrometer/micrometer-observation/1.15.8/micrometer-observation-1.15.8.pom (3.8 kB at 21 kB/s)
#18 33.98 [INFO] Downloading from central: https://repo.maven.apache.org/maven2/io/micrometer/micrometer-commons/1.15.8/micrometer-commons-1.15.8.pom
#18 34.16 [INFO] Downloaded from central: https://repo.maven.apache.org/maven2/io/micrometer/micrometer-commons/1.15.8/micrometer-commons-1.15.8.pom (3.4 kB at 19 kB/s)
#18 34.16 [INFO] Downloading from central: https://repo.maven.apache.org/maven2/org/springframework/boot/spring-boot-autoconfigure/3.5.10/spring-boot-autoconfigure-3.5.10.pom
#18 34.33 [INFO] Downloaded from central: https://repo.maven.apache.org/maven2/org/springframework/boot/spring-boot-autoconfigure/3.5.10/spring-boot-autoconfigure-3.5.10.pom (2.1 kB at 12 kB/s)
#18 34.33 [INFO] Downloading from central: https://repo.maven.apache.org/maven2/org/springframework/boot/spring-boot-starter-logging/3.5.10/spring-boot-starter-logging-3.5.10.pom
#18 34.51 [INFO] Downloaded from central: https://repo.maven.apache.org/maven2/org/springframework/boot/spring-boot-starter-logging/3.5.10/spring-boot-starter-logging-3.5.10.pom (2.5 kB at 14 kB/s)
#18 34.51 [INFO] Downloading from central: https://repo.maven.apache.org/maven2/ch/qos/logback/logback-classic/1.5.25/logback-classic-1.5.25.pom
#18 34.68 [INFO] Downloaded from central: https://repo.maven.apache.org/maven2/ch/qos/logback/logback-classic/1.5.25/logback-classic-1.5.25.pom (13 kB at 73 kB/s)
#18 34.69 [INFO] Downloading from central: https://repo.maven.apache.org/maven2/ch/qos/logback/logback-parent/1.5.25/logback-parent-1.5.25.pom
#18 34.86 [INFO] Downloaded from central: https://repo.maven.apache.org/maven2/ch/qos/logback/logback-parent/1.5.25/logback-parent-1.5.25.pom (19 kB at 110 kB/s)
#18 34.87 [INFO] Downloading from central: https://repo.maven.apache.org/maven2/ch/qos/logback/logback-core/1.5.25/logback-core-1.5.25.pom
#18 35.04 [INFO] Downloaded from central: https://repo.maven.apache.org/maven2/ch/qos/logback/logback-core/1.5.25/logback-core-1.5.25.pom (9.1 kB at 53 kB/s)
#18 35.04 [INFO] Downloading from central: https://repo.maven.apache.org/maven2/org/slf4j/slf4j-api/2.0.17/slf4j-api-2.0.17.pom
#18 35.22 [INFO] Downloaded from central: https://repo.maven.apache.org/maven2/org/slf4j/slf4j-api/2.0.17/slf4j-api-2.0.17.pom (2.8 kB at 16 kB/s)
#18 35.23 [INFO] Downloading from central: https://repo.maven.apache.org/maven2/org/slf4j/slf4j-parent/2.0.17/slf4j-parent-2.0.17.pom
#18 35.40 [INFO] Downloaded from central: https://repo.maven.apache.org/maven2/org/slf4j/slf4j-parent/2.0.17/slf4j-parent-2.0.17.pom (13 kB at 77 kB/s)
#18 35.40 [INFO] Downloading from central: https://repo.maven.apache.org/maven2/org/slf4j/slf4j-bom/2.0.17/slf4j-bom-2.0.17.pom
#18 35.57 [INFO] Downloaded from central: https://repo.maven.apache.org/maven2/org/slf4j/slf4j-bom/2.0.17/slf4j-bom-2.0.17.pom (7.3 kB at 43 kB/s)
#18 35.58 [INFO] Downloading from central: https://repo.maven.apache.org/maven2/org/apache/logging/log4j/log4j-to-slf4j/2.24.3/log4j-to-slf4j-2.24.3.pom
#18 35.75 [INFO] Downloaded from central: https://repo.maven.apache.org/maven2/org/apache/logging/log4j/log4j-to-slf4j/2.24.3/log4j-to-slf4j-2.24.3.pom (5.0 kB at 29 kB/s)
#18 35.75 [INFO] Downloading from central: https://repo.maven.apache.org/maven2/org/apache/logging/log4j/log4j/2.24.3/log4j-2.24.3.pom
#18 35.93 [INFO] Downloaded from central: https://repo.maven.apache.org/maven2/org/apache/logging/log4j/log4j/2.24.3/log4j-2.24.3.pom (35 kB at 199 kB/s)
#18 35.94 [INFO] Downloading from central: https://repo.maven.apache.org/maven2/org/apache/groovy/groovy-bom/4.0.22/groovy-bom-4.0.22.pom
#18 36.10 [INFO] Downloaded from central: https://repo.maven.apache.org/maven2/org/apache/groovy/groovy-bom/4.0.22/groovy-bom-4.0.22.pom (27 kB at 161 kB/s)
#18 36.11 [INFO] Downloading from central: https://repo.maven.apache.org/maven2/com/fasterxml/jackson/jackson-bom/2.17.2/jackson-bom-2.17.2.pom
#18 36.28 [INFO] Downloaded from central: https://repo.maven.apache.org/maven2/com/fasterxml/jackson/jackson-bom/2.17.2/jackson-bom-2.17.2.pom (19 kB at 109 kB/s)
#18 36.28 [INFO] Downloading from central: https://repo.maven.apache.org/maven2/com/fasterxml/jackson/jackson-parent/2.17/jackson-parent-2.17.pom
#18 36.45 [INFO] Downloaded from central: https://repo.maven.apache.org/maven2/com/fasterxml/jackson/jackson-parent/2.17/jackson-parent-2.17.pom (6.5 kB at 38 kB/s)
#18 36.46 [INFO] Downloading from central: https://repo.maven.apache.org/maven2/com/fasterxml/oss-parent/58/oss-parent-58.pom
#18 36.63 [INFO] Downloaded from central: https://repo.maven.apache.org/maven2/com/fasterxml/oss-parent/58/oss-parent-58.pom (24 kB at 137 kB/s)
#18 36.63 [INFO] Downloading from central: https://repo.maven.apache.org/maven2/jakarta/platform/jakarta.jakartaee-bom/9.1.0/jakarta.jakartaee-bom-9.1.0.pom
#18 36.82 [INFO] Downloaded from central: https://repo.maven.apache.org/maven2/jakarta/platform/jakarta.jakartaee-bom/9.1.0/jakarta.jakartaee-bom-9.1.0.pom (9.6 kB at 52 kB/s)
#18 36.82 [INFO] Downloading from central: https://repo.maven.apache.org/maven2/jakarta/platform/jakartaee-api-parent/9.1.0/jakartaee-api-parent-9.1.0.pom
#18 36.99 [INFO] Downloaded from central: https://repo.maven.apache.org/maven2/jakarta/platform/jakartaee-api-parent/9.1.0/jakartaee-api-parent-9.1.0.pom (15 kB at 86 kB/s)
#18 36.99 [INFO] Downloading from central: https://repo.maven.apache.org/maven2/org/eclipse/ee4j/project/1.0.7/project-1.0.7.pom
#18 37.16 [INFO] Downloaded from central: https://repo.maven.apache.org/maven2/org/eclipse/ee4j/project/1.0.7/project-1.0.7.pom (14 kB at 83 kB/s)
#18 37.17 [INFO] Downloading from central: https://repo.maven.apache.org/maven2/org/junit/junit-bom/5.10.3/junit-bom-5.10.3.pom
#18 37.34 [INFO] Downloaded from central: https://repo.maven.apache.org/maven2/org/junit/junit-bom/5.10.3/junit-bom-5.10.3.pom (5.6 kB at 33 kB/s)
#18 37.34 [INFO] Downloading from central: https://repo.maven.apache.org/maven2/org/mockito/mockito-bom/4.11.0/mockito-bom-4.11.0.pom
#18 37.51 [INFO] Downloaded from central: https://repo.maven.apache.org/maven2/org/mockito/mockito-bom/4.11.0/mockito-bom-4.11.0.pom (3.2 kB at 19 kB/s)
#18 37.52 [INFO] Downloading from central: https://repo.maven.apache.org/maven2/org/springframework/spring-framework-bom/5.3.39/spring-framework-bom-5.3.39.pom
#18 37.68 [INFO] Downloaded from central: https://repo.maven.apache.org/maven2/org/springframework/spring-framework-bom/5.3.39/spring-framework-bom-5.3.39.pom (5.7 kB at 33 kB/s)
#18 37.69 [INFO] Downloading from central: https://repo.maven.apache.org/maven2/org/apache/logging/log4j/log4j-api/2.24.3/log4j-api-2.24.3.pom
#18 37.86 [INFO] Downloaded from central: https://repo.maven.apache.org/maven2/org/apache/logging/log4j/log4j-api/2.24.3/log4j-api-2.24.3.pom (4.4 kB at 26 kB/s)
#18 37.87 [INFO] Downloading from central: https://repo.maven.apache.org/maven2/org/slf4j/jul-to-slf4j/2.0.17/jul-to-slf4j-2.0.17.pom
#18 38.04 [INFO] Downloaded from central: https://repo.maven.apache.org/maven2/org/slf4j/jul-to-slf4j/2.0.17/jul-to-slf4j-2.0.17.pom (1.1 kB at 6.3 kB/s)
#18 38.05 [INFO] Downloading from central: https://repo.maven.apache.org/maven2/jakarta/annotation/jakarta.annotation-api/2.1.1/jakarta.annotation-api-2.1.1.pom
#18 38.22 [INFO] Downloaded from central: https://repo.maven.apache.org/maven2/jakarta/annotation/jakarta.annotation-api/2.1.1/jakarta.annotation-api-2.1.1.pom (16 kB at 92 kB/s)
#18 38.22 [INFO] Downloading from central: https://repo.maven.apache.org/maven2/org/yaml/snakeyaml/2.4/snakeyaml-2.4.pom
#18 38.40 [INFO] Downloaded from central: https://repo.maven.apache.org/maven2/org/yaml/snakeyaml/2.4/snakeyaml-2.4.pom (22 kB at 121 kB/s)
#18 38.41 [INFO] Downloading from central: https://repo.maven.apache.org/maven2/org/springframework/boot/spring-boot-starter-json/3.5.10/spring-boot-starter-json-3.5.10.pom
#18 38.58 [INFO] Downloaded from central: https://repo.maven.apache.org/maven2/org/springframework/boot/spring-boot-starter-json/3.5.10/spring-boot-starter-json-3.5.10.pom (3.1 kB at 18 kB/s)
#18 38.58 [INFO] Downloading from central: https://repo.maven.apache.org/maven2/org/springframework/spring-web/6.2.15/spring-web-6.2.15.pom
#18 38.76 [INFO] Downloaded from central: https://repo.maven.apache.org/maven2/org/springframework/spring-web/6.2.15/spring-web-6.2.15.pom (2.4 kB at 14 kB/s)
#18 38.76 [INFO] Downloading from central: https://repo.maven.apache.org/maven2/com/fasterxml/jackson/core/jackson-databind/2.19.4/jackson-databind-2.19.4.pom
#18 38.93 [INFO] Downloaded from central: https://repo.maven.apache.org/maven2/com/fasterxml/jackson/core/jackson-databind/2.19.4/jackson-databind-2.19.4.pom (23 kB at 130 kB/s)
#18 38.94 [INFO] Downloading from central: https://repo.maven.apache.org/maven2/com/fasterxml/jackson/jackson-base/2.19.4/jackson-base-2.19.4.pom
#18 39.11 [INFO] Downloaded from central: https://repo.maven.apache.org/maven2/com/fasterxml/jackson/jackson-base/2.19.4/jackson-base-2.19.4.pom (12 kB at 69 kB/s)
#18 39.12 [INFO] Downloading from central: https://repo.maven.apache.org/maven2/org/junit/junit-bom/5.11.4/junit-bom-5.11.4.pom
#18 39.29 [INFO] Downloaded from central: https://repo.maven.apache.org/maven2/org/junit/junit-bom/5.11.4/junit-bom-5.11.4.pom (5.6 kB at 33 kB/s)
#18 39.29 [INFO] Downloading from central: https://repo.maven.apache.org/maven2/com/fasterxml/jackson/core/jackson-annotations/2.19.4/jackson-annotations-2.19.4.pom
#18 39.46 [INFO] Downloaded from central: https://repo.maven.apache.org/maven2/com/fasterxml/jackson/core/jackson-annotations/2.19.4/jackson-annotations-2.19.4.pom (6.9 kB at 40 kB/s)
#18 39.47 [INFO] Downloading from central: https://repo.maven.apache.org/maven2/com/fasterxml/jackson/core/jackson-core/2.19.4/jackson-core-2.19.4.pom
#18 39.64 [INFO] Downloaded from central: https://repo.maven.apache.org/maven2/com/fasterxml/jackson/core/jackson-core/2.19.4/jackson-core-2.19.4.pom (9.4 kB at 55 kB/s)
#18 39.65 [INFO] Downloading from central: https://repo.maven.apache.org/maven2/com/fasterxml/jackson/datatype/jackson-datatype-jdk8/2.19.4/jackson-datatype-jdk8-2.19.4.pom
#18 39.82 [INFO] Downloaded from central: https://repo.maven.apache.org/maven2/com/fasterxml/jackson/datatype/jackson-datatype-jdk8/2.19.4/jackson-datatype-jdk8-2.19.4.pom (2.8 kB at 16 kB/s)
#18 39.82 [INFO] Downloading from central: https://repo.maven.apache.org/maven2/com/fasterxml/jackson/module/jackson-modules-java8/2.19.4/jackson-modules-java8-2.19.4.pom
#18 39.99 [INFO] Downloaded from central: https://repo.maven.apache.org/maven2/com/fasterxml/jackson/module/jackson-modules-java8/2.19.4/jackson-modules-java8-2.19.4.pom (3.1 kB at 18 kB/s)
#18 40.00 [INFO] Downloading from central: https://repo.maven.apache.org/maven2/com/fasterxml/jackson/datatype/jackson-datatype-jsr310/2.19.4/jackson-datatype-jsr310-2.19.4.pom
#18 40.17 [INFO] Downloaded from central: https://repo.maven.apache.org/maven2/com/fasterxml/jackson/datatype/jackson-datatype-jsr310/2.19.4/jackson-datatype-jsr310-2.19.4.pom (5.4 kB at 31 kB/s)
#18 40.17 [INFO] Downloading from central: https://repo.maven.apache.org/maven2/com/fasterxml/jackson/module/jackson-module-parameter-names/2.19.4/jackson-module-parameter-names-2.19.4.pom
#18 40.35 [INFO] Downloaded from central: https://repo.maven.apache.org/maven2/com/fasterxml/jackson/module/jackson-module-parameter-names/2.19.4/jackson-module-parameter-names-2.19.4.pom (4.4 kB at 26 kB/s)
#18 40.35 [INFO] Downloading from central: https://repo.maven.apache.org/maven2/org/springframework/boot/spring-boot-starter-tomcat/3.5.10/spring-boot-starter-tomcat-3.5.10.pom
#18 40.52 [INFO] Downloaded from central: https://repo.maven.apache.org/maven2/org/springframework/boot/spring-boot-starter-tomcat/3.5.10/spring-boot-starter-tomcat-3.5.10.pom (3.1 kB at 18 kB/s)
#18 40.53 [INFO] Downloading from central: https://repo.maven.apache.org/maven2/org/apache/tomcat/embed/tomcat-embed-core/10.1.50/tomcat-embed-core-10.1.50.pom
#18 40.70 [INFO] Downloaded from central: https://repo.maven.apache.org/maven2/org/apache/tomcat/embed/tomcat-embed-core/10.1.50/tomcat-embed-core-10.1.50.pom (1.7 kB at 10 kB/s)
#18 40.70 [INFO] Downloading from central: https://repo.maven.apache.org/maven2/org/apache/tomcat/embed/tomcat-embed-el/10.1.50/tomcat-embed-el-10.1.50.pom
#18 40.87 [INFO] Downloaded from central: https://repo.maven.apache.org/maven2/org/apache/tomcat/embed/tomcat-embed-el/10.1.50/tomcat-embed-el-10.1.50.pom (1.5 kB at 8.9 kB/s)
#18 40.87 [INFO] Downloading from central: https://repo.maven.apache.org/maven2/org/apache/tomcat/embed/tomcat-embed-websocket/10.1.50/tomcat-embed-websocket-10.1.50.pom
#18 41.04 [INFO] Downloaded from central: https://repo.maven.apache.org/maven2/org/apache/tomcat/embed/tomcat-embed-websocket/10.1.50/tomcat-embed-websocket-10.1.50.pom (1.7 kB at 10 kB/s)
#18 41.05 [INFO] Downloading from central: https://repo.maven.apache.org/maven2/org/springframework/spring-webmvc/6.2.15/spring-webmvc-6.2.15.pom
#18 41.22 [INFO] Downloaded from central: https://repo.maven.apache.org/maven2/org/springframework/spring-webmvc/6.2.15/spring-webmvc-6.2.15.pom (3.0 kB at 18 kB/s)
#18 41.22 [INFO] Downloading from central: https://repo.maven.apache.org/maven2/org/springframework/boot/spring-boot-starter-test/3.5.10/spring-boot-starter-test-3.5.10.pom
#18 41.39 [INFO] Downloaded from central: https://repo.maven.apache.org/maven2/org/springframework/boot/spring-boot-starter-test/3.5.10/spring-boot-starter-test-3.5.10.pom (4.9 kB at 28 kB/s)
#18 41.40 [INFO] Downloading from central: https://repo.maven.apache.org/maven2/org/springframework/boot/spring-boot-test/3.5.10/spring-boot-test-3.5.10.pom
#18 41.57 [INFO] Downloaded from central: https://repo.maven.apache.org/maven2/org/springframework/boot/spring-boot-test/3.5.10/spring-boot-test-3.5.10.pom (2.2 kB at 13 kB/s)
#18 41.57 [INFO] Downloading from central: https://repo.maven.apache.org/maven2/org/springframework/spring-test/6.2.15/spring-test-6.2.15.pom
#18 41.74 [INFO] Downloaded from central: https://repo.maven.apache.org/maven2/org/springframework/spring-test/6.2.15/spring-test-6.2.15.pom (2.1 kB at 12 kB/s)
#18 41.74 [INFO] Downloading from central: https://repo.maven.apache.org/maven2/org/springframework/boot/spring-boot-test-autoconfigure/3.5.10/spring-boot-test-autoconfigure-3.5.10.pom
#18 41.91 [INFO] Downloaded from central: https://repo.maven.apache.org/maven2/org/springframework/boot/spring-boot-test-autoconfigure/3.5.10/spring-boot-test-autoconfigure-3.5.10.pom (2.5 kB at 14 kB/s)
#18 41.92 [INFO] Downloading from central: https://repo.maven.apache.org/maven2/com/jayway/jsonpath/json-path/2.9.0/json-path-2.9.0.pom
#18 42.09 [INFO] Downloaded from central: https://repo.maven.apache.org/maven2/com/jayway/jsonpath/json-path/2.9.0/json-path-2.9.0.pom (1.9 kB at 11 kB/s)
#18 42.09 [INFO] Downloading from central: https://repo.maven.apache.org/maven2/net/minidev/json-smart/2.5.2/json-smart-2.5.2.pom
#18 42.27 [INFO] Downloaded from central: https://repo.maven.apache.org/maven2/net/minidev/json-smart/2.5.2/json-smart-2.5.2.pom (10 kB at 59 kB/s)
#18 42.27 [INFO] Downloading from central: https://repo.maven.apache.org/maven2/net/minidev/accessors-smart/2.5.2/accessors-smart-2.5.2.pom
#18 42.44 [INFO] Downloaded from central: https://repo.maven.apache.org/maven2/net/minidev/accessors-smart/2.5.2/accessors-smart-2.5.2.pom (12 kB at 69 kB/s)
#18 42.45 [INFO] Downloading from central: https://repo.maven.apache.org/maven2/org/ow2/asm/asm/9.7.1/asm-9.7.1.pom
#18 42.62 [INFO] Downloaded from central: https://repo.maven.apache.org/maven2/org/ow2/asm/asm/9.7.1/asm-9.7.1.pom (2.4 kB at 14 kB/s)
#18 42.62 [INFO] Downloading from central: https://repo.maven.apache.org/maven2/org/ow2/ow2/1.5.1/ow2-1.5.1.pom
#18 42.79 [INFO] Downloaded from central: https://repo.maven.apache.org/maven2/org/ow2/ow2/1.5.1/ow2-1.5.1.pom (11 kB at 66 kB/s)
#18 42.80 [INFO] Downloading from central: https://repo.maven.apache.org/maven2/jakarta/xml/bind/jakarta.xml.bind-api/4.0.4/jakarta.xml.bind-api-4.0.4.pom
#18 42.97 [INFO] Downloaded from central: https://repo.maven.apache.org/maven2/jakarta/xml/bind/jakarta.xml.bind-api/4.0.4/jakarta.xml.bind-api-4.0.4.pom (13 kB at 74 kB/s)
#18 42.97 [INFO] Downloading from central: https://repo.maven.apache.org/maven2/jakarta/xml/bind/jakarta.xml.bind-api-parent/4.0.4/jakarta.xml.bind-api-parent-4.0.4.pom
#18 43.14 [INFO] Downloaded from central: https://repo.maven.apache.org/maven2/jakarta/xml/bind/jakarta.xml.bind-api-parent/4.0.4/jakarta.xml.bind-api-parent-4.0.4.pom (9.1 kB at 53 kB/s)
#18 43.14 [INFO] Downloading from central: https://repo.maven.apache.org/maven2/jakarta/activation/jakarta.activation-api/2.1.4/jakarta.activation-api-2.1.4.pom
#18 43.32 [INFO] Downloaded from central: https://repo.maven.apache.org/maven2/jakarta/activation/jakarta.activation-api/2.1.4/jakarta.activation-api-2.1.4.pom (19 kB at 105 kB/s)
#18 43.32 [INFO] Downloading from central: https://repo.maven.apache.org/maven2/org/assertj/assertj-core/3.27.6/assertj-core-3.27.6.pom
#18 43.50 [INFO] Downloaded from central: https://repo.maven.apache.org/maven2/org/assertj/assertj-core/3.27.6/assertj-core-3.27.6.pom (3.8 kB at 21 kB/s)
#18 43.50 [INFO] Downloading from central: https://repo.maven.apache.org/maven2/net/bytebuddy/byte-buddy/1.17.8/byte-buddy-1.17.8.pom
#18 43.68 [INFO] Downloaded from central: https://repo.maven.apache.org/maven2/net/bytebuddy/byte-buddy/1.17.8/byte-buddy-1.17.8.pom (19 kB at 113 kB/s)
#18 43.68 [INFO] Downloading from central: https://repo.maven.apache.org/maven2/net/bytebuddy/byte-buddy-parent/1.17.8/byte-buddy-parent-1.17.8.pom
#18 43.86 [INFO] Downloaded from central: https://repo.maven.apache.org/maven2/net/bytebuddy/byte-buddy-parent/1.17.8/byte-buddy-parent-1.17.8.pom (66 kB at 368 kB/s)
#18 43.86 [INFO] Downloading from central: https://repo.maven.apache.org/maven2/org/awaitility/awaitility/4.2.2/awaitility-4.2.2.pom
#18 44.04 [INFO] Downloaded from central: https://repo.maven.apache.org/maven2/org/awaitility/awaitility/4.2.2/awaitility-4.2.2.pom (3.5 kB at 20 kB/s)
#18 44.04 [INFO] Downloading from central: https://repo.maven.apache.org/maven2/org/awaitility/awaitility-parent/4.2.2/awaitility-parent-4.2.2.pom
#18 44.22 [INFO] Downloaded from central: https://repo.maven.apache.org/maven2/org/awaitility/awaitility-parent/4.2.2/awaitility-parent-4.2.2.pom (11 kB at 61 kB/s)
#18 44.22 [INFO] Downloading from central: https://repo.maven.apache.org/maven2/org/hamcrest/hamcrest/3.0/hamcrest-3.0.pom
#18 44.39 [INFO] Downloaded from central: https://repo.maven.apache.org/maven2/org/hamcrest/hamcrest/3.0/hamcrest-3.0.pom (1.6 kB at 9.4 kB/s)
#18 44.39 [INFO] Downloading from central: https://repo.maven.apache.org/maven2/org/junit/jupiter/junit-jupiter/5.12.2/junit-jupiter-5.12.2.pom
#18 44.57 [INFO] Downloaded from central: https://repo.maven.apache.org/maven2/org/junit/jupiter/junit-jupiter/5.12.2/junit-jupiter-5.12.2.pom (3.2 kB at 19 kB/s)
#18 44.57 [INFO] Downloading from central: https://repo.maven.apache.org/maven2/org/junit/jupiter/junit-jupiter-api/5.12.2/junit-jupiter-api-5.12.2.pom
#18 44.74 [INFO] Downloaded from central: https://repo.maven.apache.org/maven2/org/junit/jupiter/junit-jupiter-api/5.12.2/junit-jupiter-api-5.12.2.pom (3.2 kB at 19 kB/s)
#18 44.74 [INFO] Downloading from central: https://repo.maven.apache.org/maven2/org/opentest4j/opentest4j/1.3.0/opentest4j-1.3.0.pom
#18 44.91 [INFO] Downloaded from central: https://repo.maven.apache.org/maven2/org/opentest4j/opentest4j/1.3.0/opentest4j-1.3.0.pom (2.0 kB at 12 kB/s)
#18 44.91 [INFO] Downloading from central: https://repo.maven.apache.org/maven2/org/junit/platform/junit-platform-commons/1.12.2/junit-platform-commons-1.12.2.pom
#18 45.09 [INFO] Downloaded from central: https://repo.maven.apache.org/maven2/org/junit/platform/junit-platform-commons/1.12.2/junit-platform-commons-1.12.2.pom (2.8 kB at 16 kB/s)
#18 45.09 [INFO] Downloading from central: https://repo.maven.apache.org/maven2/org/apiguardian/apiguardian-api/1.1.2/apiguardian-api-1.1.2.pom
#18 45.26 [INFO] Downloaded from central: https://repo.maven.apache.org/maven2/org/apiguardian/apiguardian-api/1.1.2/apiguardian-api-1.1.2.pom (1.5 kB at 8.9 kB/s)
#18 45.26 [INFO] Downloading from central: https://repo.maven.apache.org/maven2/org/junit/jupiter/junit-jupiter-params/5.12.2/junit-jupiter-params-5.12.2.pom
#18 45.43 [INFO] Downloaded from central: https://repo.maven.apache.org/maven2/org/junit/jupiter/junit-jupiter-params/5.12.2/junit-jupiter-params-5.12.2.pom (3.0 kB at 18 kB/s)
#18 45.44 [INFO] Downloading from central: https://repo.maven.apache.org/maven2/org/junit/jupiter/junit-jupiter-engine/5.12.2/junit-jupiter-engine-5.12.2.pom
#18 45.61 [INFO] Downloaded from central: https://repo.maven.apache.org/maven2/org/junit/jupiter/junit-jupiter-engine/5.12.2/junit-jupiter-engine-5.12.2.pom (3.2 kB at 19 kB/s)
#18 45.61 [INFO] Downloading from central: https://repo.maven.apache.org/maven2/org/junit/platform/junit-platform-engine/1.12.2/junit-platform-engine-1.12.2.pom
#18 45.79 [INFO] Downloaded from central: https://repo.maven.apache.org/maven2/org/junit/platform/junit-platform-engine/1.12.2/junit-platform-engine-1.12.2.pom (3.2 kB at 18 kB/s)
#18 45.79 [INFO] Downloading from central: https://repo.maven.apache.org/maven2/org/mockito/mockito-core/5.17.0/mockito-core-5.17.0.pom
#18 45.96 [INFO] Downloaded from central: https://repo.maven.apache.org/maven2/org/mockito/mockito-core/5.17.0/mockito-core-5.17.0.pom (2.5 kB at 14 kB/s)
#18 45.96 [INFO] Downloading from central: https://repo.maven.apache.org/maven2/net/bytebuddy/byte-buddy-agent/1.17.8/byte-buddy-agent-1.17.8.pom
#18 46.13 [INFO] Downloaded from central: https://repo.maven.apache.org/maven2/net/bytebuddy/byte-buddy-agent/1.17.8/byte-buddy-agent-1.17.8.pom (14 kB at 84 kB/s)
#18 46.14 [INFO] Downloading from central: https://repo.maven.apache.org/maven2/org/objenesis/objenesis/3.3/objenesis-3.3.pom
#18 46.31 [INFO] Downloaded from central: https://repo.maven.apache.org/maven2/org/objenesis/objenesis/3.3/objenesis-3.3.pom (3.0 kB at 17 kB/s)
#18 46.31 [INFO] Downloading from central: https://repo.maven.apache.org/maven2/org/objenesis/objenesis-parent/3.3/objenesis-parent-3.3.pom
#18 46.49 [INFO] Downloaded from central: https://repo.maven.apache.org/maven2/org/objenesis/objenesis-parent/3.3/objenesis-parent-3.3.pom (19 kB at 112 kB/s)
#18 46.49 [INFO] Downloading from central: https://repo.maven.apache.org/maven2/org/mockito/mockito-junit-jupiter/5.17.0/mockito-junit-jupiter-5.17.0.pom
#18 46.66 [INFO] Downloaded from central: https://repo.maven.apache.org/maven2/org/mockito/mockito-junit-jupiter/5.17.0/mockito-junit-jupiter-5.17.0.pom (2.3 kB at 13 kB/s)
#18 46.66 [INFO] Downloading from central: https://repo.maven.apache.org/maven2/org/skyscreamer/jsonassert/1.5.3/jsonassert-1.5.3.pom
#18 46.84 [INFO] Downloaded from central: https://repo.maven.apache.org/maven2/org/skyscreamer/jsonassert/1.5.3/jsonassert-1.5.3.pom (7.0 kB at 41 kB/s)
#18 46.84 [INFO] Downloading from central: https://repo.maven.apache.org/maven2/com/vaadin/external/google/android-json/0.0.20131108.vaadin1/android-json-0.0.20131108.vaadin1.pom
#18 47.01 [INFO] Downloaded from central: https://repo.maven.apache.org/maven2/com/vaadin/external/google/android-json/0.0.20131108.vaadin1/android-json-0.0.20131108.vaadin1.pom (2.8 kB at 16 kB/s)
#18 47.01 [INFO] Downloading from central: https://repo.maven.apache.org/maven2/org/xmlunit/xmlunit-core/2.10.4/xmlunit-core-2.10.4.pom
#18 47.19 [INFO] Downloaded from central: https://repo.maven.apache.org/maven2/org/xmlunit/xmlunit-core/2.10.4/xmlunit-core-2.10.4.pom (2.8 kB at 16 kB/s)
#18 47.19 [INFO] Downloading from central: https://repo.maven.apache.org/maven2/org/xmlunit/xmlunit-parent/2.10.4/xmlunit-parent-2.10.4.pom
#18 47.36 [INFO] Downloaded from central: https://repo.maven.apache.org/maven2/org/xmlunit/xmlunit-parent/2.10.4/xmlunit-parent-2.10.4.pom (23 kB at 135 kB/s)
#18 47.37 [INFO] Downloading from central: https://repo.maven.apache.org/maven2/org/springframework/boot/spring-boot-starter-data-mongodb/3.5.10/spring-boot-starter-data-mongodb-3.5.10.pom
#18 47.55 [INFO] Downloaded from central: https://repo.maven.apache.org/maven2/org/springframework/boot/spring-boot-starter-data-mongodb/3.5.10/spring-boot-starter-data-mongodb-3.5.10.pom (2.5 kB at 14 kB/s)
#18 47.55 [INFO] Downloading from central: https://repo.maven.apache.org/maven2/org/mongodb/mongodb-driver-sync/5.5.2/mongodb-driver-sync-5.5.2.pom
#18 47.72 [INFO] Downloaded from central: https://repo.maven.apache.org/maven2/org/mongodb/mongodb-driver-sync/5.5.2/mongodb-driver-sync-5.5.2.pom (1.7 kB at 9.7 kB/s)
#18 47.73 [INFO] Downloading from central: https://repo.maven.apache.org/maven2/org/mongodb/bson/5.5.2/bson-5.5.2.pom
#18 47.90 [INFO] Downloaded from central: https://repo.maven.apache.org/maven2/org/mongodb/bson/5.5.2/bson-5.5.2.pom (1.3 kB at 7.6 kB/s)
#18 47.90 [INFO] Downloading from central: https://repo.maven.apache.org/maven2/org/mongodb/mongodb-driver-core/5.5.2/mongodb-driver-core-5.5.2.pom
#18 48.07 [INFO] Downloaded from central: https://repo.maven.apache.org/maven2/org/mongodb/mongodb-driver-core/5.5.2/mongodb-driver-core-5.5.2.pom (4.7 kB at 27 kB/s)
#18 48.08 [INFO] Downloading from central: https://repo.maven.apache.org/maven2/io/netty/netty-bom/4.1.87.Final/netty-bom-4.1.87.Final.pom
#18 48.25 [INFO] Downloaded from central: https://repo.maven.apache.org/maven2/io/netty/netty-bom/4.1.87.Final/netty-bom-4.1.87.Final.pom (13 kB at 77 kB/s)
#18 48.25 [INFO] Downloading from central: https://repo.maven.apache.org/maven2/org/mongodb/bson-record-codec/5.5.2/bson-record-codec-5.5.2.pom
#18 48.43 [INFO] Downloaded from central: https://repo.maven.apache.org/maven2/org/mongodb/bson-record-codec/5.5.2/bson-record-codec-5.5.2.pom (1.5 kB at 8.6 kB/s)
#18 48.43 [INFO] Downloading from central: https://repo.maven.apache.org/maven2/org/springframework/data/spring-data-mongodb/4.5.8/spring-data-mongodb-4.5.8.pom
#18 48.60 [INFO] Downloaded from central: https://repo.maven.apache.org/maven2/org/springframework/data/spring-data-mongodb/4.5.8/spring-data-mongodb-4.5.8.pom (12 kB at 68 kB/s)
#18 48.61 [INFO] Downloading from central: https://repo.maven.apache.org/maven2/org/springframework/data/spring-data-mongodb-parent/4.5.8/spring-data-mongodb-parent-4.5.8.pom
#18 48.78 [INFO] Downloaded from central: https://repo.maven.apache.org/maven2/org/springframework/data/spring-data-mongodb-parent/4.5.8/spring-data-mongodb-parent-4.5.8.pom (4.3 kB at 25 kB/s)
#18 48.78 [INFO] Downloading from central: https://repo.maven.apache.org/maven2/org/springframework/data/build/spring-data-parent/3.5.8/spring-data-parent-3.5.8.pom
#18 48.95 [INFO] Downloaded from central: https://repo.maven.apache.org/maven2/org/springframework/data/build/spring-data-parent/3.5.8/spring-data-parent-3.5.8.pom (43 kB at 247 kB/s)
#18 48.97 [INFO] Downloading from central: https://repo.maven.apache.org/maven2/org/springframework/data/build/spring-data-build/3.5.8/spring-data-build-3.5.8.pom
#18 49.14 [INFO] Downloaded from central: https://repo.maven.apache.org/maven2/org/springframework/data/build/spring-data-build/3.5.8/spring-data-build-3.5.8.pom (7.2 kB at 41 kB/s)
#18 49.14 [INFO] Downloading from central: https://repo.maven.apache.org/maven2/org/jetbrains/kotlinx/kotlinx-coroutines-bom/1.9.0/kotlinx-coroutines-bom-1.9.0.pom
#18 49.31 [INFO] Downloaded from central: https://repo.maven.apache.org/maven2/org/jetbrains/kotlinx/kotlinx-coroutines-bom/1.9.0/kotlinx-coroutines-bom-1.9.0.pom (4.3 kB at 25 kB/s)
#18 49.32 [INFO] Downloading from central: https://repo.maven.apache.org/maven2/org/springframework/spring-tx/6.2.15/spring-tx-6.2.15.pom
#18 49.49 [INFO] Downloaded from central: https://repo.maven.apache.org/maven2/org/springframework/spring-tx/6.2.15/spring-tx-6.2.15.pom (2.2 kB at 13 kB/s)
#18 49.49 [INFO] Downloading from central: https://repo.maven.apache.org/maven2/org/springframework/data/spring-data-commons/3.5.8/spring-data-commons-3.5.8.pom
#18 49.66 [INFO] Downloaded from central: https://repo.maven.apache.org/maven2/org/springframework/data/spring-data-commons/3.5.8/spring-data-commons-3.5.8.pom (10 kB at 59 kB/s)
#18 49.67 [INFO] Downloading from central: https://repo.maven.apache.org/maven2/com/alibaba/cloud/spring-cloud-starter-alibaba-nacos-discovery/2025.0.0.0/spring-cloud-starter-alibaba-nacos-discovery-2025.0.0.0.pom
#18 49.84 [INFO] Downloaded from central: https://repo.maven.apache.org/maven2/com/alibaba/cloud/spring-cloud-starter-alibaba-nacos-discovery/2025.0.0.0/spring-cloud-starter-alibaba-nacos-discovery-2025.0.0.0.pom (5.4 kB at 31 kB/s)
#18 49.84 [INFO] Downloading from central: https://repo.maven.apache.org/maven2/com/alibaba/cloud/spring-cloud-alibaba-starters/2025.0.0.0/spring-cloud-alibaba-starters-2025.0.0.0.pom
#18 50.02 [INFO] Downloaded from central: https://repo.maven.apache.org/maven2/com/alibaba/cloud/spring-cloud-alibaba-starters/2025.0.0.0/spring-cloud-alibaba-starters-2025.0.0.0.pom (2.6 kB at 15 kB/s)
#18 50.02 [INFO] Downloading from central: https://repo.maven.apache.org/maven2/com/alibaba/cloud/spring-cloud-alibaba/2025.0.0.0/spring-cloud-alibaba-2025.0.0.0.pom
#18 50.19 [INFO] Downloaded from central: https://repo.maven.apache.org/maven2/com/alibaba/cloud/spring-cloud-alibaba/2025.0.0.0/spring-cloud-alibaba-2025.0.0.0.pom (2.4 kB at 14 kB/s)
#18 50.19 [INFO] Downloading from central: https://repo.maven.apache.org/maven2/org/springframework/cloud/spring-cloud-build/4.3.0/spring-cloud-build-4.3.0.pom
#18 50.37 [INFO] Downloaded from central: https://repo.maven.apache.org/maven2/org/springframework/cloud/spring-cloud-build/4.3.0/spring-cloud-build-4.3.0.pom (49 kB at 277 kB/s)
#18 50.38 [INFO] Downloading from central: https://repo.maven.apache.org/maven2/org/springframework/cloud/spring-cloud-build-dependencies/4.3.0/spring-cloud-build-dependencies-4.3.0.pom
#18 50.55 [INFO] Downloaded from central: https://repo.maven.apache.org/maven2/org/springframework/cloud/spring-cloud-build-dependencies/4.3.0/spring-cloud-build-dependencies-4.3.0.pom (3.3 kB at 20 kB/s)
#18 50.55 [INFO] Downloading from central: https://repo.maven.apache.org/maven2/org/springframework/boot/spring-boot-dependencies/3.5.0/spring-boot-dependencies-3.5.0.pom
#18 50.73 [INFO] Downloaded from central: https://repo.maven.apache.org/maven2/org/springframework/boot/spring-boot-dependencies/3.5.0/spring-boot-dependencies-3.5.0.pom (96 kB at 541 kB/s)
#18 50.73 [INFO] Downloading from central: https://repo.maven.apache.org/maven2/org/apache/activemq/activemq-bom/6.1.6/activemq-bom-6.1.6.pom
#18 50.90 [INFO] Downloaded from central: https://repo.maven.apache.org/maven2/org/apache/activemq/activemq-bom/6.1.6/activemq-bom-6.1.6.pom (7.9 kB at 46 kB/s)
#18 50.91 [INFO] Downloading from central: https://repo.maven.apache.org/maven2/org/assertj/assertj-bom/3.27.3/assertj-bom-3.27.3.pom
#18 51.08 [INFO] Downloaded from central: https://repo.maven.apache.org/maven2/org/assertj/assertj-bom/3.27.3/assertj-bom-3.27.3.pom (3.7 kB at 21 kB/s)
#18 51.08 [INFO] Downloading from central: https://repo.maven.apache.org/maven2/io/zipkin/reporter2/zipkin-reporter-bom/3.5.0/zipkin-reporter-bom-3.5.0.pom
#18 51.25 [INFO] Downloaded from central: https://repo.maven.apache.org/maven2/io/zipkin/reporter2/zipkin-reporter-bom/3.5.0/zipkin-reporter-bom-3.5.0.pom (6.3 kB at 37 kB/s)
#18 51.25 [INFO] Downloading from central: https://repo.maven.apache.org/maven2/org/apache/cassandra/java-driver-bom/4.19.0/java-driver-bom-4.19.0.pom
#18 51.44 [INFO] Downloaded from central: https://repo.maven.apache.org/maven2/org/apache/cassandra/java-driver-bom/4.19.0/java-driver-bom-4.19.0.pom (5.5 kB at 29 kB/s)
#18 51.44 [INFO] Downloading from central: https://repo.maven.apache.org/maven2/org/glassfish/jaxb/jaxb-bom/4.0.5/jaxb-bom-4.0.5.pom
#18 51.61 [INFO] Downloaded from central: https://repo.maven.apache.org/maven2/org/glassfish/jaxb/jaxb-bom/4.0.5/jaxb-bom-4.0.5.pom (12 kB at 68 kB/s)
#18 51.62 [INFO] Downloading from central: https://repo.maven.apache.org/maven2/org/apache/groovy/groovy-bom/4.0.26/groovy-bom-4.0.26.pom
#18 51.79 [INFO] Downloaded from central: https://repo.maven.apache.org/maven2/org/apache/groovy/groovy-bom/4.0.26/groovy-bom-4.0.26.pom (27 kB at 158 kB/s)
#18 51.79 [INFO] Downloading from central: https://repo.maven.apache.org/maven2/org/infinispan/infinispan-bom/15.2.1.Final/infinispan-bom-15.2.1.Final.pom
#18 51.96 [INFO] Downloaded from central: https://repo.maven.apache.org/maven2/org/infinispan/infinispan-bom/15.2.1.Final/infinispan-bom-15.2.1.Final.pom (17 kB at 101 kB/s)
#18 51.97 [INFO] Downloading from central: https://repo.maven.apache.org/maven2/org/infinispan/infinispan-build-configuration-parent/15.2.1.Final/infinispan-build-configuration-parent-15.2.1.Final.pom
#18 52.14 [INFO] Downloaded from central: https://repo.maven.apache.org/maven2/org/infinispan/infinispan-build-configuration-parent/15.2.1.Final/infinispan-build-configuration-parent-15.2.1.Final.pom (18 kB at 104 kB/s)
#18 52.15 [INFO] Downloading from central: https://repo.maven.apache.org/maven2/com/fasterxml/jackson/jackson-bom/2.19.0/jackson-bom-2.19.0.pom
#18 52.32 [INFO] Downloaded from central: https://repo.maven.apache.org/maven2/com/fasterxml/jackson/jackson-bom/2.19.0/jackson-bom-2.19.0.pom (20 kB at 116 kB/s)
#18 52.32 [INFO] Downloading from central: https://repo.maven.apache.org/maven2/com/fasterxml/jackson/jackson-parent/2.19/jackson-parent-2.19.pom
#18 52.49 [INFO] Downloaded from central: https://repo.maven.apache.org/maven2/com/fasterxml/jackson/jackson-parent/2.19/jackson-parent-2.19.pom (6.7 kB at 39 kB/s)
#18 52.49 [INFO] Downloading from central: https://repo.maven.apache.org/maven2/com/fasterxml/oss-parent/65/oss-parent-65.pom
#18 52.67 [INFO] Downloaded from central: https://repo.maven.apache.org/maven2/com/fasterxml/oss-parent/65/oss-parent-65.pom (23 kB at 130 kB/s)
#18 52.67 [INFO] Downloading from central: https://repo.maven.apache.org/maven2/org/glassfish/jersey/jersey-bom/3.1.10/jersey-bom-3.1.10.pom
#18 52.84 [INFO] Downloaded from central: https://repo.maven.apache.org/maven2/org/glassfish/jersey/jersey-bom/3.1.10/jersey-bom-3.1.10.pom (21 kB at 121 kB/s)
#18 52.85 [INFO] Downloading from central: https://repo.maven.apache.org/maven2/org/eclipse/jetty/ee10/jetty-ee10-bom/12.0.21/jetty-ee10-bom-12.0.21.pom
#18 53.02 [INFO] Downloaded from central: https://repo.maven.apache.org/maven2/org/eclipse/jetty/ee10/jetty-ee10-bom/12.0.21/jetty-ee10-bom-12.0.21.pom (9.6 kB at 56 kB/s)
#18 53.02 [INFO] Downloading from central: https://repo.maven.apache.org/maven2/org/eclipse/jetty/jetty-bom/12.0.21/jetty-bom-12.0.21.pom
#18 53.19 [INFO] Downloaded from central: https://repo.maven.apache.org/maven2/org/eclipse/jetty/jetty-bom/12.0.21/jetty-bom-12.0.21.pom (15 kB at 86 kB/s)
#18 53.19 [INFO] Downloading from central: https://repo.maven.apache.org/maven2/io/micrometer/micrometer-bom/1.15.0/micrometer-bom-1.15.0.pom
#18 53.36 [INFO] Downloaded from central: https://repo.maven.apache.org/maven2/io/micrometer/micrometer-bom/1.15.0/micrometer-bom-1.15.0.pom (8.6 kB at 50 kB/s)
#18 53.37 [INFO] Downloading from central: https://repo.maven.apache.org/maven2/io/micrometer/micrometer-tracing-bom/1.5.0/micrometer-tracing-bom-1.5.0.pom
#18 53.54 [INFO] Downloaded from central: https://repo.maven.apache.org/maven2/io/micrometer/micrometer-tracing-bom/1.5.0/micrometer-tracing-bom-1.5.0.pom (4.5 kB at 26 kB/s)
#18 53.54 [INFO] Downloading from central: https://repo.maven.apache.org/maven2/org/mongodb/mongodb-driver-bom/5.4.0/mongodb-driver-bom-5.4.0.pom
#18 53.71 [INFO] Downloaded from central: https://repo.maven.apache.org/maven2/org/mongodb/mongodb-driver-bom/5.4.0/mongodb-driver-bom-5.4.0.pom (4.0 kB at 23 kB/s)
#18 53.72 [INFO] Downloading from central: https://repo.maven.apache.org/maven2/io/netty/netty-bom/4.1.121.Final/netty-bom-4.1.121.Final.pom
#18 53.89 [INFO] Downloaded from central: https://repo.maven.apache.org/maven2/io/netty/netty-bom/4.1.121.Final/netty-bom-4.1.121.Final.pom (14 kB at 80 kB/s)
#18 53.89 [INFO] Downloading from central: https://repo.maven.apache.org/maven2/io/prometheus/prometheus-metrics-bom/1.3.6/prometheus-metrics-bom-1.3.6.pom
#18 54.06 [INFO] Downloaded from central: https://repo.maven.apache.org/maven2/io/prometheus/prometheus-metrics-bom/1.3.6/prometheus-metrics-bom-1.3.6.pom (5.8 kB at 34 kB/s)
#18 54.07 [INFO] Downloading from central: https://repo.maven.apache.org/maven2/io/prometheus/client_java/1.3.6/client_java-1.3.6.pom
#18 54.24 [INFO] Downloaded from central: https://repo.maven.apache.org/maven2/io/prometheus/client_java/1.3.6/client_java-1.3.6.pom (22 kB at 127 kB/s)
#18 54.24 [INFO] Downloading from central: https://repo.maven.apache.org/maven2/org/apache/pulsar/pulsar-bom/4.0.4/pulsar-bom-4.0.4.pom
#18 54.41 [INFO] Downloaded from central: https://repo.maven.apache.org/maven2/org/apache/pulsar/pulsar-bom/4.0.4/pulsar-bom-4.0.4.pom (25 kB at 148 kB/s)
#18 54.41 [INFO] Downloading from central: https://repo.maven.apache.org/maven2/io/projectreactor/reactor-bom/2024.0.6/reactor-bom-2024.0.6.pom
#18 54.59 [INFO] Downloaded from central: https://repo.maven.apache.org/maven2/io/projectreactor/reactor-bom/2024.0.6/reactor-bom-2024.0.6.pom (4.8 kB at 28 kB/s)
#18 54.59 [INFO] Downloading from central: https://repo.maven.apache.org/maven2/io/rest-assured/rest-assured-bom/5.5.2/rest-assured-bom-5.5.2.pom
#18 54.76 [INFO] Downloaded from central: https://repo.maven.apache.org/maven2/io/rest-assured/rest-assured-bom/5.5.2/rest-assured-bom-5.5.2.pom (5.0 kB at 29 kB/s)
#18 54.76 [INFO] Downloading from central: https://repo.maven.apache.org/maven2/org/springframework/amqp/spring-amqp-bom/3.2.5/spring-amqp-bom-3.2.5.pom
#18 54.93 [INFO] Downloaded from central: https://repo.maven.apache.org/maven2/org/springframework/amqp/spring-amqp-bom/3.2.5/spring-amqp-bom-3.2.5.pom (3.9 kB at 23 kB/s)
#18 54.94 [INFO] Downloading from central: https://repo.maven.apache.org/maven2/org/springframework/batch/spring-batch-bom/5.2.2/spring-batch-bom-5.2.2.pom
#18 55.11 [INFO] Downloaded from central: https://repo.maven.apache.org/maven2/org/springframework/batch/spring-batch-bom/5.2.2/spring-batch-bom-5.2.2.pom (3.2 kB at 19 kB/s)
#18 55.11 [INFO] Downloading from central: https://repo.maven.apache.org/maven2/org/springframework/data/spring-data-bom/2025.0.0/spring-data-bom-2025.0.0.pom
#18 55.28 [INFO] Downloaded from central: https://repo.maven.apache.org/maven2/org/springframework/data/spring-data-bom/2025.0.0/spring-data-bom-2025.0.0.pom (5.5 kB at 32 kB/s)
#18 55.28 [INFO] Downloading from central: https://repo.maven.apache.org/maven2/org/springframework/spring-framework-bom/6.2.7/spring-framework-bom-6.2.7.pom
#18 55.46 [INFO] Downloaded from central: https://repo.maven.apache.org/maven2/org/springframework/spring-framework-bom/6.2.7/spring-framework-bom-6.2.7.pom (5.8 kB at 34 kB/s)
#18 55.46 [INFO] Downloading from central: https://repo.maven.apache.org/maven2/org/springframework/integration/spring-integration-bom/6.5.0/spring-integration-bom-6.5.0.pom
#18 55.63 [INFO] Downloaded from central: https://repo.maven.apache.org/maven2/org/springframework/integration/spring-integration-bom/6.5.0/spring-integration-bom-6.5.0.pom (10 kB at 61 kB/s)
#18 55.63 [INFO] Downloading from central: https://repo.maven.apache.org/maven2/org/springframework/pulsar/spring-pulsar-bom/1.2.6/spring-pulsar-bom-1.2.6.pom
#18 55.80 [INFO] Downloaded from central: https://repo.maven.apache.org/maven2/org/springframework/pulsar/spring-pulsar-bom/1.2.6/spring-pulsar-bom-1.2.6.pom (2.9 kB at 17 kB/s)
#18 55.80 [INFO] Downloading from central: https://repo.maven.apache.org/maven2/org/springframework/restdocs/spring-restdocs-bom/3.0.3/spring-restdocs-bom-3.0.3.pom
#18 55.97 [INFO] Downloaded from central: https://repo.maven.apache.org/maven2/org/springframework/restdocs/spring-restdocs-bom/3.0.3/spring-restdocs-bom-3.0.3.pom (2.6 kB at 15 kB/s)
#18 55.98 [INFO] Downloading from central: https://repo.maven.apache.org/maven2/org/springframework/security/spring-security-bom/6.5.0/spring-security-bom-6.5.0.pom
#18 56.15 [INFO] Downloaded from central: https://repo.maven.apache.org/maven2/org/springframework/security/spring-security-bom/6.5.0/spring-security-bom-6.5.0.pom (5.3 kB at 31 kB/s)
#18 56.15 [INFO] Downloading from central: https://repo.maven.apache.org/maven2/org/springframework/session/spring-session-bom/3.5.0/spring-session-bom-3.5.0.pom
#18 56.33 [INFO] Downloaded from central: https://repo.maven.apache.org/maven2/org/springframework/session/spring-session-bom/3.5.0/spring-session-bom-3.5.0.pom (2.9 kB at 16 kB/s)
#18 56.33 [INFO] Downloading from central: https://repo.maven.apache.org/maven2/org/springframework/ws/spring-ws-bom/4.1.0/spring-ws-bom-4.1.0.pom
#18 56.50 [INFO] Downloaded from central: https://repo.maven.apache.org/maven2/org/springframework/ws/spring-ws-bom/4.1.0/spring-ws-bom-4.1.0.pom (2.3 kB at 14 kB/s)
#18 56.51 [INFO] Downloading from central: https://repo.maven.apache.org/maven2/org/testcontainers/testcontainers-bom/1.21.0/testcontainers-bom-1.21.0.pom
#18 56.67 [INFO] Downloaded from central: https://repo.maven.apache.org/maven2/org/testcontainers/testcontainers-bom/1.21.0/testcontainers-bom-1.21.0.pom (12 kB at 68 kB/s)
#18 56.68 [INFO] Downloading from central: https://repo.maven.apache.org/maven2/com/alibaba/cloud/spring-cloud-alibaba-commons/2025.0.0.0/spring-cloud-alibaba-commons-2025.0.0.0.pom
#18 56.85 [INFO] Downloaded from central: https://repo.maven.apache.org/maven2/com/alibaba/cloud/spring-cloud-alibaba-commons/2025.0.0.0/spring-cloud-alibaba-commons-2025.0.0.0.pom (2.9 kB at 17 kB/s)
#18 56.86 [INFO] Downloading from central: https://repo.maven.apache.org/maven2/com/alibaba/nacos/nacos-client/3.0.3/nacos-client-3.0.3.pom
#18 57.03 [INFO] Downloaded from central: https://repo.maven.apache.org/maven2/com/alibaba/nacos/nacos-client/3.0.3/nacos-client-3.0.3.pom (3.1 kB at 18 kB/s)
#18 57.03 [INFO] Downloading from central: https://repo.maven.apache.org/maven2/com/alibaba/nacos/nacos-client-basic/3.0.3/nacos-client-basic-3.0.3.pom
#18 57.21 [INFO] Downloaded from central: https://repo.maven.apache.org/maven2/com/alibaba/nacos/nacos-client-basic/3.0.3/nacos-client-basic-3.0.3.pom (1.5 kB at 9.0 kB/s)
#18 57.21 [INFO] Downloading from central: https://repo.maven.apache.org/maven2/com/alibaba/nacos/nacos-auth-plugin/3.0.3/nacos-auth-plugin-3.0.3.pom
#18 57.38 [INFO] Downloaded from central: https://repo.maven.apache.org/maven2/com/alibaba/nacos/nacos-auth-plugin/3.0.3/nacos-auth-plugin-3.0.3.pom (1.4 kB at 7.8 kB/s)
#18 57.39 [INFO] Downloading from central: https://repo.maven.apache.org/maven2/com/alibaba/nacos/nacos-encryption-plugin/3.0.3/nacos-encryption-plugin-3.0.3.pom
#18 57.56 [INFO] Downloaded from central: https://repo.maven.apache.org/maven2/com/alibaba/nacos/nacos-encryption-plugin/3.0.3/nacos-encryption-plugin-3.0.3.pom (1.4 kB at 8.1 kB/s)
#18 57.56 [INFO] Downloading from central: https://repo.maven.apache.org/maven2/com/alibaba/nacos/logback-adapter/1.1.4/logback-adapter-1.1.4.pom
#18 57.73 [INFO] Downloaded from central: https://repo.maven.apache.org/maven2/com/alibaba/nacos/logback-adapter/1.1.4/logback-adapter-1.1.4.pom (6.7 kB at 38 kB/s)
#18 57.74 [INFO] Downloading from central: https://repo.maven.apache.org/maven2/com/alibaba/nacos/nacos-log4j2-adapter/3.0.3/nacos-log4j2-adapter-3.0.3.pom
#18 57.91 [INFO] Downloaded from central: https://repo.maven.apache.org/maven2/com/alibaba/nacos/nacos-log4j2-adapter/3.0.3/nacos-log4j2-adapter-3.0.3.pom (1.4 kB at 8.0 kB/s)
#18 57.91 [INFO] Downloading from central: https://repo.maven.apache.org/maven2/org/apache/httpcomponents/client5/httpclient5/5.5.2/httpclient5-5.5.2.pom
#18 58.08 [INFO] Downloaded from central: https://repo.maven.apache.org/maven2/org/apache/httpcomponents/client5/httpclient5/5.5.2/httpclient5-5.5.2.pom (6.1 kB at 36 kB/s)
#18 58.08 [INFO] Downloading from central: https://repo.maven.apache.org/maven2/org/apache/httpcomponents/client5/httpclient5-parent/5.5.2/httpclient5-parent-5.5.2.pom
#18 58.26 [INFO] Downloaded from central: https://repo.maven.apache.org/maven2/org/apache/httpcomponents/client5/httpclient5-parent/5.5.2/httpclient5-parent-5.5.2.pom (17 kB at 96 kB/s)
#18 58.26 [INFO] Downloading from central: https://repo.maven.apache.org/maven2/org/apache/httpcomponents/httpcomponents-parent/14/httpcomponents-parent-14.pom
#18 58.43 [INFO] Downloaded from central: https://repo.maven.apache.org/maven2/org/apache/httpcomponents/httpcomponents-parent/14/httpcomponents-parent-14.pom (30 kB at 176 kB/s)
#18 58.44 [INFO] Downloading from central: https://repo.maven.apache.org/maven2/org/apache/apache/27/apache-27.pom
#18 58.61 [INFO] Downloaded from central: https://repo.maven.apache.org/maven2/org/apache/apache/27/apache-27.pom (20 kB at 119 kB/s)
#18 58.61 [INFO] Downloading from central: https://repo.maven.apache.org/maven2/org/junit/junit-bom/5.13.3/junit-bom-5.13.3.pom
#18 58.78 [INFO] Downloaded from central: https://repo.maven.apache.org/maven2/org/junit/junit-bom/5.13.3/junit-bom-5.13.3.pom (5.7 kB at 33 kB/s)
#18 58.78 [INFO] Downloading from central: https://repo.maven.apache.org/maven2/org/apache/httpcomponents/core5/httpcore5/5.3.6/httpcore5-5.3.6.pom
#18 58.96 [INFO] Downloaded from central: https://repo.maven.apache.org/maven2/org/apache/httpcomponents/core5/httpcore5/5.3.6/httpcore5-5.3.6.pom (3.9 kB at 23 kB/s)
#18 58.96 [INFO] Downloading from central: https://repo.maven.apache.org/maven2/org/apache/httpcomponents/core5/httpcore5-parent/5.3.6/httpcore5-parent-5.3.6.pom
#18 59.13 [INFO] Downloaded from central: https://repo.maven.apache.org/maven2/org/apache/httpcomponents/core5/httpcore5-parent/5.3.6/httpcore5-parent-5.3.6.pom (14 kB at 81 kB/s)
#18 59.13 [INFO] Downloading from central: https://repo.maven.apache.org/maven2/org/apache/httpcomponents/httpcomponents-parent/13/httpcomponents-parent-13.pom
#18 59.30 [INFO] Downloaded from central: https://repo.maven.apache.org/maven2/org/apache/httpcomponents/httpcomponents-parent/13/httpcomponents-parent-13.pom (30 kB at 178 kB/s)
#18 59.31 [INFO] Downloading from central: https://repo.maven.apache.org/maven2/org/apache/httpcomponents/core5/httpcore5-h2/5.3.6/httpcore5-h2-5.3.6.pom
#18 59.48 [INFO] Downloaded from central: https://repo.maven.apache.org/maven2/org/apache/httpcomponents/core5/httpcore5-h2/5.3.6/httpcore5-h2-5.3.6.pom (3.6 kB at 21 kB/s)
#18 59.48 [INFO] Downloading from central: https://repo.maven.apache.org/maven2/io/prometheus/simpleclient/0.16.0/simpleclient-0.16.0.pom
#18 59.66 [INFO] Downloaded from central: https://repo.maven.apache.org/maven2/io/prometheus/simpleclient/0.16.0/simpleclient-0.16.0.pom (2.2 kB at 12 kB/s)
#18 59.66 [INFO] Downloading from central: https://repo.maven.apache.org/maven2/io/prometheus/simpleclient_tracer_otel/0.16.0/simpleclient_tracer_otel-0.16.0.pom
#18 59.83 [INFO] Downloaded from central: https://repo.maven.apache.org/maven2/io/prometheus/simpleclient_tracer_otel/0.16.0/simpleclient_tracer_otel-0.16.0.pom (1.5 kB at 8.7 kB/s)
#18 59.84 [INFO] Downloading from central: https://repo.maven.apache.org/maven2/io/prometheus/simpleclient_tracer/0.16.0/simpleclient_tracer-0.16.0.pom
#18 60.01 [INFO] Downloaded from central: https://repo.maven.apache.org/maven2/io/prometheus/simpleclient_tracer/0.16.0/simpleclient_tracer-0.16.0.pom (1.2 kB at 7.2 kB/s)
#18 60.01 [INFO] Downloading from central: https://repo.maven.apache.org/maven2/io/prometheus/simpleclient_tracer_common/0.16.0/simpleclient_tracer_common-0.16.0.pom
#18 60.18 [INFO] Downloaded from central: https://repo.maven.apache.org/maven2/io/prometheus/simpleclient_tracer_common/0.16.0/simpleclient_tracer_common-0.16.0.pom (839 B at 5.0 kB/s)
#18 60.18 [INFO] Downloading from central: https://repo.maven.apache.org/maven2/io/prometheus/simpleclient_tracer_otel_agent/0.16.0/simpleclient_tracer_otel_agent-0.16.0.pom
#18 60.35 [INFO] Downloaded from central: https://repo.maven.apache.org/maven2/io/prometheus/simpleclient_tracer_otel_agent/0.16.0/simpleclient_tracer_otel_agent-0.16.0.pom (2.4 kB at 14 kB/s)
#18 60.36 [INFO] Downloading from central: https://repo.maven.apache.org/maven2/io/micrometer/micrometer-core/1.15.8/micrometer-core-1.15.8.pom
#18 60.53 [INFO] Downloaded from central: https://repo.maven.apache.org/maven2/io/micrometer/micrometer-core/1.15.8/micrometer-core-1.15.8.pom (11 kB at 64 kB/s)
#18 60.53 [INFO] Downloading from central: https://repo.maven.apache.org/maven2/org/hdrhistogram/HdrHistogram/2.2.2/HdrHistogram-2.2.2.pom
#18 60.70 [INFO] Downloaded from central: https://repo.maven.apache.org/maven2/org/hdrhistogram/HdrHistogram/2.2.2/HdrHistogram-2.2.2.pom (13 kB at 73 kB/s)
#18 60.71 [INFO] Downloading from central: https://repo.maven.apache.org/maven2/org/latencyutils/LatencyUtils/2.0.3/LatencyUtils-2.0.3.pom
#18 60.88 [INFO] Downloaded from central: https://repo.maven.apache.org/maven2/org/latencyutils/LatencyUtils/2.0.3/LatencyUtils-2.0.3.pom (7.2 kB at 42 kB/s)
#18 60.88 [INFO] Downloading from central: https://repo.maven.apache.org/maven2/org/springframework/cloud/spring-cloud-commons/4.3.1/spring-cloud-commons-4.3.1.pom
#18 61.05 [INFO] Downloaded from central: https://repo.maven.apache.org/maven2/org/springframework/cloud/spring-cloud-commons/4.3.1/spring-cloud-commons-4.3.1.pom (6.6 kB at 38 kB/s)
#18 61.06 [INFO] Downloading from central: https://repo.maven.apache.org/maven2/org/springframework/cloud/spring-cloud-commons-parent/4.3.1/spring-cloud-commons-parent-4.3.1.pom
#18 61.23 [INFO] Downloaded from central: https://repo.maven.apache.org/maven2/org/springframework/cloud/spring-cloud-commons-parent/4.3.1/spring-cloud-commons-parent-4.3.1.pom (3.9 kB at 22 kB/s)
#18 61.23 [INFO] Downloading from central: https://repo.maven.apache.org/maven2/org/springframework/cloud/spring-cloud-build/4.3.2/spring-cloud-build-4.3.2.pom
#18 61.41 [INFO] Downloaded from central: https://repo.maven.apache.org/maven2/org/springframework/cloud/spring-cloud-build/4.3.2/spring-cloud-build-4.3.2.pom (52 kB at 295 kB/s)
#18 61.41 [INFO] Downloading from central: https://repo.maven.apache.org/maven2/org/springframework/cloud/spring-cloud-build-dependencies/4.3.2/spring-cloud-build-dependencies-4.3.2.pom
#18 61.58 [INFO] Downloaded from central: https://repo.maven.apache.org/maven2/org/springframework/cloud/spring-cloud-build-dependencies/4.3.2/spring-cloud-build-dependencies-4.3.2.pom (3.4 kB at 20 kB/s)
#18 61.59 [INFO] Downloading from central: https://repo.maven.apache.org/maven2/org/springframework/boot/spring-boot-dependencies/3.5.8/spring-boot-dependencies-3.5.8.pom
#18 61.76 [INFO] Downloaded from central: https://repo.maven.apache.org/maven2/org/springframework/boot/spring-boot-dependencies/3.5.8/spring-boot-dependencies-3.5.8.pom (96 kB at 550 kB/s)
#18 61.77 [INFO] Downloading from central: https://repo.maven.apache.org/maven2/org/eclipse/jetty/ee10/jetty-ee10-bom/12.0.30/jetty-ee10-bom-12.0.30.pom
#18 61.94 [INFO] Downloaded from central: https://repo.maven.apache.org/maven2/org/eclipse/jetty/ee10/jetty-ee10-bom/12.0.30/jetty-ee10-bom-12.0.30.pom (9.6 kB at 55 kB/s)
#18 61.94 [INFO] Downloading from central: https://repo.maven.apache.org/maven2/org/eclipse/jetty/jetty-bom/12.0.30/jetty-bom-12.0.30.pom
#18 62.11 [INFO] Downloaded from central: https://repo.maven.apache.org/maven2/org/eclipse/jetty/jetty-bom/12.0.30/jetty-bom-12.0.30.pom (15 kB at 85 kB/s)
#18 62.12 [INFO] Downloading from central: https://repo.maven.apache.org/maven2/io/micrometer/micrometer-bom/1.15.6/micrometer-bom-1.15.6.pom
#18 62.29 [INFO] Downloaded from central: https://repo.maven.apache.org/maven2/io/micrometer/micrometer-bom/1.15.6/micrometer-bom-1.15.6.pom (8.6 kB at 50 kB/s)
#18 62.29 [INFO] Downloading from central: https://repo.maven.apache.org/maven2/io/micrometer/micrometer-tracing-bom/1.5.6/micrometer-tracing-bom-1.5.6.pom
#18 62.46 [INFO] Downloaded from central: https://repo.maven.apache.org/maven2/io/micrometer/micrometer-tracing-bom/1.5.6/micrometer-tracing-bom-1.5.6.pom (4.5 kB at 26 kB/s)
#18 62.47 [INFO] Downloading from central: https://repo.maven.apache.org/maven2/io/netty/netty-bom/4.1.128.Final/netty-bom-4.1.128.Final.pom
#18 62.64 [INFO] Downloaded from central: https://repo.maven.apache.org/maven2/io/netty/netty-bom/4.1.128.Final/netty-bom-4.1.128.Final.pom (15 kB at 87 kB/s)
#18 62.64 [INFO] Downloading from central: https://repo.maven.apache.org/maven2/org/apache/pulsar/pulsar-bom/4.0.7/pulsar-bom-4.0.7.pom
#18 62.81 [INFO] Downloaded from central: https://repo.maven.apache.org/maven2/org/apache/pulsar/pulsar-bom/4.0.7/pulsar-bom-4.0.7.pom (25 kB at 147 kB/s)
#18 62.81 [INFO] Downloading from central: https://repo.maven.apache.org/maven2/io/projectreactor/reactor-bom/2024.0.12/reactor-bom-2024.0.12.pom
#18 62.99 [INFO] Downloaded from central: https://repo.maven.apache.org/maven2/io/projectreactor/reactor-bom/2024.0.12/reactor-bom-2024.0.12.pom (4.8 kB at 27 kB/s)
#18 62.99 [INFO] Downloading from central: https://repo.maven.apache.org/maven2/io/rest-assured/rest-assured-bom/5.5.6/rest-assured-bom-5.5.6.pom
#18 63.16 [INFO] Downloaded from central: https://repo.maven.apache.org/maven2/io/rest-assured/rest-assured-bom/5.5.6/rest-assured-bom-5.5.6.pom (4.7 kB at 28 kB/s)
#18 63.16 [INFO] Downloading from central: https://repo.maven.apache.org/maven2/org/springframework/amqp/spring-amqp-bom/3.2.8/spring-amqp-bom-3.2.8.pom
#18 63.33 [INFO] Downloaded from central: https://repo.maven.apache.org/maven2/org/springframework/amqp/spring-amqp-bom/3.2.8/spring-amqp-bom-3.2.8.pom (3.9 kB at 23 kB/s)
#18 63.34 [INFO] Downloading from central: https://repo.maven.apache.org/maven2/org/springframework/data/spring-data-bom/2025.0.6/spring-data-bom-2025.0.6.pom
#18 63.51 [INFO] Downloaded from central: https://repo.maven.apache.org/maven2/org/springframework/data/spring-data-bom/2025.0.6/spring-data-bom-2025.0.6.pom (5.5 kB at 32 kB/s)
#18 63.51 [INFO] Downloading from central: https://repo.maven.apache.org/maven2/org/springframework/spring-framework-bom/6.2.14/spring-framework-bom-6.2.14.pom
#18 63.68 [INFO] Downloaded from central: https://repo.maven.apache.org/maven2/org/springframework/spring-framework-bom/6.2.14/spring-framework-bom-6.2.14.pom (5.8 kB at 35 kB/s)
#18 63.68 [INFO] Downloading from central: https://repo.maven.apache.org/maven2/org/springframework/integration/spring-integration-bom/6.5.4/spring-integration-bom-6.5.4.pom
#18 63.85 [INFO] Downloaded from central: https://repo.maven.apache.org/maven2/org/springframework/integration/spring-integration-bom/6.5.4/spring-integration-bom-6.5.4.pom (10 kB at 60 kB/s)
#18 63.86 [INFO] Downloading from central: https://repo.maven.apache.org/maven2/org/springframework/pulsar/spring-pulsar-bom/1.2.12/spring-pulsar-bom-1.2.12.pom
#18 64.03 [INFO] Downloaded from central: https://repo.maven.apache.org/maven2/org/springframework/pulsar/spring-pulsar-bom/1.2.12/spring-pulsar-bom-1.2.12.pom (2.9 kB at 17 kB/s)
#18 64.03 [INFO] Downloading from central: https://repo.maven.apache.org/maven2/org/springframework/session/spring-session-bom/3.5.3/spring-session-bom-3.5.3.pom
#18 64.20 [INFO] Downloaded from central: https://repo.maven.apache.org/maven2/org/springframework/session/spring-session-bom/3.5.3/spring-session-bom-3.5.3.pom (2.9 kB at 17 kB/s)
#18 64.20 [INFO] Downloading from central: https://repo.maven.apache.org/maven2/org/testcontainers/testcontainers-bom/1.21.3/testcontainers-bom-1.21.3.pom
#18 64.38 [INFO] Downloaded from central: https://repo.maven.apache.org/maven2/org/testcontainers/testcontainers-bom/1.21.3/testcontainers-bom-1.21.3.pom (12 kB at 68 kB/s)
#18 64.38 [INFO] Downloading from central: https://repo.maven.apache.org/maven2/org/springframework/security/spring-security-crypto/6.5.7/spring-security-crypto-6.5.7.pom
#18 64.55 [INFO] Downloaded from central: https://repo.maven.apache.org/maven2/org/springframework/security/spring-security-crypto/6.5.7/spring-security-crypto-6.5.7.pom (1.9 kB at 11 kB/s)
#18 64.56 [INFO] Downloading from central: https://repo.maven.apache.org/maven2/org/springframework/cloud/spring-cloud-context/4.3.1/spring-cloud-context-4.3.1.pom
#18 64.73 [INFO] Downloaded from central: https://repo.maven.apache.org/maven2/org/springframework/cloud/spring-cloud-context/4.3.1/spring-cloud-context-4.3.1.pom (5.3 kB at 30 kB/s)
#18 64.74 [INFO] Downloading from central: https://repo.maven.apache.org/maven2/org/projectlombok/lombok/1.18.42/lombok-1.18.42.pom
#18 64.91 [INFO] Downloaded from central: https://repo.maven.apache.org/maven2/org/projectlombok/lombok/1.18.42/lombok-1.18.42.pom (1.5 kB at 8.6 kB/s)
#18 64.92 [INFO] Downloading from central: https://repo.maven.apache.org/maven2/net/devh/grpc-spring-boot-starter/3.1.0.RELEASE/grpc-spring-boot-starter-3.1.0.RELEASE.pom
#18 65.09 [INFO] Downloaded from central: https://repo.maven.apache.org/maven2/net/devh/grpc-spring-boot-starter/3.1.0.RELEASE/grpc-spring-boot-starter-3.1.0.RELEASE.pom (4.2 kB at 24 kB/s)
#18 65.09 [INFO] Downloading from central: https://repo.maven.apache.org/maven2/org/jetbrains/kotlin/kotlin-bom/1.9.23/kotlin-bom-1.9.23.pom
#18 65.26 [INFO] Downloaded from central: https://repo.maven.apache.org/maven2/org/jetbrains/kotlin/kotlin-bom/1.9.23/kotlin-bom-1.9.23.pom (9.1 kB at 54 kB/s)
#18 65.27 [INFO] Downloading from central: https://repo.maven.apache.org/maven2/io/grpc/grpc-bom/1.63.0/grpc-bom-1.63.0.pom
#18 65.44 [INFO] Downloaded from central: https://repo.maven.apache.org/maven2/io/grpc/grpc-bom/1.63.0/grpc-bom-1.63.0.pom (6.1 kB at 36 kB/s)
#18 65.44 [INFO] Downloading from central: https://repo.maven.apache.org/maven2/com/google/guava/guava-bom/33.1.0-jre/guava-bom-33.1.0-jre.pom
#18 65.61 [INFO] Downloaded from central: https://repo.maven.apache.org/maven2/com/google/guava/guava-bom/33.1.0-jre/guava-bom-33.1.0-jre.pom (1.7 kB at 9.9 kB/s)
#18 65.61 [INFO] Downloading from central: https://repo.maven.apache.org/maven2/com/google/protobuf/protobuf-bom/3.25.3/protobuf-bom-3.25.3.pom
#18 65.79 [INFO] Downloaded from central: https://repo.maven.apache.org/maven2/com/google/protobuf/protobuf-bom/3.25.3/protobuf-bom-3.25.3.pom (3.7 kB at 22 kB/s)
#18 65.79 [INFO] Downloading from central: https://repo.maven.apache.org/maven2/com/alibaba/cloud/spring-cloud-alibaba-dependencies/2022.0.0.0/spring-cloud-alibaba-dependencies-2022.0.0.0.pom
#18 65.96 [INFO] Downloaded from central: https://repo.maven.apache.org/maven2/com/alibaba/cloud/spring-cloud-alibaba-dependencies/2022.0.0.0/spring-cloud-alibaba-dependencies-2022.0.0.0.pom (11 kB at 67 kB/s)
#18 65.96 [INFO] Downloading from central: https://repo.maven.apache.org/maven2/org/springframework/cloud/spring-cloud-dependencies-parent/4.0.0/spring-cloud-dependencies-parent-4.0.0.pom
#18 66.13 [INFO] Downloaded from central: https://repo.maven.apache.org/maven2/org/springframework/cloud/spring-cloud-dependencies-parent/4.0.0/spring-cloud-dependencies-parent-4.0.0.pom (8.1 kB at 47 kB/s)
#18 66.14 [INFO] Downloading from central: https://repo.maven.apache.org/maven2/org/springframework/cloud/spring-cloud-dependencies/2023.0.0/spring-cloud-dependencies-2023.0.0.pom
#18 66.31 [INFO] Downloaded from central: https://repo.maven.apache.org/maven2/org/springframework/cloud/spring-cloud-dependencies/2023.0.0/spring-cloud-dependencies-2023.0.0.pom (10 kB at 59 kB/s)
#18 66.31 [INFO] Downloading from central: https://repo.maven.apache.org/maven2/org/springframework/cloud/spring-cloud-dependencies-parent/4.1.0/spring-cloud-dependencies-parent-4.1.0.pom
#18 66.48 [INFO] Downloaded from central: https://repo.maven.apache.org/maven2/org/springframework/cloud/spring-cloud-dependencies-parent/4.1.0/spring-cloud-dependencies-parent-4.1.0.pom (8.1 kB at 47 kB/s)
#18 66.49 [INFO] Downloading from central: https://repo.maven.apache.org/maven2/org/springframework/cloud/spring-cloud-commons-dependencies/4.1.0/spring-cloud-commons-dependencies-4.1.0.pom
#18 66.66 [INFO] Downloaded from central: https://repo.maven.apache.org/maven2/org/springframework/cloud/spring-cloud-commons-dependencies/4.1.0/spring-cloud-commons-dependencies-4.1.0.pom (7.2 kB at 42 kB/s)
#18 66.66 [INFO] Downloading from central: https://repo.maven.apache.org/maven2/org/springframework/cloud/spring-cloud-netflix-dependencies/4.1.0/spring-cloud-netflix-dependencies-4.1.0.pom
#18 66.83 [INFO] Downloaded from central: https://repo.maven.apache.org/maven2/org/springframework/cloud/spring-cloud-netflix-dependencies/4.1.0/spring-cloud-netflix-dependencies-4.1.0.pom (9.8 kB at 57 kB/s)
#18 66.83 [INFO] Downloading from central: https://repo.maven.apache.org/maven2/org/springframework/cloud/spring-cloud-stream-dependencies/4.1.0/spring-cloud-stream-dependencies-4.1.0.pom
#18 67.01 [INFO] Downloaded from central: https://repo.maven.apache.org/maven2/org/springframework/cloud/spring-cloud-stream-dependencies/4.1.0/spring-cloud-stream-dependencies-4.1.0.pom (8.6 kB at 49 kB/s)
#18 67.01 [INFO] Downloading from central: https://repo.maven.apache.org/maven2/org/springframework/cloud/spring-cloud-task-dependencies/3.1.0/spring-cloud-task-dependencies-3.1.0.pom
#18 67.18 [INFO] Downloaded from central: https://repo.maven.apache.org/maven2/org/springframework/cloud/spring-cloud-task-dependencies/3.1.0/spring-cloud-task-dependencies-3.1.0.pom (5.8 kB at 34 kB/s)
#18 67.19 [INFO] Downloading from central: https://repo.maven.apache.org/maven2/org/springframework/cloud/spring-cloud-circuitbreaker-dependencies/3.1.0/spring-cloud-circuitbreaker-dependencies-3.1.0.pom
#18 67.36 [INFO] Downloaded from central: https://repo.maven.apache.org/maven2/org/springframework/cloud/spring-cloud-circuitbreaker-dependencies/3.1.0/spring-cloud-circuitbreaker-dependencies-3.1.0.pom (6.7 kB at 39 kB/s)
#18 67.36 [INFO] Downloading from central: https://repo.maven.apache.org/maven2/io/github/resilience4j/resilience4j-bom/2.1.0/resilience4j-bom-2.1.0.pom
#18 67.53 [INFO] Downloaded from central: https://repo.maven.apache.org/maven2/io/github/resilience4j/resilience4j-bom/2.1.0/resilience4j-bom-2.1.0.pom (6.4 kB at 38 kB/s)
#18 67.53 [INFO] Downloading from central: https://repo.maven.apache.org/maven2/org/springframework/cloud/spring-cloud-config-dependencies/4.1.0/spring-cloud-config-dependencies-4.1.0.pom
#18 67.70 [INFO] Downloaded from central: https://repo.maven.apache.org/maven2/org/springframework/cloud/spring-cloud-config-dependencies/4.1.0/spring-cloud-config-dependencies-4.1.0.pom (7.5 kB at 45 kB/s)
#18 67.70 [INFO] Downloading from central: https://repo.maven.apache.org/maven2/org/springframework/cloud/spring-cloud-function-dependencies/4.1.0/spring-cloud-function-dependencies-4.1.0.pom
#18 67.88 [INFO] Downloaded from central: https://repo.maven.apache.org/maven2/org/springframework/cloud/spring-cloud-function-dependencies/4.1.0/spring-cloud-function-dependencies-4.1.0.pom (6.8 kB at 39 kB/s)
#18 67.88 [INFO] Downloading from central: https://repo.maven.apache.org/maven2/org/springframework/cloud/spring-cloud-gateway-dependencies/4.1.0/spring-cloud-gateway-dependencies-4.1.0.pom
#18 68.05 [INFO] Downloaded from central: https://repo.maven.apache.org/maven2/org/springframework/cloud/spring-cloud-gateway-dependencies/4.1.0/spring-cloud-gateway-dependencies-4.1.0.pom (6.4 kB at 37 kB/s)
#18 68.05 [INFO] Downloading from central: https://repo.maven.apache.org/maven2/org/springframework/cloud/spring-cloud-consul-dependencies/4.1.0/spring-cloud-consul-dependencies-4.1.0.pom
#18 68.23 [INFO] Downloaded from central: https://repo.maven.apache.org/maven2/org/springframework/cloud/spring-cloud-consul-dependencies/4.1.0/spring-cloud-consul-dependencies-4.1.0.pom (7.5 kB at 43 kB/s)
#18 68.23 [INFO] Downloading from central: https://repo.maven.apache.org/maven2/org/springframework/cloud/spring-cloud-vault-dependencies/4.1.0/spring-cloud-vault-dependencies-4.1.0.pom
#18 68.40 [INFO] Downloaded from central: https://repo.maven.apache.org/maven2/org/springframework/cloud/spring-cloud-vault-dependencies/4.1.0/spring-cloud-vault-dependencies-4.1.0.pom (6.2 kB at 36 kB/s)
#18 68.40 [INFO] Downloading from central: https://repo.maven.apache.org/maven2/org/springframework/cloud/spring-cloud-zookeeper-dependencies/4.1.0/spring-cloud-zookeeper-dependencies-4.1.0.pom
#18 68.57 [INFO] Downloaded from central: https://repo.maven.apache.org/maven2/org/springframework/cloud/spring-cloud-zookeeper-dependencies/4.1.0/spring-cloud-zookeeper-dependencies-4.1.0.pom (8.9 kB at 52 kB/s)
#18 68.58 [INFO] Downloading from central: https://repo.maven.apache.org/maven2/org/springframework/cloud/spring-cloud-bus-dependencies/4.1.0/spring-cloud-bus-dependencies-4.1.0.pom
#18 68.75 [INFO] Downloaded from central: https://repo.maven.apache.org/maven2/org/springframework/cloud/spring-cloud-bus-dependencies/4.1.0/spring-cloud-bus-dependencies-4.1.0.pom (6.1 kB at 36 kB/s)
#18 68.75 [INFO] Downloading from central: https://repo.maven.apache.org/maven2/org/springframework/cloud/spring-cloud-contract-dependencies/4.1.0/spring-cloud-contract-dependencies-4.1.0.pom
#18 68.92 [INFO] Downloaded from central: https://repo.maven.apache.org/maven2/org/springframework/cloud/spring-cloud-contract-dependencies/4.1.0/spring-cloud-contract-dependencies-4.1.0.pom (9.0 kB at 52 kB/s)
#18 68.92 [INFO] Downloading from central: https://repo.maven.apache.org/maven2/org/springframework/cloud/spring-cloud-openfeign-dependencies/4.1.0/spring-cloud-openfeign-dependencies-4.1.0.pom
#18 69.10 [INFO] Downloaded from central: https://repo.maven.apache.org/maven2/org/springframework/cloud/spring-cloud-openfeign-dependencies/4.1.0/spring-cloud-openfeign-dependencies-4.1.0.pom (6.5 kB at 38 kB/s)
#18 69.10 [INFO] Downloading from central: https://repo.maven.apache.org/maven2/io/github/openfeign/feign-bom/13.1/feign-bom-13.1.pom
#18 69.27 [INFO] Downloaded from central: https://repo.maven.apache.org/maven2/io/github/openfeign/feign-bom/13.1/feign-bom-13.1.pom (7.2 kB at 42 kB/s)
#18 69.27 [INFO] Downloading from central: https://repo.maven.apache.org/maven2/org/springframework/cloud/spring-cloud-kubernetes-dependencies/3.1.0/spring-cloud-kubernetes-dependencies-3.1.0.pom
#18 69.45 [INFO] Downloaded from central: https://repo.maven.apache.org/maven2/org/springframework/cloud/spring-cloud-kubernetes-dependencies/3.1.0/spring-cloud-kubernetes-dependencies-3.1.0.pom (13 kB at 72 kB/s)
#18 69.45 [INFO] Downloading from central: https://repo.maven.apache.org/maven2/io/fabric8/kubernetes-client-bom/6.9.2/kubernetes-client-bom-6.9.2.pom
#18 69.62 [INFO] Downloaded from central: https://repo.maven.apache.org/maven2/io/fabric8/kubernetes-client-bom/6.9.2/kubernetes-client-bom-6.9.2.pom (28 kB at 162 kB/s)
#18 69.63 [INFO] Downloading from central: https://repo.maven.apache.org/maven2/org/springframework/boot/spring-boot-starter-parent/3.2.4/spring-boot-starter-parent-3.2.4.pom
#18 69.80 [INFO] Downloaded from central: https://repo.maven.apache.org/maven2/org/springframework/boot/spring-boot-starter-parent/3.2.4/spring-boot-starter-parent-3.2.4.pom (13 kB at 74 kB/s)
#18 69.80 [INFO] Downloading from central: https://repo.maven.apache.org/maven2/org/springframework/boot/spring-boot-dependencies/3.2.4/spring-boot-dependencies-3.2.4.pom
#18 69.97 [INFO] Downloaded from central: https://repo.maven.apache.org/maven2/org/springframework/boot/spring-boot-dependencies/3.2.4/spring-boot-dependencies-3.2.4.pom (111 kB at 637 kB/s)
#18 69.98 [INFO] Downloading from central: https://repo.maven.apache.org/maven2/org/assertj/assertj-bom/3.24.2/assertj-bom-3.24.2.pom
#18 70.15 [INFO] Downloaded from central: https://repo.maven.apache.org/maven2/org/assertj/assertj-bom/3.24.2/assertj-bom-3.24.2.pom (3.7 kB at 21 kB/s)
#18 70.15 [INFO] Downloading from central: https://repo.maven.apache.org/maven2/io/zipkin/brave/brave-bom/5.16.0/brave-bom-5.16.0.pom
#18 70.32 [INFO] Downloaded from central: https://repo.maven.apache.org/maven2/io/zipkin/brave/brave-bom/5.16.0/brave-bom-5.16.0.pom (12 kB at 71 kB/s)
#18 70.33 [INFO] Downloading from central: https://repo.maven.apache.org/maven2/io/zipkin/reporter2/zipkin-reporter-bom/2.16.3/zipkin-reporter-bom-2.16.3.pom
#18 70.50 [INFO] Downloaded from central: https://repo.maven.apache.org/maven2/io/zipkin/reporter2/zipkin-reporter-bom/2.16.3/zipkin-reporter-bom-2.16.3.pom (6.9 kB at 40 kB/s)
#18 70.50 [INFO] Downloading from central: https://repo.maven.apache.org/maven2/com/datastax/oss/java-driver-bom/4.17.0/java-driver-bom-4.17.0.pom
#18 70.68 [INFO] Downloaded from central: https://repo.maven.apache.org/maven2/com/datastax/oss/java-driver-bom/4.17.0/java-driver-bom-4.17.0.pom (4.1 kB at 23 kB/s)
#18 70.68 [INFO] Downloading from central: https://repo.maven.apache.org/maven2/io/dropwizard/metrics/metrics-bom/4.2.25/metrics-bom-4.2.25.pom
#18 70.86 [INFO] Downloaded from central: https://repo.maven.apache.org/maven2/io/dropwizard/metrics/metrics-bom/4.2.25/metrics-bom-4.2.25.pom (8.2 kB at 47 kB/s)
#18 70.86 [INFO] Downloading from central: https://repo.maven.apache.org/maven2/io/dropwizard/metrics/metrics-parent/4.2.25/metrics-parent-4.2.25.pom
#18 71.03 [INFO] Downloaded from central: https://repo.maven.apache.org/maven2/io/dropwizard/metrics/metrics-parent/4.2.25/metrics-parent-4.2.25.pom (21 kB at 119 kB/s)
#18 71.04 [INFO] Downloading from central: https://repo.maven.apache.org/maven2/org/apache/groovy/groovy-bom/4.0.20/groovy-bom-4.0.20.pom
#18 71.21 [INFO] Downloaded from central: https://repo.maven.apache.org/maven2/org/apache/groovy/groovy-bom/4.0.20/groovy-bom-4.0.20.pom (27 kB at 159 kB/s)
#18 71.21 [INFO] Downloading from central: https://repo.maven.apache.org/maven2/org/infinispan/infinispan-bom/14.0.27.Final/infinispan-bom-14.0.27.Final.pom
#18 71.38 [INFO] Downloaded from central: https://repo.maven.apache.org/maven2/org/infinispan/infinispan-bom/14.0.27.Final/infinispan-bom-14.0.27.Final.pom (25 kB at 144 kB/s)
#18 71.38 [INFO] Downloading from central: https://repo.maven.apache.org/maven2/org/infinispan/infinispan-build-configuration-parent/14.0.27.Final/infinispan-build-configuration-parent-14.0.27.Final.pom
#18 71.56 [INFO] Downloaded from central: https://repo.maven.apache.org/maven2/org/infinispan/infinispan-build-configuration-parent/14.0.27.Final/infinispan-build-configuration-parent-14.0.27.Final.pom (24 kB at 140 kB/s)
#18 71.56 [INFO] Downloading from central: https://repo.maven.apache.org/maven2/org/jboss/jboss-parent/39/jboss-parent-39.pom
#18 71.73 [INFO] Downloaded from central: https://repo.maven.apache.org/maven2/org/jboss/jboss-parent/39/jboss-parent-39.pom (68 kB at 388 kB/s)
#18 71.75 [INFO] Downloading from central: https://repo.maven.apache.org/maven2/com/fasterxml/jackson/jackson-bom/2.15.4/jackson-bom-2.15.4.pom
#18 71.92 [INFO] Downloaded from central: https://repo.maven.apache.org/maven2/com/fasterxml/jackson/jackson-bom/2.15.4/jackson-bom-2.15.4.pom (18 kB at 104 kB/s)
#18 71.92 [INFO] Downloading from central: https://repo.maven.apache.org/maven2/com/fasterxml/jackson/jackson-parent/2.15/jackson-parent-2.15.pom
#18 72.10 [INFO] Downloaded from central: https://repo.maven.apache.org/maven2/com/fasterxml/jackson/jackson-parent/2.15/jackson-parent-2.15.pom (6.5 kB at 38 kB/s)
#18 72.10 [INFO] Downloading from central: https://repo.maven.apache.org/maven2/com/fasterxml/oss-parent/50/oss-parent-50.pom
#18 72.27 [INFO] Downloaded from central: https://repo.maven.apache.org/maven2/com/fasterxml/oss-parent/50/oss-parent-50.pom (24 kB at 140 kB/s)
#18 72.27 [INFO] Downloading from central: https://repo.maven.apache.org/maven2/org/glassfish/jersey/jersey-bom/3.1.5/jersey-bom-3.1.5.pom
#18 72.44 [INFO] Downloaded from central: https://repo.maven.apache.org/maven2/org/glassfish/jersey/jersey-bom/3.1.5/jersey-bom-3.1.5.pom (21 kB at 119 kB/s)
#18 72.45 [INFO] Downloading from central: https://repo.maven.apache.org/maven2/org/eclipse/ee4j/project/1.0.8/project-1.0.8.pom
#18 72.62 [INFO] Downloaded from central: https://repo.maven.apache.org/maven2/org/eclipse/ee4j/project/1.0.8/project-1.0.8.pom (15 kB at 85 kB/s)
#18 72.62 [INFO] Downloading from central: https://repo.maven.apache.org/maven2/org/eclipse/jetty/ee10/jetty-ee10-bom/12.0.7/jetty-ee10-bom-12.0.7.pom
#18 72.79 [INFO] Downloaded from central: https://repo.maven.apache.org/maven2/org/eclipse/jetty/ee10/jetty-ee10-bom/12.0.7/jetty-ee10-bom-12.0.7.pom (9.2 kB at 54 kB/s)
#18 72.79 [INFO] Downloading from central: https://repo.maven.apache.org/maven2/org/eclipse/jetty/jetty-bom/12.0.7/jetty-bom-12.0.7.pom
#18 72.96 [INFO] Downloaded from central: https://repo.maven.apache.org/maven2/org/eclipse/jetty/jetty-bom/12.0.7/jetty-bom-12.0.7.pom (14 kB at 84 kB/s)
#18 72.96 [INFO] Downloading from central: https://repo.maven.apache.org/maven2/org/jetbrains/kotlinx/kotlinx-coroutines-bom/1.7.3/kotlinx-coroutines-bom-1.7.3.pom
#18 73.14 [INFO] Downloaded from central: https://repo.maven.apache.org/maven2/org/jetbrains/kotlinx/kotlinx-coroutines-bom/1.7.3/kotlinx-coroutines-bom-1.7.3.pom (4.3 kB at 25 kB/s)
#18 73.14 [INFO] Downloading from central: https://repo.maven.apache.org/maven2/org/apache/logging/log4j/log4j-bom/2.21.1/log4j-bom-2.21.1.pom
#18 73.31 [INFO] Downloaded from central: https://repo.maven.apache.org/maven2/org/apache/logging/log4j/log4j-bom/2.21.1/log4j-bom-2.21.1.pom (12 kB at 74 kB/s)
#18 73.31 [INFO] Downloading from central: https://repo.maven.apache.org/maven2/org/apache/logging/logging-parent/10.1.1/logging-parent-10.1.1.pom
#18 73.49 [INFO] Downloaded from central: https://repo.maven.apache.org/maven2/org/apache/logging/logging-parent/10.1.1/logging-parent-10.1.1.pom (39 kB at 226 kB/s)
#18 73.49 [INFO] Downloading from central: https://repo.maven.apache.org/maven2/org/apache/apache/30/apache-30.pom
#18 73.66 [INFO] Downloaded from central: https://repo.maven.apache.org/maven2/org/apache/apache/30/apache-30.pom (23 kB at 135 kB/s)
#18 73.66 [INFO] Downloading from central: https://repo.maven.apache.org/maven2/io/micrometer/micrometer-bom/1.12.4/micrometer-bom-1.12.4.pom
#18 73.83 [INFO] Downloaded from central: https://repo.maven.apache.org/maven2/io/micrometer/micrometer-bom/1.12.4/micrometer-bom-1.12.4.pom (7.9 kB at 47 kB/s)
#18 73.84 [INFO] Downloading from central: https://repo.maven.apache.org/maven2/io/micrometer/micrometer-tracing-bom/1.2.4/micrometer-tracing-bom-1.2.4.pom
#18 74.01 [INFO] Downloaded from central: https://repo.maven.apache.org/maven2/io/micrometer/micrometer-tracing-bom/1.2.4/micrometer-tracing-bom-1.2.4.pom (4.5 kB at 27 kB/s)
#18 74.01 [INFO] Downloading from central: https://repo.maven.apache.org/maven2/org/mockito/mockito-bom/5.7.0/mockito-bom-5.7.0.pom
#18 74.18 [INFO] Downloaded from central: https://repo.maven.apache.org/maven2/org/mockito/mockito-bom/5.7.0/mockito-bom-5.7.0.pom (3.0 kB at 17 kB/s)
#18 74.18 [INFO] Downloading from central: https://repo.maven.apache.org/maven2/io/netty/netty-bom/4.1.107.Final/netty-bom-4.1.107.Final.pom
#18 74.35 [INFO] Downloaded from central: https://repo.maven.apache.org/maven2/io/netty/netty-bom/4.1.107.Final/netty-bom-4.1.107.Final.pom (14 kB at 81 kB/s)
#18 74.35 [INFO] Downloading from central: https://repo.maven.apache.org/maven2/io/opentelemetry/opentelemetry-bom/1.31.0/opentelemetry-bom-1.31.0.pom
#18 74.53 [INFO] Downloaded from central: https://repo.maven.apache.org/maven2/io/opentelemetry/opentelemetry-bom/1.31.0/opentelemetry-bom-1.31.0.pom (7.0 kB at 41 kB/s)
#18 74.53 [INFO] Downloading from central: https://repo.maven.apache.org/maven2/com/oracle/database/jdbc/ojdbc-bom/21.9.0.0/ojdbc-bom-21.9.0.0.pom
#18 74.70 [INFO] Downloaded from central: https://repo.maven.apache.org/maven2/com/oracle/database/jdbc/ojdbc-bom/21.9.0.0/ojdbc-bom-21.9.0.0.pom (13 kB at 72 kB/s)
#18 74.71 [INFO] Downloading from central: https://repo.maven.apache.org/maven2/com/querydsl/querydsl-bom/5.0.0/querydsl-bom-5.0.0.pom
#18 74.88 [INFO] Downloaded from central: https://repo.maven.apache.org/maven2/com/querydsl/querydsl-bom/5.0.0/querydsl-bom-5.0.0.pom (7.2 kB at 42 kB/s)
#18 74.88 [INFO] Downloading from central: https://repo.maven.apache.org/maven2/io/projectreactor/reactor-bom/2023.0.4/reactor-bom-2023.0.4.pom
#18 75.05 [INFO] Downloaded from central: https://repo.maven.apache.org/maven2/io/projectreactor/reactor-bom/2023.0.4/reactor-bom-2023.0.4.pom (4.8 kB at 28 kB/s)
#18 75.06 [INFO] Downloading from central: https://repo.maven.apache.org/maven2/io/rest-assured/rest-assured-bom/5.3.2/rest-assured-bom-5.3.2.pom
#18 75.23 [INFO] Downloaded from central: https://repo.maven.apache.org/maven2/io/rest-assured/rest-assured-bom/5.3.2/rest-assured-bom-5.3.2.pom (4.3 kB at 25 kB/s)
#18 75.23 [INFO] Downloading from central: https://repo.maven.apache.org/maven2/io/rsocket/rsocket-bom/1.1.3/rsocket-bom-1.1.3.pom
#18 75.40 [INFO] Downloaded from central: https://repo.maven.apache.org/maven2/io/rsocket/rsocket-bom/1.1.3/rsocket-bom-1.1.3.pom (2.6 kB at 15 kB/s)
#18 75.41 [INFO] Downloading from central: https://repo.maven.apache.org/maven2/org/seleniumhq/selenium/selenium-bom/4.14.1/selenium-bom-4.14.1.pom
#18 75.58 [INFO] Downloaded from central: https://repo.maven.apache.org/maven2/org/seleniumhq/selenium/selenium-bom/4.14.1/selenium-bom-4.14.1.pom (6.0 kB at 35 kB/s)
#18 75.58 [INFO] Downloading from central: https://repo.maven.apache.org/maven2/org/springframework/amqp/spring-amqp-bom/3.1.3/spring-amqp-bom-3.1.3.pom
#18 75.75 [INFO] Downloaded from central: https://repo.maven.apache.org/maven2/org/springframework/amqp/spring-amqp-bom/3.1.3/spring-amqp-bom-3.1.3.pom (3.9 kB at 23 kB/s)
#18 75.75 [INFO] Downloading from central: https://repo.maven.apache.org/maven2/org/springframework/batch/spring-batch-bom/5.1.1/spring-batch-bom-5.1.1.pom
#18 75.92 [INFO] Downloaded from central: https://repo.maven.apache.org/maven2/org/springframework/batch/spring-batch-bom/5.1.1/spring-batch-bom-5.1.1.pom (3.2 kB at 19 kB/s)
#18 75.92 [INFO] Downloading from central: https://repo.maven.apache.org/maven2/org/springframework/data/spring-data-bom/2023.1.4/spring-data-bom-2023.1.4.pom
#18 76.09 [INFO] Downloaded from central: https://repo.maven.apache.org/maven2/org/springframework/data/spring-data-bom/2023.1.4/spring-data-bom-2023.1.4.pom (5.5 kB at 33 kB/s)
#18 76.10 [INFO] Downloading from central: https://repo.maven.apache.org/maven2/org/springframework/spring-framework-bom/6.1.5/spring-framework-bom-6.1.5.pom
#18 76.26 [INFO] Downloaded from central: https://repo.maven.apache.org/maven2/org/springframework/spring-framework-bom/6.1.5/spring-framework-bom-6.1.5.pom (5.8 kB at 34 kB/s)
#18 76.27 [INFO] Downloading from central: https://repo.maven.apache.org/maven2/org/springframework/integration/spring-integration-bom/6.2.3/spring-integration-bom-6.2.3.pom
#18 76.44 [INFO] Downloaded from central: https://repo.maven.apache.org/maven2/org/springframework/integration/spring-integration-bom/6.2.3/spring-integration-bom-6.2.3.pom (10 kB at 62 kB/s)
#18 76.44 [INFO] Downloading from central: https://repo.maven.apache.org/maven2/org/springframework/pulsar/spring-pulsar-bom/1.0.4/spring-pulsar-bom-1.0.4.pom
#18 76.61 [INFO] Downloaded from central: https://repo.maven.apache.org/maven2/org/springframework/pulsar/spring-pulsar-bom/1.0.4/spring-pulsar-bom-1.0.4.pom (2.7 kB at 16 kB/s)
#18 76.61 [INFO] Downloading from central: https://repo.maven.apache.org/maven2/org/springframework/restdocs/spring-restdocs-bom/3.0.1/spring-restdocs-bom-3.0.1.pom
#18 76.78 [INFO] Downloaded from central: https://repo.maven.apache.org/maven2/org/springframework/restdocs/spring-restdocs-bom/3.0.1/spring-restdocs-bom-3.0.1.pom (2.6 kB at 15 kB/s)
#18 76.79 [INFO] Downloading from central: https://repo.maven.apache.org/maven2/org/springframework/security/spring-security-bom/6.2.3/spring-security-bom-6.2.3.pom
#18 76.96 [INFO] Downloaded from central: https://repo.maven.apache.org/maven2/org/springframework/security/spring-security-bom/6.2.3/spring-security-bom-6.2.3.pom (5.3 kB at 32 kB/s)
#18 76.96 [INFO] Downloading from central: https://repo.maven.apache.org/maven2/org/springframework/session/spring-session-bom/3.2.2/spring-session-bom-3.2.2.pom
#18 77.13 [INFO] Downloaded from central: https://repo.maven.apache.org/maven2/org/springframework/session/spring-session-bom/3.2.2/spring-session-bom-3.2.2.pom (2.9 kB at 17 kB/s)
#18 77.13 [INFO] Downloading from central: https://repo.maven.apache.org/maven2/org/springframework/ws/spring-ws-bom/4.0.10/spring-ws-bom-4.0.10.pom
#18 77.30 [INFO] Downloaded from central: https://repo.maven.apache.org/maven2/org/springframework/ws/spring-ws-bom/4.0.10/spring-ws-bom-4.0.10.pom (3.5 kB at 20 kB/s)
#18 77.30 [INFO] Downloading from central: https://repo.maven.apache.org/maven2/org/testcontainers/testcontainers-bom/1.19.7/testcontainers-bom-1.19.7.pom
#18 77.48 [INFO] Downloaded from central: https://repo.maven.apache.org/maven2/org/testcontainers/testcontainers-bom/1.19.7/testcontainers-bom-1.19.7.pom (10 kB at 60 kB/s)
#18 77.48 [INFO] Downloading from central: https://repo.maven.apache.org/maven2/net/devh/grpc-server-spring-boot-starter/3.1.0.RELEASE/grpc-server-spring-boot-starter-3.1.0.RELEASE.pom
#18 77.65 [INFO] Downloaded from central: https://repo.maven.apache.org/maven2/net/devh/grpc-server-spring-boot-starter/3.1.0.RELEASE/grpc-server-spring-boot-starter-3.1.0.RELEASE.pom (18 kB at 103 kB/s)
#18 77.66 [INFO] Downloading from central: https://repo.maven.apache.org/maven2/net/devh/grpc-common-spring-boot/3.1.0.RELEASE/grpc-common-spring-boot-3.1.0.RELEASE.pom
#18 77.83 [INFO] Downloaded from central: https://repo.maven.apache.org/maven2/net/devh/grpc-common-spring-boot/3.1.0.RELEASE/grpc-common-spring-boot-3.1.0.RELEASE.pom (4.8 kB at 28 kB/s)
#18 77.83 [INFO] Downloading from central: https://repo.maven.apache.org/maven2/io/grpc/grpc-core/1.63.0/grpc-core-1.63.0.pom
#18 78.00 [INFO] Downloaded from central: https://repo.maven.apache.org/maven2/io/grpc/grpc-core/1.63.0/grpc-core-1.63.0.pom (2.7 kB at 16 kB/s)
#18 78.01 [INFO] Downloading from central: https://repo.maven.apache.org/maven2/io/grpc/grpc-api/1.63.0/grpc-api-1.63.0.pom
#18 78.18 [INFO] Downloaded from central: https://repo.maven.apache.org/maven2/io/grpc/grpc-api/1.63.0/grpc-api-1.63.0.pom (1.8 kB at 10 kB/s)
#18 78.18 [INFO] Downloading from central: https://repo.maven.apache.org/maven2/com/google/errorprone/error_prone_annotations/2.23.0/error_prone_annotations-2.23.0.pom
#18 78.35 [INFO] Downloaded from central: https://repo.maven.apache.org/maven2/com/google/errorprone/error_prone_annotations/2.23.0/error_prone_annotations-2.23.0.pom (1.8 kB at 11 kB/s)
#18 78.35 [INFO] Downloading from central: https://repo.maven.apache.org/maven2/com/google/errorprone/error_prone_parent/2.23.0/error_prone_parent-2.23.0.pom
#18 78.52 [INFO] Downloaded from central: https://repo.maven.apache.org/maven2/com/google/errorprone/error_prone_parent/2.23.0/error_prone_parent-2.23.0.pom (13 kB at 75 kB/s)
#18 78.52 [INFO] Downloading from central: https://repo.maven.apache.org/maven2/com/google/guava/guava/33.4.8-jre/guava-33.4.8-jre.pom
#18 78.69 [INFO] Downloaded from central: https://repo.maven.apache.org/maven2/com/google/guava/guava/33.4.8-jre/guava-33.4.8-jre.pom (9.6 kB at 57 kB/s)
#18 78.70 [INFO] Downloading from central: https://repo.maven.apache.org/maven2/com/google/guava/guava-parent/33.4.8-jre/guava-parent-33.4.8-jre.pom
#18 78.87 [INFO] Downloaded from central: https://repo.maven.apache.org/maven2/com/google/guava/guava-parent/33.4.8-jre/guava-parent-33.4.8-jre.pom (25 kB at 142 kB/s)
#18 78.87 [INFO] Downloading from central: https://repo.maven.apache.org/maven2/com/google/guava/failureaccess/1.0.3/failureaccess-1.0.3.pom
#18 79.04 [INFO] Downloaded from central: https://repo.maven.apache.org/maven2/com/google/guava/failureaccess/1.0.3/failureaccess-1.0.3.pom (5.6 kB at 33 kB/s)
#18 79.04 [INFO] Downloading from central: https://repo.maven.apache.org/maven2/com/google/guava/guava-parent/33.4.0-android/guava-parent-33.4.0-android.pom
#18 79.21 [INFO] Downloaded from central: https://repo.maven.apache.org/maven2/com/google/guava/guava-parent/33.4.0-android/guava-parent-33.4.0-android.pom (22 kB at 126 kB/s)
#18 79.22 [INFO] Downloading from central: https://repo.maven.apache.org/maven2/com/google/guava/listenablefuture/9999.0-empty-to-avoid-conflict-with-guava/listenablefuture-9999.0-empty-to-avoid-conflict-with-guava.pom
#18 79.39 [INFO] Downloaded from central: https://repo.maven.apache.org/maven2/com/google/guava/listenablefuture/9999.0-empty-to-avoid-conflict-with-guava/listenablefuture-9999.0-empty-to-avoid-conflict-with-guava.pom (2.3 kB at 13 kB/s)
#18 79.39 [INFO] Downloading from central: https://repo.maven.apache.org/maven2/com/google/guava/guava-parent/26.0-android/guava-parent-26.0-android.pom
#18 79.56 [INFO] Downloaded from central: https://repo.maven.apache.org/maven2/com/google/guava/guava-parent/26.0-android/guava-parent-26.0-android.pom (10 kB at 60 kB/s)
#18 79.56 [INFO] Downloading from central: https://repo.maven.apache.org/maven2/org/jspecify/jspecify/1.0.0/jspecify-1.0.0.pom
#18 79.73 [INFO] Downloaded from central: https://repo.maven.apache.org/maven2/org/jspecify/jspecify/1.0.0/jspecify-1.0.0.pom (1.5 kB at 9.0 kB/s)
#18 79.73 [INFO] Downloading from central: https://repo.maven.apache.org/maven2/com/google/errorprone/error_prone_annotations/2.36.0/error_prone_annotations-2.36.0.pom
#18 79.90 [INFO] Downloaded from central: https://repo.maven.apache.org/maven2/com/google/errorprone/error_prone_annotations/2.36.0/error_prone_annotations-2.36.0.pom (4.3 kB at 25 kB/s)
#18 79.90 [INFO] Downloading from central: https://repo.maven.apache.org/maven2/com/google/errorprone/error_prone_parent/2.36.0/error_prone_parent-2.36.0.pom
#18 80.07 [INFO] Downloaded from central: https://repo.maven.apache.org/maven2/com/google/errorprone/error_prone_parent/2.36.0/error_prone_parent-2.36.0.pom (16 kB at 93 kB/s)
#18 80.08 [INFO] Downloading from central: https://repo.maven.apache.org/maven2/com/google/j2objc/j2objc-annotations/3.0.0/j2objc-annotations-3.0.0.pom
#18 80.25 [INFO] Downloaded from central: https://repo.maven.apache.org/maven2/com/google/j2objc/j2objc-annotations/3.0.0/j2objc-annotations-3.0.0.pom (5.1 kB at 30 kB/s)
#18 80.25 [INFO] Downloading from central: https://repo.maven.apache.org/maven2/com/google/code/gson/gson/2.13.2/gson-2.13.2.pom
#18 80.42 [INFO] Downloaded from central: https://repo.maven.apache.org/maven2/com/google/code/gson/gson/2.13.2/gson-2.13.2.pom (13 kB at 79 kB/s)
#18 80.42 [INFO] Downloading from central: https://repo.maven.apache.org/maven2/com/google/code/gson/gson-parent/2.13.2/gson-parent-2.13.2.pom
#18 80.60 [INFO] Downloaded from central: https://repo.maven.apache.org/maven2/com/google/code/gson/gson-parent/2.13.2/gson-parent-2.13.2.pom (27 kB at 156 kB/s)
#18 80.60 [INFO] Downloading from central: https://repo.maven.apache.org/maven2/com/google/errorprone/error_prone_annotations/2.41.0/error_prone_annotations-2.41.0.pom
#18 80.77 [INFO] Downloaded from central: https://repo.maven.apache.org/maven2/com/google/errorprone/error_prone_annotations/2.41.0/error_prone_annotations-2.41.0.pom (4.3 kB at 25 kB/s)
#18 80.78 [INFO] Downloading from central: https://repo.maven.apache.org/maven2/com/google/errorprone/error_prone_parent/2.41.0/error_prone_parent-2.41.0.pom
#18 80.95 [INFO] Downloaded from central: https://repo.maven.apache.org/maven2/com/google/errorprone/error_prone_parent/2.41.0/error_prone_parent-2.41.0.pom (16 kB at 94 kB/s)
#18 80.95 [INFO] Downloading from central: https://repo.maven.apache.org/maven2/com/google/android/annotations/4.1.1.4/annotations-4.1.1.4.pom
#18 81.12 [INFO] Downloaded from central: https://repo.maven.apache.org/maven2/com/google/android/annotations/4.1.1.4/annotations-4.1.1.4.pom (1.8 kB at 11 kB/s)
#18 81.12 [INFO] Downloading from central: https://repo.maven.apache.org/maven2/org/codehaus/mojo/animal-sniffer-annotations/1.23/animal-sniffer-annotations-1.23.pom
#18 81.29 [INFO] Downloaded from central: https://repo.maven.apache.org/maven2/org/codehaus/mojo/animal-sniffer-annotations/1.23/animal-sniffer-annotations-1.23.pom (1.7 kB at 9.8 kB/s)
#18 81.29 [INFO] Downloading from central: https://repo.maven.apache.org/maven2/org/codehaus/mojo/animal-sniffer-parent/1.23/animal-sniffer-parent-1.23.pom
#18 81.47 [INFO] Downloaded from central: https://repo.maven.apache.org/maven2/org/codehaus/mojo/animal-sniffer-parent/1.23/animal-sniffer-parent-1.23.pom (5.9 kB at 34 kB/s)
#18 81.47 [INFO] Downloading from central: https://repo.maven.apache.org/maven2/org/codehaus/mojo/mojo-parent/74/mojo-parent-74.pom
#18 81.64 [INFO] Downloaded from central: https://repo.maven.apache.org/maven2/org/codehaus/mojo/mojo-parent/74/mojo-parent-74.pom (36 kB at 207 kB/s)
#18 81.64 [INFO] Downloading from central: https://repo.maven.apache.org/maven2/org/junit/junit-bom/5.9.2/junit-bom-5.9.2.pom
#18 81.81 [INFO] Downloaded from central: https://repo.maven.apache.org/maven2/org/junit/junit-bom/5.9.2/junit-bom-5.9.2.pom (5.6 kB at 33 kB/s)
#18 81.82 [INFO] Downloading from central: https://repo.maven.apache.org/maven2/io/perfmark/perfmark-api/0.26.0/perfmark-api-0.26.0.pom
#18 81.99 [INFO] Downloaded from central: https://repo.maven.apache.org/maven2/io/perfmark/perfmark-api/0.26.0/perfmark-api-0.26.0.pom (1.5 kB at 8.7 kB/s)
#18 81.99 [INFO] Downloading from central: https://repo.maven.apache.org/maven2/io/grpc/grpc-context/1.63.0/grpc-context-1.63.0.pom
#18 82.16 [INFO] Downloaded from central: https://repo.maven.apache.org/maven2/io/grpc/grpc-context/1.63.0/grpc-context-1.63.0.pom (1.9 kB at 11 kB/s)
#18 82.16 [INFO] Downloading from central: https://repo.maven.apache.org/maven2/io/grpc/grpc-inprocess/1.63.0/grpc-inprocess-1.63.0.pom
#18 82.34 [INFO] Downloaded from central: https://repo.maven.apache.org/maven2/io/grpc/grpc-inprocess/1.63.0/grpc-inprocess-1.63.0.pom (1.8 kB at 10 kB/s)
#18 82.34 [INFO] Downloading from central: https://repo.maven.apache.org/maven2/io/grpc/grpc-netty-shaded/1.63.0/grpc-netty-shaded-1.63.0.pom
#18 82.51 [INFO] Downloaded from central: https://repo.maven.apache.org/maven2/io/grpc/grpc-netty-shaded/1.63.0/grpc-netty-shaded-1.63.0.pom (2.3 kB at 14 kB/s)
#18 82.51 [INFO] Downloading from central: https://repo.maven.apache.org/maven2/io/grpc/grpc-util/1.63.0/grpc-util-1.63.0.pom
#18 82.69 [INFO] Downloaded from central: https://repo.maven.apache.org/maven2/io/grpc/grpc-util/1.63.0/grpc-util-1.63.0.pom (2.0 kB at 11 kB/s)
#18 82.69 [INFO] Downloading from central: https://repo.maven.apache.org/maven2/io/grpc/grpc-protobuf/1.63.0/grpc-protobuf-1.63.0.pom
#18 82.86 [INFO] Downloaded from central: https://repo.maven.apache.org/maven2/io/grpc/grpc-protobuf/1.63.0/grpc-protobuf-1.63.0.pom (2.7 kB at 16 kB/s)
#18 82.87 [INFO] Downloading from central: https://repo.maven.apache.org/maven2/com/google/protobuf/protobuf-java/3.25.1/protobuf-java-3.25.1.pom
#18 83.03 [INFO] Downloaded from central: https://repo.maven.apache.org/maven2/com/google/protobuf/protobuf-java/3.25.1/protobuf-java-3.25.1.pom (1.6 kB at 9.1 kB/s)
#18 83.04 [INFO] Downloading from central: https://repo.maven.apache.org/maven2/com/google/protobuf/protobuf-parent/3.25.1/protobuf-parent-3.25.1.pom
#18 83.21 [INFO] Downloaded from central: https://repo.maven.apache.org/maven2/com/google/protobuf/protobuf-parent/3.25.1/protobuf-parent-3.25.1.pom (9.0 kB at 53 kB/s)
#18 83.21 [INFO] Downloading from central: https://repo.maven.apache.org/maven2/com/google/protobuf/protobuf-bom/3.25.1/protobuf-bom-3.25.1.pom
#18 83.38 [INFO] Downloaded from central: https://repo.maven.apache.org/maven2/com/google/protobuf/protobuf-bom/3.25.1/protobuf-bom-3.25.1.pom (3.7 kB at 22 kB/s)
#18 83.38 [INFO] Downloading from central: https://repo.maven.apache.org/maven2/com/google/api/grpc/proto-google-common-protos/2.29.0/proto-google-common-protos-2.29.0.pom
#18 83.55 [INFO] Downloaded from central: https://repo.maven.apache.org/maven2/com/google/api/grpc/proto-google-common-protos/2.29.0/proto-google-common-protos-2.29.0.pom (2.7 kB at 16 kB/s)
#18 83.56 [INFO] Downloading from central: https://repo.maven.apache.org/maven2/io/grpc/grpc-protobuf-lite/1.63.0/grpc-protobuf-lite-1.63.0.pom
#18 83.73 [INFO] Downloaded from central: https://repo.maven.apache.org/maven2/io/grpc/grpc-protobuf-lite/1.63.0/grpc-protobuf-lite-1.63.0.pom (2.0 kB at 12 kB/s)
#18 83.73 [INFO] Downloading from central: https://repo.maven.apache.org/maven2/io/grpc/grpc-stub/1.63.0/grpc-stub-1.63.0.pom
#18 83.90 [INFO] Downloaded from central: https://repo.maven.apache.org/maven2/io/grpc/grpc-stub/1.63.0/grpc-stub-1.63.0.pom (1.8 kB at 10 kB/s)
#18 83.90 [INFO] Downloading from central: https://repo.maven.apache.org/maven2/io/grpc/grpc-services/1.63.0/grpc-services-1.63.0.pom
#18 84.08 [INFO] Downloaded from central: https://repo.maven.apache.org/maven2/io/grpc/grpc-services/1.63.0/grpc-services-1.63.0.pom (2.9 kB at 17 kB/s)
#18 84.08 [INFO] Downloading from central: https://repo.maven.apache.org/maven2/com/google/protobuf/protobuf-java-util/3.25.1/protobuf-java-util-3.25.1.pom
#18 84.25 [INFO] Downloaded from central: https://repo.maven.apache.org/maven2/com/google/protobuf/protobuf-java-util/3.25.1/protobuf-java-util-3.25.1.pom (2.5 kB at 14 kB/s)
#18 84.25 [INFO] Downloading from central: https://repo.maven.apache.org/maven2/com/google/errorprone/error_prone_annotations/2.18.0/error_prone_annotations-2.18.0.pom
#18 84.42 [INFO] Downloaded from central: https://repo.maven.apache.org/maven2/com/google/errorprone/error_prone_annotations/2.18.0/error_prone_annotations-2.18.0.pom (2.2 kB at 13 kB/s)
#18 84.43 [INFO] Downloading from central: https://repo.maven.apache.org/maven2/com/google/errorprone/error_prone_parent/2.18.0/error_prone_parent-2.18.0.pom
#18 84.60 [INFO] Downloaded from central: https://repo.maven.apache.org/maven2/com/google/errorprone/error_prone_parent/2.18.0/error_prone_parent-2.18.0.pom (11 kB at 65 kB/s)
#18 84.60 [INFO] Downloading from central: https://repo.maven.apache.org/maven2/com/google/j2objc/j2objc-annotations/2.8/j2objc-annotations-2.8.pom
#18 84.77 [INFO] Downloaded from central: https://repo.maven.apache.org/maven2/com/google/j2objc/j2objc-annotations/2.8/j2objc-annotations-2.8.pom (2.9 kB at 17 kB/s)
#18 84.77 [INFO] Downloading from central: https://repo.maven.apache.org/maven2/net/devh/grpc-client-spring-boot-starter/3.1.0.RELEASE/grpc-client-spring-boot-starter-3.1.0.RELEASE.pom
#18 84.94 [INFO] Downloaded from central: https://repo.maven.apache.org/maven2/net/devh/grpc-client-spring-boot-starter/3.1.0.RELEASE/grpc-client-spring-boot-starter-3.1.0.RELEASE.pom (16 kB at 92 kB/s)
#18 84.95 [INFO] Downloading from central: https://repo.maven.apache.org/maven2/jakarta/validation/jakarta.validation-api/3.0.2/jakarta.validation-api-3.0.2.pom
#18 85.13 [INFO] Downloaded from central: https://repo.maven.apache.org/maven2/jakarta/validation/jakarta.validation-api/3.0.2/jakarta.validation-api-3.0.2.pom (11 kB at 64 kB/s)
#18 85.13 [INFO] Downloading from central: https://repo.maven.apache.org/maven2/org/eclipse/ee4j/project/1.0.6/project-1.0.6.pom
#18 85.30 [INFO] Downloaded from central: https://repo.maven.apache.org/maven2/org/eclipse/ee4j/project/1.0.6/project-1.0.6.pom (13 kB at 78 kB/s)
#18 85.30 [INFO] Downloading from central: https://repo.maven.apache.org/maven2/javax/annotation/javax.annotation-api/1.3.2/javax.annotation-api-1.3.2.pom
#18 85.47 [INFO] Downloaded from central: https://repo.maven.apache.org/maven2/javax/annotation/javax.annotation-api/1.3.2/javax.annotation-api-1.3.2.pom (14 kB at 84 kB/s)
#18 85.48 [INFO] Downloading from central: https://repo.maven.apache.org/maven2/net/java/jvnet-parent/3/jvnet-parent-3.pom
#18 85.64 [INFO] Downloaded from central: https://repo.maven.apache.org/maven2/net/java/jvnet-parent/3/jvnet-parent-3.pom (4.8 kB at 28 kB/s)
#18 85.65 [INFO] Downloading from central: https://repo.maven.apache.org/maven2/io/grpc/grpc-core/1.78.0/grpc-core-1.78.0.pom
#18 85.82 [INFO] Downloaded from central: https://repo.maven.apache.org/maven2/io/grpc/grpc-core/1.78.0/grpc-core-1.78.0.pom (2.7 kB at 16 kB/s)
#18 85.82 [INFO] Downloading from central: https://repo.maven.apache.org/maven2/io/grpc/grpc-api/1.78.0/grpc-api-1.78.0.pom
#18 85.99 [INFO] Downloaded from central: https://repo.maven.apache.org/maven2/io/grpc/grpc-api/1.78.0/grpc-api-1.78.0.pom (1.8 kB at 11 kB/s)
#18 85.99 [INFO] Downloading from central: https://repo.maven.apache.org/maven2/com/google/errorprone/error_prone_annotations/2.44.0/error_prone_annotations-2.44.0.pom
#18 86.16 [INFO] Downloaded from central: https://repo.maven.apache.org/maven2/com/google/errorprone/error_prone_annotations/2.44.0/error_prone_annotations-2.44.0.pom (4.3 kB at 25 kB/s)
#18 86.16 [INFO] Downloading from central: https://repo.maven.apache.org/maven2/com/google/errorprone/error_prone_parent/2.44.0/error_prone_parent-2.44.0.pom
#18 86.34 [INFO] Downloaded from central: https://repo.maven.apache.org/maven2/com/google/errorprone/error_prone_parent/2.44.0/error_prone_parent-2.44.0.pom (16 kB at 93 kB/s)
#18 86.34 [INFO] Downloading from central: https://repo.maven.apache.org/maven2/org/codehaus/mojo/animal-sniffer-annotations/1.26/animal-sniffer-annotations-1.26.pom
#18 86.52 [INFO] Downloaded from central: https://repo.maven.apache.org/maven2/org/codehaus/mojo/animal-sniffer-annotations/1.26/animal-sniffer-annotations-1.26.pom (1.7 kB at 9.2 kB/s)
#18 86.52 [INFO] Downloading from central: https://repo.maven.apache.org/maven2/org/codehaus/mojo/animal-sniffer-parent/1.26/animal-sniffer-parent-1.26.pom
#18 86.69 [INFO] Downloaded from central: https://repo.maven.apache.org/maven2/org/codehaus/mojo/animal-sniffer-parent/1.26/animal-sniffer-parent-1.26.pom (5.8 kB at 33 kB/s)
#18 86.70 [INFO] Downloading from central: https://repo.maven.apache.org/maven2/org/codehaus/mojo/mojo-parent/94/mojo-parent-94.pom
#18 86.87 [INFO] Downloaded from central: https://repo.maven.apache.org/maven2/org/codehaus/mojo/mojo-parent/94/mojo-parent-94.pom (38 kB at 219 kB/s)
#18 86.87 [INFO] Downloading from central: https://repo.maven.apache.org/maven2/org/junit/junit-bom/5.14.0/junit-bom-5.14.0.pom
#18 87.04 [INFO] Downloaded from central: https://repo.maven.apache.org/maven2/org/junit/junit-bom/5.14.0/junit-bom-5.14.0.pom (5.7 kB at 34 kB/s)
#18 87.04 [INFO] Downloading from central: https://repo.maven.apache.org/maven2/io/perfmark/perfmark-api/0.27.0/perfmark-api-0.27.0.pom
#18 87.21 [INFO] Downloaded from central: https://repo.maven.apache.org/maven2/io/perfmark/perfmark-api/0.27.0/perfmark-api-0.27.0.pom (1.5 kB at 8.7 kB/s)
#18 87.21 [INFO] Downloading from central: https://repo.maven.apache.org/maven2/io/grpc/grpc-context/1.78.0/grpc-context-1.78.0.pom
#18 87.38 [INFO] Downloaded from central: https://repo.maven.apache.org/maven2/io/grpc/grpc-context/1.78.0/grpc-context-1.78.0.pom (1.9 kB at 11 kB/s)
#18 87.39 [INFO] Downloading from central: https://repo.maven.apache.org/maven2/io/grpc/grpc-protobuf/1.78.0/grpc-protobuf-1.78.0.pom
#18 87.56 [INFO] Downloaded from central: https://repo.maven.apache.org/maven2/io/grpc/grpc-protobuf/1.78.0/grpc-protobuf-1.78.0.pom (2.7 kB at 16 kB/s)
#18 87.56 [INFO] Downloading from central: https://repo.maven.apache.org/maven2/com/google/protobuf/protobuf-java/3.25.8/protobuf-java-3.25.8.pom
#18 87.73 [INFO] Downloaded from central: https://repo.maven.apache.org/maven2/com/google/protobuf/protobuf-java/3.25.8/protobuf-java-3.25.8.pom (1.6 kB at 9.2 kB/s)
#18 87.73 [INFO] Downloading from central: https://repo.maven.apache.org/maven2/com/google/protobuf/protobuf-parent/3.25.8/protobuf-parent-3.25.8.pom
#18 87.90 [INFO] Downloaded from central: https://repo.maven.apache.org/maven2/com/google/protobuf/protobuf-parent/3.25.8/protobuf-parent-3.25.8.pom (9.0 kB at 53 kB/s)
#18 87.91 [INFO] Downloading from central: https://repo.maven.apache.org/maven2/com/google/protobuf/protobuf-bom/3.25.8/protobuf-bom-3.25.8.pom
#18 88.07 [INFO] Downloaded from central: https://repo.maven.apache.org/maven2/com/google/protobuf/protobuf-bom/3.25.8/protobuf-bom-3.25.8.pom (3.7 kB at 22 kB/s)
#18 88.08 [INFO] Downloading from central: https://repo.maven.apache.org/maven2/com/google/api/grpc/proto-google-common-protos/2.63.1/proto-google-common-protos-2.63.1.pom
#18 88.25 [INFO] Downloaded from central: https://repo.maven.apache.org/maven2/com/google/api/grpc/proto-google-common-protos/2.63.1/proto-google-common-protos-2.63.1.pom (2.7 kB at 16 kB/s)
#18 88.25 [INFO] Downloading from central: https://repo.maven.apache.org/maven2/io/grpc/grpc-protobuf-lite/1.78.0/grpc-protobuf-lite-1.78.0.pom
#18 88.42 [INFO] Downloaded from central: https://repo.maven.apache.org/maven2/io/grpc/grpc-protobuf-lite/1.78.0/grpc-protobuf-lite-1.78.0.pom (2.0 kB at 12 kB/s)
#18 88.42 [INFO] Downloading from central: https://repo.maven.apache.org/maven2/io/grpc/grpc-stub/1.78.0/grpc-stub-1.78.0.pom
#18 88.59 [INFO] Downloaded from central: https://repo.maven.apache.org/maven2/io/grpc/grpc-stub/1.78.0/grpc-stub-1.78.0.pom (2.0 kB at 11 kB/s)
#18 88.60 [INFO] Downloading from central: https://repo.maven.apache.org/maven2/com/google/protobuf/protobuf-java/4.33.5/protobuf-java-4.33.5.pom
#18 88.77 [INFO] Downloaded from central: https://repo.maven.apache.org/maven2/com/google/protobuf/protobuf-java/4.33.5/protobuf-java-4.33.5.pom (1.6 kB at 9.1 kB/s)
#18 88.77 [INFO] Downloading from central: https://repo.maven.apache.org/maven2/com/google/protobuf/protobuf-parent/4.33.5/protobuf-parent-4.33.5.pom
#18 88.94 [INFO] Downloaded from central: https://repo.maven.apache.org/maven2/com/google/protobuf/protobuf-parent/4.33.5/protobuf-parent-4.33.5.pom (9.3 kB at 55 kB/s)
#18 88.94 [INFO] Downloading from central: https://repo.maven.apache.org/maven2/com/google/protobuf/protobuf-bom/4.33.5/protobuf-bom-4.33.5.pom
#18 89.11 [INFO] Downloaded from central: https://repo.maven.apache.org/maven2/com/google/protobuf/protobuf-bom/4.33.5/protobuf-bom-4.33.5.pom (3.7 kB at 22 kB/s)
#18 89.11 [INFO] Downloading from central: https://repo.maven.apache.org/maven2/com/google/protobuf/protobuf-java-util/4.33.5/protobuf-java-util-4.33.5.pom
#18 89.28 [INFO] Downloaded from central: https://repo.maven.apache.org/maven2/com/google/protobuf/protobuf-java-util/4.33.5/protobuf-java-util-4.33.5.pom (2.2 kB at 13 kB/s)
#18 89.29 [INFO] Downloading from central: https://repo.maven.apache.org/maven2/com/github/f4b6a3/uuid-creator/5.3.7/uuid-creator-5.3.7.pom
#18 89.46 [INFO] Downloaded from central: https://repo.maven.apache.org/maven2/com/github/f4b6a3/uuid-creator/5.3.7/uuid-creator-5.3.7.pom (7.0 kB at 40 kB/s)
#18 89.46 [INFO] Downloading from central: https://repo.maven.apache.org/maven2/org/mapstruct/mapstruct/1.6.3/mapstruct-1.6.3.pom
#18 89.64 [INFO] Downloaded from central: https://repo.maven.apache.org/maven2/org/mapstruct/mapstruct/1.6.3/mapstruct-1.6.3.pom (1.7 kB at 10 kB/s)
#18 89.64 [INFO] Downloading from central: https://repo.maven.apache.org/maven2/org/mapstruct/mapstruct-parent/1.6.3/mapstruct-parent-1.6.3.pom
#18 89.81 [INFO] Downloaded from central: https://repo.maven.apache.org/maven2/org/mapstruct/mapstruct-parent/1.6.3/mapstruct-parent-1.6.3.pom (1.6 kB at 9.1 kB/s)
#18 89.83 [INFO] Downloading from central: https://repo.maven.apache.org/maven2/org/springframework/boot/spring-boot-starter-web/3.5.10/spring-boot-starter-web-3.5.10.jar
#18 90.00 [INFO] Downloaded from central: https://repo.maven.apache.org/maven2/org/springframework/boot/spring-boot-starter-web/3.5.10/spring-boot-starter-web-3.5.10.jar (2.1 kB at 12 kB/s)
#18 90.00 [INFO] Downloading from central: https://repo.maven.apache.org/maven2/org/springframework/boot/spring-boot-starter/3.5.10/spring-boot-starter-3.5.10.jar
#18 90.00 [INFO] Downloading from central: https://repo.maven.apache.org/maven2/org/springframework/boot/spring-boot/3.5.10/spring-boot-3.5.10.jar
#18 90.00 [INFO] Downloading from central: https://repo.maven.apache.org/maven2/org/springframework/boot/spring-boot-autoconfigure/3.5.10/spring-boot-autoconfigure-3.5.10.jar
#18 90.01 [INFO] Downloading from central: https://repo.maven.apache.org/maven2/org/springframework/boot/spring-boot-starter-logging/3.5.10/spring-boot-starter-logging-3.5.10.jar
#18 90.01 [INFO] Downloading from central: https://repo.maven.apache.org/maven2/ch/qos/logback/logback-classic/1.5.25/logback-classic-1.5.25.jar
#18 90.19 [INFO] Downloaded from central: https://repo.maven.apache.org/maven2/org/springframework/boot/spring-boot-starter/3.5.10/spring-boot-starter-3.5.10.jar (2.0 kB at 11 kB/s)
#18 90.19 [INFO] Downloading from central: https://repo.maven.apache.org/maven2/ch/qos/logback/logback-core/1.5.25/logback-core-1.5.25.jar
#18 90.19 [INFO] Downloaded from central: https://repo.maven.apache.org/maven2/org/springframework/boot/spring-boot-starter-logging/3.5.10/spring-boot-starter-logging-3.5.10.jar (2.0 kB at 11 kB/s)
#18 90.19 [INFO] Downloading from central: https://repo.maven.apache.org/maven2/org/apache/logging/log4j/log4j-to-slf4j/2.24.3/log4j-to-slf4j-2.24.3.jar
#18 90.38 [INFO] Downloaded from central: https://repo.maven.apache.org/maven2/org/apache/logging/log4j/log4j-to-slf4j/2.24.3/log4j-to-slf4j-2.24.3.jar (24 kB at 64 kB/s)
#18 90.38 [INFO] Downloading from central: https://repo.maven.apache.org/maven2/org/apache/logging/log4j/log4j-api/2.24.3/log4j-api-2.24.3.jar
#18 90.48 [INFO] Downloaded from central: https://repo.maven.apache.org/maven2/ch/qos/logback/logback-classic/1.5.25/logback-classic-1.5.25.jar (309 kB at 645 kB/s)
#18 90.48 [INFO] Downloading from central: https://repo.maven.apache.org/maven2/org/slf4j/jul-to-slf4j/2.0.17/jul-to-slf4j-2.0.17.jar
#18 90.55 [INFO] Downloaded from central: https://repo.maven.apache.org/maven2/org/springframework/boot/spring-boot/3.5.10/spring-boot-3.5.10.jar (1.9 MB at 3.5 MB/s)
#18 90.55 [INFO] Downloading from central: https://repo.maven.apache.org/maven2/org/yaml/snakeyaml/2.4/snakeyaml-2.4.jar
#18 90.63 [INFO] Downloaded from central: https://repo.maven.apache.org/maven2/org/springframework/boot/spring-boot-autoconfigure/3.5.10/spring-boot-autoconfigure-3.5.10.jar (2.1 MB at 3.3 MB/s)
#18 90.63 [INFO] Downloading from central: https://repo.maven.apache.org/maven2/org/springframework/boot/spring-boot-starter-json/3.5.10/spring-boot-starter-json-3.5.10.jar
#18 90.64 [INFO] Downloaded from central: https://repo.maven.apache.org/maven2/org/apache/logging/log4j/log4j-api/2.24.3/log4j-api-2.24.3.jar (349 kB at 553 kB/s)
#18 90.64 [INFO] Downloading from central: https://repo.maven.apache.org/maven2/com/fasterxml/jackson/core/jackson-databind/2.19.4/jackson-databind-2.19.4.jar
#18 90.67 [INFO] Downloaded from central: https://repo.maven.apache.org/maven2/org/slf4j/jul-to-slf4j/2.0.17/jul-to-slf4j-2.0.17.jar (6.3 kB at 9.5 kB/s)
#18 90.67 [INFO] Downloading from central: https://repo.maven.apache.org/maven2/com/fasterxml/jackson/datatype/jackson-datatype-jdk8/2.19.4/jackson-datatype-jdk8-2.19.4.jar
#18 90.73 [INFO] Downloaded from central: https://repo.maven.apache.org/maven2/org/yaml/snakeyaml/2.4/snakeyaml-2.4.jar (340 kB at 469 kB/s)
#18 90.73 [INFO] Downloading from central: https://repo.maven.apache.org/maven2/com/fasterxml/jackson/datatype/jackson-datatype-jsr310/2.19.4/jackson-datatype-jsr310-2.19.4.jar
#18 90.82 [INFO] Downloaded from central: https://repo.maven.apache.org/maven2/org/springframework/boot/spring-boot-starter-json/3.5.10/spring-boot-starter-json-3.5.10.jar (2.0 kB at 2.5 kB/s)
#18 90.82 [INFO] Downloading from central: https://repo.maven.apache.org/maven2/com/fasterxml/jackson/module/jackson-module-parameter-names/2.19.4/jackson-module-parameter-names-2.19.4.jar
#18 90.84 [INFO] Downloaded from central: https://repo.maven.apache.org/maven2/ch/qos/logback/logback-core/1.5.25/logback-core-1.5.25.jar (659 kB at 786 kB/s)
#18 90.84 [INFO] Downloading from central: https://repo.maven.apache.org/maven2/org/springframework/boot/spring-boot-starter-tomcat/3.5.10/spring-boot-starter-tomcat-3.5.10.jar
#18 90.88 [INFO] Downloaded from central: https://repo.maven.apache.org/maven2/com/fasterxml/jackson/datatype/jackson-datatype-jdk8/2.19.4/jackson-datatype-jdk8-2.19.4.jar (36 kB at 42 kB/s)
#18 90.88 [INFO] Downloading from central: https://repo.maven.apache.org/maven2/org/apache/tomcat/embed/tomcat-embed-core/10.1.50/tomcat-embed-core-10.1.50.jar
#18 90.91 [INFO] Downloaded from central: https://repo.maven.apache.org/maven2/com/fasterxml/jackson/datatype/jackson-datatype-jsr310/2.19.4/jackson-datatype-jsr310-2.19.4.jar (137 kB at 152 kB/s)
#18 90.91 [INFO] Downloading from central: https://repo.maven.apache.org/maven2/org/apache/tomcat/embed/tomcat-embed-el/10.1.50/tomcat-embed-el-10.1.50.jar
#18 91.01 [INFO] Downloaded from central: https://repo.maven.apache.org/maven2/com/fasterxml/jackson/module/jackson-module-parameter-names/2.19.4/jackson-module-parameter-names-2.19.4.jar (10 kB at 10 kB/s)
#18 91.01 [INFO] Downloading from central: https://repo.maven.apache.org/maven2/org/apache/tomcat/embed/tomcat-embed-websocket/10.1.50/tomcat-embed-websocket-10.1.50.jar
#18 91.02 [INFO] Downloaded from central: https://repo.maven.apache.org/maven2/org/springframework/boot/spring-boot-starter-tomcat/3.5.10/spring-boot-starter-tomcat-3.5.10.jar (2.0 kB at 2.0 kB/s)
#18 91.02 [INFO] Downloading from central: https://repo.maven.apache.org/maven2/org/springframework/spring-web/6.2.15/spring-web-6.2.15.jar
#18 91.09 [INFO] Downloaded from central: https://repo.maven.apache.org/maven2/org/apache/tomcat/embed/tomcat-embed-el/10.1.50/tomcat-embed-el-10.1.50.jar (264 kB at 244 kB/s)
#18 91.09 [INFO] Downloading from central: https://repo.maven.apache.org/maven2/org/springframework/spring-beans/6.2.15/spring-beans-6.2.15.jar
#18 91.15 [INFO] Downloaded from central: https://repo.maven.apache.org/maven2/com/fasterxml/jackson/core/jackson-databind/2.19.4/jackson-databind-2.19.4.jar (1.7 MB at 1.5 MB/s)
#18 91.15 [INFO] Downloading from central: https://repo.maven.apache.org/maven2/io/micrometer/micrometer-observation/1.15.8/micrometer-observation-1.15.8.jar
#18 91.21 [INFO] Downloaded from central: https://repo.maven.apache.org/maven2/org/apache/tomcat/embed/tomcat-embed-websocket/10.1.50/tomcat-embed-websocket-10.1.50.jar (284 kB at 236 kB/s)
#18 91.21 [INFO] Downloading from central: https://repo.maven.apache.org/maven2/io/micrometer/micrometer-commons/1.15.8/micrometer-commons-1.15.8.jar
#18 91.31 [INFO] Downloaded from central: https://repo.maven.apache.org/maven2/org/springframework/spring-beans/6.2.15/spring-beans-6.2.15.jar (891 kB at 685 kB/s)
#18 91.31 [INFO] Downloading from central: https://repo.maven.apache.org/maven2/org/springframework/spring-webmvc/6.2.15/spring-webmvc-6.2.15.jar
#18 91.34 [INFO] Downloaded from central: https://repo.maven.apache.org/maven2/io/micrometer/micrometer-observation/1.15.8/micrometer-observation-1.15.8.jar (75 kB at 56 kB/s)
#18 91.34 [INFO] Downloading from central: https://repo.maven.apache.org/maven2/org/springframework/spring-aop/6.2.15/spring-aop-6.2.15.jar
#18 91.40 [INFO] Downloaded from central: https://repo.maven.apache.org/maven2/io/micrometer/micrometer-commons/1.15.8/micrometer-commons-1.15.8.jar (49 kB at 35 kB/s)
#18 91.40 [INFO] Downloading from central: https://repo.maven.apache.org/maven2/org/springframework/spring-context/6.2.15/spring-context-6.2.15.jar
#18 91.53 [INFO] Downloaded from central: https://repo.maven.apache.org/maven2/org/springframework/spring-webmvc/6.2.15/spring-webmvc-6.2.15.jar (1.1 MB at 716 kB/s)
#18 91.53 [INFO] Downloading from central: https://repo.maven.apache.org/maven2/org/springframework/spring-expression/6.2.15/spring-expression-6.2.15.jar
#18 91.55 [INFO] Downloaded from central: https://repo.maven.apache.org/maven2/org/springframework/spring-web/6.2.15/spring-web-6.2.15.jar (2.1 MB at 1.4 MB/s)
#18 91.55 [INFO] Downloading from central: https://repo.maven.apache.org/maven2/org/springframework/boot/spring-boot-starter-test/3.5.10/spring-boot-starter-test-3.5.10.jar
#18 91.55 [INFO] Downloaded from central: https://repo.maven.apache.org/maven2/org/springframework/spring-aop/6.2.15/spring-aop-6.2.15.jar (420 kB at 272 kB/s)
#18 91.55 [INFO] Downloading from central: https://repo.maven.apache.org/maven2/org/springframework/boot/spring-boot-test/3.5.10/spring-boot-test-3.5.10.jar
#18 91.65 [INFO] Downloaded from central: https://repo.maven.apache.org/maven2/org/springframework/spring-context/6.2.15/spring-context-6.2.15.jar (1.4 MB at 827 kB/s)
#18 91.65 [INFO] Downloading from central: https://repo.maven.apache.org/maven2/org/springframework/boot/spring-boot-test-autoconfigure/3.5.10/spring-boot-test-autoconfigure-3.5.10.jar
#18 91.68 [INFO] Downloaded from central: https://repo.maven.apache.org/maven2/org/apache/tomcat/embed/tomcat-embed-core/10.1.50/tomcat-embed-core-10.1.50.jar (3.7 MB at 2.2 MB/s)
#18 91.68 [INFO] Downloading from central: https://repo.maven.apache.org/maven2/com/jayway/jsonpath/json-path/2.9.0/json-path-2.9.0.jar
#18 91.72 [INFO] Downloaded from central: https://repo.maven.apache.org/maven2/org/springframework/spring-expression/6.2.15/spring-expression-6.2.15.jar (318 kB at 186 kB/s)
#18 91.72 [INFO] Downloading from central: https://repo.maven.apache.org/maven2/org/slf4j/slf4j-api/2.0.17/slf4j-api-2.0.17.jar
#18 91.73 [INFO] Downloaded from central: https://repo.maven.apache.org/maven2/org/springframework/boot/spring-boot-starter-test/3.5.10/spring-boot-starter-test-3.5.10.jar (2.0 kB at 1.2 kB/s)
#18 91.73 [INFO] Downloading from central: https://repo.maven.apache.org/maven2/jakarta/xml/bind/jakarta.xml.bind-api/4.0.4/jakarta.xml.bind-api-4.0.4.jar
#18 91.74 [INFO] Downloaded from central: https://repo.maven.apache.org/maven2/org/springframework/boot/spring-boot-test/3.5.10/spring-boot-test-3.5.10.jar (255 kB at 147 kB/s)
#18 91.74 [INFO] Downloading from central: https://repo.maven.apache.org/maven2/jakarta/activation/jakarta.activation-api/2.1.4/jakarta.activation-api-2.1.4.jar
#18 91.84 [INFO] Downloaded from central: https://repo.maven.apache.org/maven2/org/springframework/boot/spring-boot-test-autoconfigure/3.5.10/spring-boot-test-autoconfigure-3.5.10.jar (227 kB at 124 kB/s)
#18 91.84 [INFO] Downloading from central: https://repo.maven.apache.org/maven2/net/minidev/json-smart/2.5.2/json-smart-2.5.2.jar
#18 91.88 [INFO] Downloaded from central: https://repo.maven.apache.org/maven2/com/jayway/jsonpath/json-path/2.9.0/json-path-2.9.0.jar (277 kB at 148 kB/s)
#18 91.88 [INFO] Downloading from central: https://repo.maven.apache.org/maven2/net/minidev/accessors-smart/2.5.2/accessors-smart-2.5.2.jar
#18 91.89 [INFO] Downloaded from central: https://repo.maven.apache.org/maven2/org/slf4j/slf4j-api/2.0.17/slf4j-api-2.0.17.jar (70 kB at 37 kB/s)
#18 91.89 [INFO] Downloading from central: https://repo.maven.apache.org/maven2/org/ow2/asm/asm/9.7.1/asm-9.7.1.jar
#18 91.93 [INFO] Downloaded from central: https://repo.maven.apache.org/maven2/jakarta/xml/bind/jakarta.xml.bind-api/4.0.4/jakarta.xml.bind-api-4.0.4.jar (131 kB at 68 kB/s)
#18 91.93 [INFO] Downloading from central: https://repo.maven.apache.org/maven2/org/assertj/assertj-core/3.27.6/assertj-core-3.27.6.jar
#18 91.94 [INFO] Downloaded from central: https://repo.maven.apache.org/maven2/jakarta/activation/jakarta.activation-api/2.1.4/jakarta.activation-api-2.1.4.jar (67 kB at 35 kB/s)
#18 91.94 [INFO] Downloading from central: https://repo.maven.apache.org/maven2/net/bytebuddy/byte-buddy/1.17.8/byte-buddy-1.17.8.jar
#18 92.03 [INFO] Downloaded from central: https://repo.maven.apache.org/maven2/net/minidev/json-smart/2.5.2/json-smart-2.5.2.jar (122 kB at 60 kB/s)
#18 92.03 [INFO] Downloading from central: https://repo.maven.apache.org/maven2/org/awaitility/awaitility/4.2.2/awaitility-4.2.2.jar
#18 92.06 [INFO] Downloaded from central: https://repo.maven.apache.org/maven2/org/ow2/asm/asm/9.7.1/asm-9.7.1.jar (126 kB at 61 kB/s)
#18 92.06 [INFO] Downloading from central: https://repo.maven.apache.org/maven2/org/hamcrest/hamcrest/3.0/hamcrest-3.0.jar
#18 92.07 [INFO] Downloaded from central: https://repo.maven.apache.org/maven2/net/minidev/accessors-smart/2.5.2/accessors-smart-2.5.2.jar (30 kB at 15 kB/s)
#18 92.07 [INFO] Downloading from central: https://repo.maven.apache.org/maven2/org/junit/jupiter/junit-jupiter/5.12.2/junit-jupiter-5.12.2.jar
#18 92.18 [INFO] Downloaded from central: https://repo.maven.apache.org/maven2/org/assertj/assertj-core/3.27.6/assertj-core-3.27.6.jar (1.4 MB at 645 kB/s)
#18 92.18 [INFO] Downloading from central: https://repo.maven.apache.org/maven2/org/junit/jupiter/junit-jupiter-api/5.12.2/junit-jupiter-api-5.12.2.jar
#18 92.23 [INFO] Downloaded from central: https://repo.maven.apache.org/maven2/org/awaitility/awaitility/4.2.2/awaitility-4.2.2.jar (97 kB at 44 kB/s)
#18 92.23 [INFO] Downloading from central: https://repo.maven.apache.org/maven2/org/opentest4j/opentest4j/1.3.0/opentest4j-1.3.0.jar
#18 92.24 [INFO] Downloaded from central: https://repo.maven.apache.org/maven2/org/hamcrest/hamcrest/3.0/hamcrest-3.0.jar (126 kB at 57 kB/s)
#18 92.24 [INFO] Downloading from central: https://repo.maven.apache.org/maven2/org/junit/platform/junit-platform-commons/1.12.2/junit-platform-commons-1.12.2.jar
#18 92.27 [INFO] Downloaded from central: https://repo.maven.apache.org/maven2/org/junit/jupiter/junit-jupiter/5.12.2/junit-jupiter-5.12.2.jar (6.4 kB at 2.8 kB/s)
#18 92.27 [INFO] Downloading from central: https://repo.maven.apache.org/maven2/org/apiguardian/apiguardian-api/1.1.2/apiguardian-api-1.1.2.jar
#18 92.37 [INFO] Downloaded from central: https://repo.maven.apache.org/maven2/org/junit/jupiter/junit-jupiter-api/5.12.2/junit-jupiter-api-5.12.2.jar (233 kB at 99 kB/s)
#18 92.37 [INFO] Downloading from central: https://repo.maven.apache.org/maven2/org/junit/jupiter/junit-jupiter-params/5.12.2/junit-jupiter-params-5.12.2.jar
#18 92.41 [INFO] Downloaded from central: https://repo.maven.apache.org/maven2/org/opentest4j/opentest4j/1.3.0/opentest4j-1.3.0.jar (14 kB at 5.9 kB/s)
#18 92.41 [INFO] Downloading from central: https://repo.maven.apache.org/maven2/org/junit/jupiter/junit-jupiter-engine/5.12.2/junit-jupiter-engine-5.12.2.jar
#18 92.41 [INFO] Downloaded from central: https://repo.maven.apache.org/maven2/org/junit/platform/junit-platform-commons/1.12.2/junit-platform-commons-1.12.2.jar (152 kB at 63 kB/s)
#18 92.41 [INFO] Downloading from central: https://repo.maven.apache.org/maven2/org/junit/platform/junit-platform-engine/1.12.2/junit-platform-engine-1.12.2.jar
#18 92.45 [INFO] Downloaded from central: https://repo.maven.apache.org/maven2/org/apiguardian/apiguardian-api/1.1.2/apiguardian-api-1.1.2.jar (6.8 kB at 2.8 kB/s)
#18 92.45 [INFO] Downloading from central: https://repo.maven.apache.org/maven2/org/mockito/mockito-core/5.17.0/mockito-core-5.17.0.jar
#18 92.59 [INFO] Downloaded from central: https://repo.maven.apache.org/maven2/org/junit/jupiter/junit-jupiter-params/5.12.2/junit-jupiter-params-5.12.2.jar (602 kB at 233 kB/s)
#18 92.59 [INFO] Downloading from central: https://repo.maven.apache.org/maven2/net/bytebuddy/byte-buddy-agent/1.17.8/byte-buddy-agent-1.17.8.jar
#18 92.60 [INFO] Downloaded from central: https://repo.maven.apache.org/maven2/org/junit/jupiter/junit-jupiter-engine/5.12.2/junit-jupiter-engine-5.12.2.jar (292 kB at 113 kB/s)
#18 92.60 [INFO] Downloading from central: https://repo.maven.apache.org/maven2/org/objenesis/objenesis/3.3/objenesis-3.3.jar
#18 92.61 [INFO] Downloaded from central: https://repo.maven.apache.org/maven2/net/bytebuddy/byte-buddy/1.17.8/byte-buddy-1.17.8.jar (9.0 MB at 3.5 MB/s)
#18 92.61 [INFO] Downloading from central: https://repo.maven.apache.org/maven2/org/mockito/mockito-junit-jupiter/5.17.0/mockito-junit-jupiter-5.17.0.jar
#18 92.62 [INFO] Downloaded from central: https://repo.maven.apache.org/maven2/org/junit/platform/junit-platform-engine/1.12.2/junit-platform-engine-1.12.2.jar (256 kB at 98 kB/s)
#18 92.62 [INFO] Downloading from central: https://repo.maven.apache.org/maven2/org/skyscreamer/jsonassert/1.5.3/jsonassert-1.5.3.jar
#18 92.66 [INFO] Downloaded from central: https://repo.maven.apache.org/maven2/org/mockito/mockito-core/5.17.0/mockito-core-5.17.0.jar (709 kB at 268 kB/s)
#18 92.66 [INFO] Downloading from central: https://repo.maven.apache.org/maven2/com/vaadin/external/google/android-json/0.0.20131108.vaadin1/android-json-0.0.20131108.vaadin1.jar
#18 92.77 [INFO] Downloaded from central: https://repo.maven.apache.org/maven2/org/objenesis/objenesis/3.3/objenesis-3.3.jar (49 kB at 18 kB/s)
#18 92.77 [INFO] Downloading from central: https://repo.maven.apache.org/maven2/org/springframework/spring-core/6.2.15/spring-core-6.2.15.jar
#18 92.78 [INFO] Downloaded from central: https://repo.maven.apache.org/maven2/net/bytebuddy/byte-buddy-agent/1.17.8/byte-buddy-agent-1.17.8.jar (367 kB at 132 kB/s)
#18 92.78 [INFO] Downloading from central: https://repo.maven.apache.org/maven2/org/springframework/spring-jcl/6.2.15/spring-jcl-6.2.15.jar
#18 92.80 [INFO] Downloaded from central: https://repo.maven.apache.org/maven2/org/mockito/mockito-junit-jupiter/5.17.0/mockito-junit-jupiter-5.17.0.jar (9.4 kB at 3.4 kB/s)
#18 92.80 [INFO] Downloading from central: https://repo.maven.apache.org/maven2/org/springframework/spring-test/6.2.15/spring-test-6.2.15.jar
#18 92.81 [INFO] Downloaded from central: https://repo.maven.apache.org/maven2/org/skyscreamer/jsonassert/1.5.3/jsonassert-1.5.3.jar (31 kB at 11 kB/s)
#18 92.81 [INFO] Downloading from central: https://repo.maven.apache.org/maven2/org/xmlunit/xmlunit-core/2.10.4/xmlunit-core-2.10.4.jar
#18 92.84 [INFO] Downloaded from central: https://repo.maven.apache.org/maven2/com/vaadin/external/google/android-json/0.0.20131108.vaadin1/android-json-0.0.20131108.vaadin1.jar (18 kB at 6.5 kB/s)
#18 92.84 [INFO] Downloading from central: https://repo.maven.apache.org/maven2/org/springframework/boot/spring-boot-starter-data-mongodb/3.5.10/spring-boot-starter-data-mongodb-3.5.10.jar
#18 92.97 [INFO] Downloaded from central: https://repo.maven.apache.org/maven2/org/springframework/spring-jcl/6.2.15/spring-jcl-6.2.15.jar (25 kB at 8.3 kB/s)
#18 92.97 [INFO] Downloading from central: https://repo.maven.apache.org/maven2/org/mongodb/mongodb-driver-sync/5.5.2/mongodb-driver-sync-5.5.2.jar
#18 93.00 [INFO] Downloaded from central: https://repo.maven.apache.org/maven2/org/springframework/spring-test/6.2.15/spring-test-6.2.15.jar (1.0 MB at 343 kB/s)
#18 93.00 [INFO] Downloading from central: https://repo.maven.apache.org/maven2/org/mongodb/bson/5.5.2/bson-5.5.2.jar
#18 93.01 [INFO] Downloaded from central: https://repo.maven.apache.org/maven2/org/xmlunit/xmlunit-core/2.10.4/xmlunit-core-2.10.4.jar (178 kB at 59 kB/s)
#18 93.01 [INFO] Downloading from central: https://repo.maven.apache.org/maven2/org/mongodb/mongodb-driver-core/5.5.2/mongodb-driver-core-5.5.2.jar
#18 93.02 [INFO] Downloaded from central: https://repo.maven.apache.org/maven2/org/springframework/boot/spring-boot-starter-data-mongodb/3.5.10/spring-boot-starter-data-mongodb-3.5.10.jar (2.0 kB at 674 B/s)
#18 93.02 [INFO] Downloading from central: https://repo.maven.apache.org/maven2/org/mongodb/bson-record-codec/5.5.2/bson-record-codec-5.5.2.jar
#18 93.04 [INFO] Downloaded from central: https://repo.maven.apache.org/maven2/org/springframework/spring-core/6.2.15/spring-core-6.2.15.jar (2.0 MB at 653 kB/s)
#18 93.04 [INFO] Downloading from central: https://repo.maven.apache.org/maven2/org/springframework/data/spring-data-mongodb/4.5.8/spring-data-mongodb-4.5.8.jar
#18 93.15 [INFO] Downloaded from central: https://repo.maven.apache.org/maven2/org/mongodb/mongodb-driver-sync/5.5.2/mongodb-driver-sync-5.5.2.jar (172 kB at 55 kB/s)
#18 93.15 [INFO] Downloading from central: https://repo.maven.apache.org/maven2/org/springframework/spring-tx/6.2.15/spring-tx-6.2.15.jar
#18 93.19 [INFO] Downloaded from central: https://repo.maven.apache.org/maven2/org/mongodb/bson/5.5.2/bson-5.5.2.jar (527 kB at 166 kB/s)
#18 93.19 [INFO] Downloading from central: https://repo.maven.apache.org/maven2/org/springframework/data/spring-data-commons/3.5.8/spring-data-commons-3.5.8.jar
#18 93.25 [INFO] Downloaded from central: https://repo.maven.apache.org/maven2/org/mongodb/bson-record-codec/5.5.2/bson-record-codec-5.5.2.jar (12 kB at 3.6 kB/s)
#18 93.25 [INFO] Downloading from central: https://repo.maven.apache.org/maven2/com/alibaba/cloud/spring-cloud-starter-alibaba-nacos-discovery/2025.0.0.0/spring-cloud-starter-alibaba-nacos-discovery-2025.0.0.0.jar
#18 93.28 [INFO] Downloaded from central: https://repo.maven.apache.org/maven2/org/mongodb/mongodb-driver-core/5.5.2/mongodb-driver-core-5.5.2.jar (1.9 MB at 574 kB/s)
#18 93.28 [INFO] Downloading from central: https://repo.maven.apache.org/maven2/com/alibaba/cloud/spring-cloud-alibaba-commons/2025.0.0.0/spring-cloud-alibaba-commons-2025.0.0.0.jar
#18 93.32 [INFO] Downloaded from central: https://repo.maven.apache.org/maven2/org/springframework/data/spring-data-mongodb/4.5.8/spring-data-mongodb-4.5.8.jar (2.5 MB at 747 kB/s)
#18 93.32 [INFO] Downloading from central: https://repo.maven.apache.org/maven2/com/alibaba/nacos/nacos-client/3.0.3/nacos-client-3.0.3.jar
#18 93.34 [INFO] Downloaded from central: https://repo.maven.apache.org/maven2/org/springframework/spring-tx/6.2.15/spring-tx-6.2.15.jar (286 kB at 86 kB/s)
#18 93.34 [INFO] Downloading from central: https://repo.maven.apache.org/maven2/com/alibaba/nacos/nacos-client-basic/3.0.3/nacos-client-basic-3.0.3.jar
#18 93.40 [INFO] Downloaded from central: https://repo.maven.apache.org/maven2/org/springframework/data/spring-data-commons/3.5.8/spring-data-commons-3.5.8.jar (1.5 MB at 450 kB/s)
#18 93.40 [INFO] Downloading from central: https://repo.maven.apache.org/maven2/com/alibaba/nacos/nacos-auth-plugin/3.0.3/nacos-auth-plugin-3.0.3.jar
#18 93.44 [INFO] Downloaded from central: https://repo.maven.apache.org/maven2/com/alibaba/cloud/spring-cloud-starter-alibaba-nacos-discovery/2025.0.0.0/spring-cloud-starter-alibaba-nacos-discovery-2025.0.0.0.jar (80 kB at 23 kB/s)
#18 93.44 [INFO] Downloading from central: https://repo.maven.apache.org/maven2/com/alibaba/nacos/nacos-encryption-plugin/3.0.3/nacos-encryption-plugin-3.0.3.jar
#18 93.47 [INFO] Downloaded from central: https://repo.maven.apache.org/maven2/com/alibaba/cloud/spring-cloud-alibaba-commons/2025.0.0.0/spring-cloud-alibaba-commons-2025.0.0.0.jar (13 kB at 3.7 kB/s)
#18 93.47 [INFO] Downloading from central: https://repo.maven.apache.org/maven2/com/alibaba/nacos/logback-adapter/1.1.4/logback-adapter-1.1.4.jar
#18 93.53 [INFO] Downloaded from central: https://repo.maven.apache.org/maven2/com/alibaba/nacos/nacos-client-basic/3.0.3/nacos-client-basic-3.0.3.jar (90 kB at 26 kB/s)
#18 93.53 [INFO] Downloading from central: https://repo.maven.apache.org/maven2/com/alibaba/nacos/nacos-log4j2-adapter/3.0.3/nacos-log4j2-adapter-3.0.3.jar
#18 93.59 [INFO] Downloaded from central: https://repo.maven.apache.org/maven2/com/alibaba/nacos/nacos-auth-plugin/3.0.3/nacos-auth-plugin-3.0.3.jar (22 kB at 6.0 kB/s)
#18 93.59 [INFO] Downloading from central: https://repo.maven.apache.org/maven2/com/fasterxml/jackson/core/jackson-core/2.19.4/jackson-core-2.19.4.jar
#18 93.62 [INFO] Downloaded from central: https://repo.maven.apache.org/maven2/com/alibaba/nacos/nacos-encryption-plugin/3.0.3/nacos-encryption-plugin-3.0.3.jar (6.9 kB at 1.9 kB/s)
#18 93.62 [INFO] Downloading from central: https://repo.maven.apache.org/maven2/org/apache/httpcomponents/client5/httpclient5/5.5.2/httpclient5-5.5.2.jar
#18 93.66 [INFO] Downloaded from central: https://repo.maven.apache.org/maven2/com/alibaba/nacos/logback-adapter/1.1.4/logback-adapter-1.1.4.jar (17 kB at 4.7 kB/s)
#18 93.66 [INFO] Downloading from central: https://repo.maven.apache.org/maven2/org/apache/httpcomponents/core5/httpcore5-h2/5.3.6/httpcore5-h2-5.3.6.jar
#18 93.72 [INFO] Downloaded from central: https://repo.maven.apache.org/maven2/com/alibaba/nacos/nacos-log4j2-adapter/3.0.3/nacos-log4j2-adapter-3.0.3.jar (11 kB at 3.0 kB/s)
#18 93.72 [INFO] Downloading from central: https://repo.maven.apache.org/maven2/org/apache/httpcomponents/core5/httpcore5/5.3.6/httpcore5-5.3.6.jar
#18 93.78 [INFO] Downloaded from central: https://repo.maven.apache.org/maven2/com/fasterxml/jackson/core/jackson-core/2.19.4/jackson-core-2.19.4.jar (591 kB at 157 kB/s)
#18 93.78 [INFO] Downloading from central: https://repo.maven.apache.org/maven2/io/prometheus/simpleclient/0.16.0/simpleclient-0.16.0.jar
#18 93.83 [INFO] Downloaded from central: https://repo.maven.apache.org/maven2/org/apache/httpcomponents/client5/httpclient5/5.5.2/httpclient5-5.5.2.jar (961 kB at 252 kB/s)
#18 93.83 [INFO] Downloading from central: https://repo.maven.apache.org/maven2/io/prometheus/simpleclient_tracer_otel/0.16.0/simpleclient_tracer_otel-0.16.0.jar
#18 93.86 [INFO] Downloaded from central: https://repo.maven.apache.org/maven2/org/apache/httpcomponents/core5/httpcore5-h2/5.3.6/httpcore5-h2-5.3.6.jar (243 kB at 63 kB/s)
#18 93.86 [INFO] Downloading from central: https://repo.maven.apache.org/maven2/io/prometheus/simpleclient_tracer_common/0.16.0/simpleclient_tracer_common-0.16.0.jar
#18 93.97 [INFO] Downloaded from central: https://repo.maven.apache.org/maven2/io/prometheus/simpleclient/0.16.0/simpleclient-0.16.0.jar (90 kB at 23 kB/s)
#18 93.97 [INFO] Downloading from central: https://repo.maven.apache.org/maven2/io/prometheus/simpleclient_tracer_otel_agent/0.16.0/simpleclient_tracer_otel_agent-0.16.0.jar
#18 94.01 [INFO] Downloaded from central: https://repo.maven.apache.org/maven2/io/prometheus/simpleclient_tracer_otel/0.16.0/simpleclient_tracer_otel-0.16.0.jar (4.3 kB at 1.1 kB/s)
#18 94.01 [INFO] Downloading from central: https://repo.maven.apache.org/maven2/io/micrometer/micrometer-core/1.15.8/micrometer-core-1.15.8.jar
#18 94.05 [INFO] Downloaded from central: https://repo.maven.apache.org/maven2/io/prometheus/simpleclient_tracer_common/0.16.0/simpleclient_tracer_common-0.16.0.jar (3.4 kB at 843 B/s)
#18 94.05 [INFO] Downloading from central: https://repo.maven.apache.org/maven2/org/hdrhistogram/HdrHistogram/2.2.2/HdrHistogram-2.2.2.jar
#18 94.14 [INFO] Downloaded from central: https://repo.maven.apache.org/maven2/org/apache/httpcomponents/core5/httpcore5/5.3.6/httpcore5-5.3.6.jar (909 kB at 220 kB/s)
#18 94.14 [INFO] Downloading from central: https://repo.maven.apache.org/maven2/org/latencyutils/LatencyUtils/2.0.3/LatencyUtils-2.0.3.jar
#18 94.17 [INFO] Downloaded from central: https://repo.maven.apache.org/maven2/io/prometheus/simpleclient_tracer_otel_agent/0.16.0/simpleclient_tracer_otel_agent-0.16.0.jar (4.6 kB at 1.1 kB/s)
#18 94.17 [INFO] Downloading from central: https://repo.maven.apache.org/maven2/org/springframework/cloud/spring-cloud-commons/4.3.1/spring-cloud-commons-4.3.1.jar
#18 94.33 [INFO] Downloaded from central: https://repo.maven.apache.org/maven2/org/latencyutils/LatencyUtils/2.0.3/LatencyUtils-2.0.3.jar (30 kB at 6.9 kB/s)
#18 94.33 [INFO] Downloading from central: https://repo.maven.apache.org/maven2/org/springframework/security/spring-security-crypto/6.5.7/spring-security-crypto-6.5.7.jar
#18 94.36 [INFO] Downloaded from central: https://repo.maven.apache.org/maven2/org/springframework/cloud/spring-cloud-commons/4.3.1/spring-cloud-commons-4.3.1.jar (267 kB at 61 kB/s)
#18 94.36 [INFO] Downloading from central: https://repo.maven.apache.org/maven2/org/springframework/cloud/spring-cloud-context/4.3.1/spring-cloud-context-4.3.1.jar
#18 94.44 [INFO] Downloaded from central: https://repo.maven.apache.org/maven2/com/alibaba/nacos/nacos-client/3.0.3/nacos-client-3.0.3.jar (14 MB at 3.1 MB/s)
#18 94.44 [INFO] Downloading from central: https://repo.maven.apache.org/maven2/org/projectlombok/lombok/1.18.42/lombok-1.18.42.jar
#18 94.51 [INFO] Downloaded from central: https://repo.maven.apache.org/maven2/org/springframework/security/spring-security-crypto/6.5.7/spring-security-crypto-6.5.7.jar (105 kB at 23 kB/s)
#18 94.51 [INFO] Downloading from central: https://repo.maven.apache.org/maven2/net/devh/grpc-spring-boot-starter/3.1.0.RELEASE/grpc-spring-boot-starter-3.1.0.RELEASE.jar
#18 94.54 [INFO] Downloaded from central: https://repo.maven.apache.org/maven2/org/springframework/cloud/spring-cloud-context/4.3.1/spring-cloud-context-4.3.1.jar (189 kB at 42 kB/s)
#18 94.54 [INFO] Downloading from central: https://repo.maven.apache.org/maven2/net/devh/grpc-server-spring-boot-starter/3.1.0.RELEASE/grpc-server-spring-boot-starter-3.1.0.RELEASE.jar
#18 94.56 [INFO] Downloaded from central: https://repo.maven.apache.org/maven2/org/hdrhistogram/HdrHistogram/2.2.2/HdrHistogram-2.2.2.jar (177 kB at 39 kB/s)
#18 94.56 [INFO] Downloading from central: https://repo.maven.apache.org/maven2/net/devh/grpc-common-spring-boot/3.1.0.RELEASE/grpc-common-spring-boot-3.1.0.RELEASE.jar
#18 94.69 [INFO] Downloaded from central: https://repo.maven.apache.org/maven2/net/devh/grpc-spring-boot-starter/3.1.0.RELEASE/grpc-spring-boot-starter-3.1.0.RELEASE.jar (4.5 kB at 970 B/s)
#18 94.69 [INFO] Downloading from central: https://repo.maven.apache.org/maven2/io/grpc/grpc-inprocess/1.63.0/grpc-inprocess-1.63.0.jar
#18 94.71 [INFO] Downloaded from central: https://repo.maven.apache.org/maven2/org/projectlombok/lombok/1.18.42/lombok-1.18.42.jar (2.0 MB at 432 kB/s)
#18 94.71 [INFO] Downloading from central: https://repo.maven.apache.org/maven2/io/grpc/grpc-netty-shaded/1.63.0/grpc-netty-shaded-1.63.0.jar
#18 94.72 [INFO] Downloaded from central: https://repo.maven.apache.org/maven2/io/micrometer/micrometer-core/1.15.8/micrometer-core-1.15.8.jar (865 kB at 183 kB/s)
#18 94.72 [INFO] Downloading from central: https://repo.maven.apache.org/maven2/io/grpc/grpc-util/1.63.0/grpc-util-1.63.0.jar
#18 94.73 [INFO] Downloaded from central: https://repo.maven.apache.org/maven2/net/devh/grpc-server-spring-boot-starter/3.1.0.RELEASE/grpc-server-spring-boot-starter-3.1.0.RELEASE.jar (144 kB at 31 kB/s)
#18 94.73 [INFO] Downloading from central: https://repo.maven.apache.org/maven2/io/grpc/grpc-services/1.63.0/grpc-services-1.63.0.jar
#18 94.75 [INFO] Downloaded from central: https://repo.maven.apache.org/maven2/net/devh/grpc-common-spring-boot/3.1.0.RELEASE/grpc-common-spring-boot-3.1.0.RELEASE.jar (25 kB at 5.2 kB/s)
#18 94.75 [INFO] Downloading from central: https://repo.maven.apache.org/maven2/net/devh/grpc-client-spring-boot-starter/3.1.0.RELEASE/grpc-client-spring-boot-starter-3.1.0.RELEASE.jar
#18 94.88 [INFO] Downloaded from central: https://repo.maven.apache.org/maven2/io/grpc/grpc-inprocess/1.63.0/grpc-inprocess-1.63.0.jar (41 kB at 8.3 kB/s)
#18 94.88 [INFO] Downloading from central: https://repo.maven.apache.org/maven2/jakarta/validation/jakarta.validation-api/3.0.2/jakarta.validation-api-3.0.2.jar
#18 94.93 [INFO] Downloaded from central: https://repo.maven.apache.org/maven2/io/grpc/grpc-services/1.63.0/grpc-services-1.63.0.jar (829 kB at 168 kB/s)
#18 94.93 [INFO] Downloading from central: https://repo.maven.apache.org/maven2/jakarta/annotation/jakarta.annotation-api/2.1.1/jakarta.annotation-api-2.1.1.jar
#18 94.94 [INFO] Downloaded from central: https://repo.maven.apache.org/maven2/net/devh/grpc-client-spring-boot-starter/3.1.0.RELEASE/grpc-client-spring-boot-starter-3.1.0.RELEASE.jar (118 kB at 24 kB/s)
#18 94.94 [INFO] Downloading from central: https://repo.maven.apache.org/maven2/javax/annotation/javax.annotation-api/1.3.2/javax.annotation-api-1.3.2.jar
#18 94.96 [INFO] Downloaded from central: https://repo.maven.apache.org/maven2/io/grpc/grpc-util/1.63.0/grpc-util-1.63.0.jar (99 kB at 20 kB/s)
#18 94.96 [INFO] Downloading from central: https://repo.maven.apache.org/maven2/com/fasterxml/jackson/core/jackson-annotations/2.19.4/jackson-annotations-2.19.4.jar
#18 95.07 [INFO] Downloaded from central: https://repo.maven.apache.org/maven2/jakarta/validation/jakarta.validation-api/3.0.2/jakarta.validation-api-3.0.2.jar (93 kB at 18 kB/s)
#18 95.07 [INFO] Downloading from central: https://repo.maven.apache.org/maven2/io/grpc/grpc-core/1.78.0/grpc-core-1.78.0.jar
#18 95.11 [INFO] Downloaded from central: https://repo.maven.apache.org/maven2/jakarta/annotation/jakarta.annotation-api/2.1.1/jakarta.annotation-api-2.1.1.jar (26 kB at 5.1 kB/s)
#18 95.11 [INFO] Downloading from central: https://repo.maven.apache.org/maven2/io/grpc/grpc-api/1.78.0/grpc-api-1.78.0.jar
#18 95.13 [INFO] Downloaded from central: https://repo.maven.apache.org/maven2/javax/annotation/javax.annotation-api/1.3.2/javax.annotation-api-1.3.2.jar (27 kB at 5.2 kB/s)
#18 95.13 [INFO] Downloading from central: https://repo.maven.apache.org/maven2/com/google/code/gson/gson/2.13.2/gson-2.13.2.jar
#18 95.18 [INFO] Downloaded from central: https://repo.maven.apache.org/maven2/com/fasterxml/jackson/core/jackson-annotations/2.19.4/jackson-annotations-2.19.4.jar (79 kB at 15 kB/s)
#18 95.18 [INFO] Downloading from central: https://repo.maven.apache.org/maven2/com/google/android/annotations/4.1.1.4/annotations-4.1.1.4.jar
#18 95.38 [INFO] Downloaded from central: https://repo.maven.apache.org/maven2/com/google/android/annotations/4.1.1.4/annotations-4.1.1.4.jar (3.1 kB at 581 B/s)
#18 95.38 [INFO] Downloading from central: https://repo.maven.apache.org/maven2/org/codehaus/mojo/animal-sniffer-annotations/1.26/animal-sniffer-annotations-1.26.jar
#18 95.51 [INFO] Downloaded from central: https://repo.maven.apache.org/maven2/io/grpc/grpc-core/1.78.0/grpc-core-1.78.0.jar (662 kB at 120 kB/s)
#18 95.51 [INFO] Downloading from central: https://repo.maven.apache.org/maven2/com/google/errorprone/error_prone_annotations/2.44.0/error_prone_annotations-2.44.0.jar
#18 95.57 [INFO] Downloaded from central: https://repo.maven.apache.org/maven2/org/codehaus/mojo/animal-sniffer-annotations/1.26/animal-sniffer-annotations-1.26.jar (3.2 kB at 572 B/s)
#18 95.57 [INFO] Downloading from central: https://repo.maven.apache.org/maven2/com/google/guava/guava/33.4.8-jre/guava-33.4.8-jre.jar
#18 95.65 [INFO] Downloaded from central: https://repo.maven.apache.org/maven2/com/google/code/gson/gson/2.13.2/gson-2.13.2.jar (290 kB at 51 kB/s)
#18 95.65 [INFO] Downloading from central: https://repo.maven.apache.org/maven2/com/google/guava/failureaccess/1.0.3/failureaccess-1.0.3.jar
#18 95.70 [INFO] Downloaded from central: https://repo.maven.apache.org/maven2/com/google/errorprone/error_prone_annotations/2.44.0/error_prone_annotations-2.44.0.jar (20 kB at 3.6 kB/s)
#18 95.70 [INFO] Downloading from central: https://repo.maven.apache.org/maven2/com/google/guava/listenablefuture/9999.0-empty-to-avoid-conflict-with-guava/listenablefuture-9999.0-empty-to-avoid-conflict-with-guava.jar
#18 95.71 [INFO] Downloaded from central: https://repo.maven.apache.org/maven2/io/grpc/grpc-netty-shaded/1.63.0/grpc-netty-shaded-1.63.0.jar (9.8 MB at 1.7 MB/s)
#18 95.71 [INFO] Downloading from central: https://repo.maven.apache.org/maven2/org/jspecify/jspecify/1.0.0/jspecify-1.0.0.jar
#18 95.78 [INFO] Downloaded from central: https://repo.maven.apache.org/maven2/io/grpc/grpc-api/1.78.0/grpc-api-1.78.0.jar (335 kB at 58 kB/s)
#18 95.78 [INFO] Downloading from central: https://repo.maven.apache.org/maven2/com/google/j2objc/j2objc-annotations/3.0.0/j2objc-annotations-3.0.0.jar
#18 95.85 [INFO] Downloaded from central: https://repo.maven.apache.org/maven2/com/google/guava/failureaccess/1.0.3/failureaccess-1.0.3.jar (11 kB at 1.8 kB/s)
#18 95.85 [INFO] Downloading from central: https://repo.maven.apache.org/maven2/io/perfmark/perfmark-api/0.27.0/perfmark-api-0.27.0.jar
#18 95.87 [INFO] Downloaded from central: https://repo.maven.apache.org/maven2/org/jspecify/jspecify/1.0.0/jspecify-1.0.0.jar (3.8 kB at 650 B/s)
#18 95.87 [INFO] Downloading from central: https://repo.maven.apache.org/maven2/io/grpc/grpc-context/1.78.0/grpc-context-1.78.0.jar
#18 95.88 [INFO] Downloaded from central: https://repo.maven.apache.org/maven2/com/google/guava/listenablefuture/9999.0-empty-to-avoid-conflict-with-guava/listenablefuture-9999.0-empty-to-avoid-conflict-with-guava.jar (2.2 kB at 374 B/s)
#18 95.88 [INFO] Downloading from central: https://repo.maven.apache.org/maven2/io/grpc/grpc-protobuf/1.78.0/grpc-protobuf-1.78.0.jar
#18 95.97 [INFO] Downloaded from central: https://repo.maven.apache.org/maven2/com/google/j2objc/j2objc-annotations/3.0.0/j2objc-annotations-3.0.0.jar (12 kB at 2.1 kB/s)
#18 95.97 [INFO] Downloading from central: https://repo.maven.apache.org/maven2/com/google/api/grpc/proto-google-common-protos/2.63.1/proto-google-common-protos-2.63.1.jar
#18 96.04 [INFO] Downloaded from central: https://repo.maven.apache.org/maven2/io/grpc/grpc-context/1.78.0/grpc-context-1.78.0.jar (293 B at 48 B/s)
#18 96.04 [INFO] Downloading from central: https://repo.maven.apache.org/maven2/io/grpc/grpc-protobuf-lite/1.78.0/grpc-protobuf-lite-1.78.0.jar
#18 96.05 [INFO] Downloaded from central: https://repo.maven.apache.org/maven2/io/perfmark/perfmark-api/0.27.0/perfmark-api-0.27.0.jar (7.0 kB at 1.1 kB/s)
#18 96.05 [INFO] Downloading from central: https://repo.maven.apache.org/maven2/io/grpc/grpc-stub/1.78.0/grpc-stub-1.78.0.jar
#18 96.06 [INFO] Downloaded from central: https://repo.maven.apache.org/maven2/io/grpc/grpc-protobuf/1.78.0/grpc-protobuf-1.78.0.jar (5.2 kB at 859 B/s)
#18 96.06 [INFO] Downloading from central: https://repo.maven.apache.org/maven2/com/google/protobuf/protobuf-java/4.33.5/protobuf-java-4.33.5.jar
#18 96.21 [INFO] Downloaded from central: https://repo.maven.apache.org/maven2/io/grpc/grpc-protobuf-lite/1.78.0/grpc-protobuf-lite-1.78.0.jar (7.8 kB at 1.3 kB/s)
#18 96.21 [INFO] Downloading from central: https://repo.maven.apache.org/maven2/com/google/protobuf/protobuf-java-util/4.33.5/protobuf-java-util-4.33.5.jar
#18 96.34 [INFO] Downloaded from central: https://repo.maven.apache.org/maven2/com/google/protobuf/protobuf-java/4.33.5/protobuf-java-4.33.5.jar (1.9 MB at 298 kB/s)
#18 96.34 [INFO] Downloading from central: https://repo.maven.apache.org/maven2/com/github/f4b6a3/uuid-creator/5.3.7/uuid-creator-5.3.7.jar
#18 96.35 [INFO] Downloaded from central: https://repo.maven.apache.org/maven2/io/grpc/grpc-stub/1.78.0/grpc-stub-1.78.0.jar (62 kB at 9.7 kB/s)
#18 96.35 [INFO] Downloading from central: https://repo.maven.apache.org/maven2/org/mapstruct/mapstruct/1.6.3/mapstruct-1.6.3.jar
#18 96.38 [INFO] Downloaded from central: https://repo.maven.apache.org/maven2/com/google/protobuf/protobuf-java-util/4.33.5/protobuf-java-util-4.33.5.jar (77 kB at 12 kB/s)
#18 96.53 [INFO] Downloaded from central: https://repo.maven.apache.org/maven2/com/github/f4b6a3/uuid-creator/5.3.7/uuid-creator-5.3.7.jar (145 kB at 22 kB/s)
#18 96.60 [INFO] Downloaded from central: https://repo.maven.apache.org/maven2/org/mapstruct/mapstruct/1.6.3/mapstruct-1.6.3.jar (34 kB at 5.2 kB/s)
#18 96.86 [INFO] Downloaded from central: https://repo.maven.apache.org/maven2/com/google/guava/guava/33.4.8-jre/guava-33.4.8-jre.jar (3.0 MB at 441 kB/s)
#18 97.63 [INFO] Downloaded from central: https://repo.maven.apache.org/maven2/com/google/api/grpc/proto-google-common-protos/2.63.1/proto-google-common-protos-2.63.1.jar (2.9 MB at 376 kB/s)
#18 97.67 [INFO] 
#18 97.67 [INFO] --- build-helper:3.3.0:add-source (add-sources) @ itinerary ---
#18 97.68 [INFO] Downloading from central: https://repo.maven.apache.org/maven2/org/apache/maven/maven-core/3.0/maven-core-3.0.pom
#18 97.86 [INFO] Downloaded from central: https://repo.maven.apache.org/maven2/org/apache/maven/maven-core/3.0/maven-core-3.0.pom (6.6 kB at 37 kB/s)
#18 97.86 [INFO] Downloading from central: https://repo.maven.apache.org/maven2/org/apache/maven/maven/3.0/maven-3.0.pom
#18 98.05 [INFO] Downloaded from central: https://repo.maven.apache.org/maven2/org/apache/maven/maven/3.0/maven-3.0.pom (22 kB at 115 kB/s)
#18 98.05 [INFO] Downloading from central: https://repo.maven.apache.org/maven2/org/apache/maven/maven-parent/15/maven-parent-15.pom
#18 98.24 [INFO] Downloaded from central: https://repo.maven.apache.org/maven2/org/apache/maven/maven-parent/15/maven-parent-15.pom (24 kB at 131 kB/s)
#18 98.24 [INFO] Downloading from central: https://repo.maven.apache.org/maven2/org/apache/apache/6/apache-6.pom
#18 98.42 [INFO] Downloaded from central: https://repo.maven.apache.org/maven2/org/apache/apache/6/apache-6.pom (13 kB at 70 kB/s)
#18 98.42 [INFO] Downloading from central: https://repo.maven.apache.org/maven2/org/apache/maven/maven-model/3.0/maven-model-3.0.pom
#18 98.61 [INFO] Downloaded from central: https://repo.maven.apache.org/maven2/org/apache/maven/maven-model/3.0/maven-model-3.0.pom (3.9 kB at 21 kB/s)
#18 98.61 [INFO] Downloading from central: https://repo.maven.apache.org/maven2/org/codehaus/plexus/plexus-utils/2.0.4/plexus-utils-2.0.4.pom
#18 98.80 [INFO] Downloaded from central: https://repo.maven.apache.org/maven2/org/codehaus/plexus/plexus-utils/2.0.4/plexus-utils-2.0.4.pom (3.3 kB at 18 kB/s)
#18 98.80 [INFO] Downloading from central: https://repo.maven.apache.org/maven2/org/codehaus/plexus/plexus/2.0.6/plexus-2.0.6.pom
#18 98.99 [INFO] Downloaded from central: https://repo.maven.apache.org/maven2/org/codehaus/plexus/plexus/2.0.6/plexus-2.0.6.pom (17 kB at 89 kB/s)
#18 98.99 [INFO] Downloading from central: https://repo.maven.apache.org/maven2/org/apache/maven/maven-settings/3.0/maven-settings-3.0.pom
#18 99.18 [INFO] Downloaded from central: https://repo.maven.apache.org/maven2/org/apache/maven/maven-settings/3.0/maven-settings-3.0.pom (1.9 kB at 10 kB/s)
#18 99.18 [INFO] Downloading from central: https://repo.maven.apache.org/maven2/org/apache/maven/maven-settings-builder/3.0/maven-settings-builder-3.0.pom
#18 99.37 [INFO] Downloaded from central: https://repo.maven.apache.org/maven2/org/apache/maven/maven-settings-builder/3.0/maven-settings-builder-3.0.pom (2.2 kB at 12 kB/s)
#18 99.37 [INFO] Downloading from central: https://repo.maven.apache.org/maven2/org/codehaus/plexus/plexus-interpolation/1.14/plexus-interpolation-1.14.pom
#18 99.56 [INFO] Downloaded from central: https://repo.maven.apache.org/maven2/org/codehaus/plexus/plexus-interpolation/1.14/plexus-interpolation-1.14.pom (910 B at 4.9 kB/s)
#18 99.56 [INFO] Downloading from central: https://repo.maven.apache.org/maven2/org/codehaus/plexus/plexus-components/1.1.18/plexus-components-1.1.18.pom
#18 99.74 [INFO] Downloaded from central: https://repo.maven.apache.org/maven2/org/codehaus/plexus/plexus-components/1.1.18/plexus-components-1.1.18.pom (5.4 kB at 29 kB/s)
#18 99.75 [INFO] Downloading from central: https://repo.maven.apache.org/maven2/org/sonatype/plexus/plexus-sec-dispatcher/1.3/plexus-sec-dispatcher-1.3.pom
#18 99.93 [INFO] Downloaded from central: https://repo.maven.apache.org/maven2/org/sonatype/plexus/plexus-sec-dispatcher/1.3/plexus-sec-dispatcher-1.3.pom (3.0 kB at 16 kB/s)
#18 99.94 [INFO] Downloading from central: https://repo.maven.apache.org/maven2/org/sonatype/spice/spice-parent/12/spice-parent-12.pom
#18 100.1 [INFO] Downloaded from central: https://repo.maven.apache.org/maven2/org/sonatype/spice/spice-parent/12/spice-parent-12.pom (6.8 kB at 37 kB/s)
#18 100.1 [INFO] Downloading from central: https://repo.maven.apache.org/maven2/org/sonatype/forge/forge-parent/4/forge-parent-4.pom
#18 100.3 [INFO] Downloaded from central: https://repo.maven.apache.org/maven2/org/sonatype/forge/forge-parent/4/forge-parent-4.pom (8.4 kB at 45 kB/s)
#18 100.3 [INFO] Downloading from central: https://repo.maven.apache.org/maven2/org/codehaus/plexus/plexus-utils/1.5.5/plexus-utils-1.5.5.pom
#18 100.5 [INFO] Downloaded from central: https://repo.maven.apache.org/maven2/org/codehaus/plexus/plexus-utils/1.5.5/plexus-utils-1.5.5.pom (5.1 kB at 29 kB/s)
#18 100.5 [INFO] Downloading from central: https://repo.maven.apache.org/maven2/org/codehaus/plexus/plexus/1.0.11/plexus-1.0.11.pom
#18 100.7 [INFO] Downloaded from central: https://repo.maven.apache.org/maven2/org/codehaus/plexus/plexus/1.0.11/plexus-1.0.11.pom (9.0 kB at 49 kB/s)
#18 100.7 [INFO] Downloading from central: https://repo.maven.apache.org/maven2/org/sonatype/plexus/plexus-cipher/1.4/plexus-cipher-1.4.pom
#18 100.9 [INFO] Downloaded from central: https://repo.maven.apache.org/maven2/org/sonatype/plexus/plexus-cipher/1.4/plexus-cipher-1.4.pom (2.1 kB at 11 kB/s)
#18 100.9 [INFO] Downloading from central: https://repo.maven.apache.org/maven2/org/apache/maven/maven-repository-metadata/3.0/maven-repository-metadata-3.0.pom
#18 101.1 [INFO] Downloaded from central: https://repo.maven.apache.org/maven2/org/apache/maven/maven-repository-metadata/3.0/maven-repository-metadata-3.0.pom (1.9 kB at 10 kB/s)
#18 101.1 [INFO] Downloading from central: https://repo.maven.apache.org/maven2/org/apache/maven/maven-artifact/3.0/maven-artifact-3.0.pom
#18 101.2 [INFO] Downloaded from central: https://repo.maven.apache.org/maven2/org/apache/maven/maven-artifact/3.0/maven-artifact-3.0.pom (1.9 kB at 10 kB/s)
#18 101.2 [INFO] Downloading from central: https://repo.maven.apache.org/maven2/org/apache/maven/maven-plugin-api/3.8.4/maven-plugin-api-3.8.4.pom
#18 101.4 [INFO] Downloaded from central: https://repo.maven.apache.org/maven2/org/apache/maven/maven-plugin-api/3.8.4/maven-plugin-api-3.8.4.pom (3.0 kB at 17 kB/s)
#18 101.4 [INFO] Downloading from central: https://repo.maven.apache.org/maven2/org/apache/maven/maven/3.8.4/maven-3.8.4.pom
#18 101.6 [INFO] Downloaded from central: https://repo.maven.apache.org/maven2/org/apache/maven/maven/3.8.4/maven-3.8.4.pom (27 kB at 146 kB/s)
#18 101.6 [INFO] Downloading from central: https://repo.maven.apache.org/maven2/org/apache/maven/maven-parent/34/maven-parent-34.pom
#18 101.8 [INFO] Downloaded from central: https://repo.maven.apache.org/maven2/org/apache/maven/maven-parent/34/maven-parent-34.pom (43 kB at 229 kB/s)
#18 101.8 [INFO] Downloading from central: https://repo.maven.apache.org/maven2/org/apache/apache/23/apache-23.pom
#18 102.0 [INFO] Downloaded from central: https://repo.maven.apache.org/maven2/org/apache/apache/23/apache-23.pom (18 kB at 101 kB/s)
#18 102.0 [INFO] Downloading from central: https://repo.maven.apache.org/maven2/org/apache/maven/maven-model/3.8.4/maven-model-3.8.4.pom
#18 102.2 [INFO] Downloaded from central: https://repo.maven.apache.org/maven2/org/apache/maven/maven-model/3.8.4/maven-model-3.8.4.pom (2.8 kB at 15 kB/s)
#18 102.2 [INFO] Downloading from central: https://repo.maven.apache.org/maven2/org/codehaus/plexus/plexus-utils/3.3.0/plexus-utils-3.3.0.pom
#18 102.4 [INFO] Downloaded from central: https://repo.maven.apache.org/maven2/org/codehaus/plexus/plexus-utils/3.3.0/plexus-utils-3.3.0.pom (5.2 kB at 29 kB/s)
#18 102.4 [INFO] Downloading from central: https://repo.maven.apache.org/maven2/org/codehaus/plexus/plexus/5.1/plexus-5.1.pom
#18 102.5 [INFO] Downloaded from central: https://repo.maven.apache.org/maven2/org/codehaus/plexus/plexus/5.1/plexus-5.1.pom (23 kB at 123 kB/s)
#18 102.5 [INFO] Downloading from central: https://repo.maven.apache.org/maven2/org/apache/maven/maven-artifact/3.8.4/maven-artifact-3.8.4.pom
#18 102.7 [INFO] Downloaded from central: https://repo.maven.apache.org/maven2/org/apache/maven/maven-artifact/3.8.4/maven-artifact-3.8.4.pom (2.4 kB at 13 kB/s)
#18 102.7 [INFO] Downloading from central: https://repo.maven.apache.org/maven2/org/apache/commons/commons-lang3/3.8.1/commons-lang3-3.8.1.pom
#18 102.9 [INFO] Downloaded from central: https://repo.maven.apache.org/maven2/org/apache/commons/commons-lang3/3.8.1/commons-lang3-3.8.1.pom (28 kB at 131 kB/s)
#18 102.9 [INFO] Downloading from central: https://repo.maven.apache.org/maven2/org/apache/commons/commons-parent/47/commons-parent-47.pom
#18 103.1 [INFO] Downloaded from central: https://repo.maven.apache.org/maven2/org/apache/commons/commons-parent/47/commons-parent-47.pom (78 kB at 410 kB/s)
#18 103.1 [INFO] Downloading from central: https://repo.maven.apache.org/maven2/org/eclipse/sisu/org.eclipse.sisu.plexus/0.3.5/org.eclipse.sisu.plexus-0.3.5.pom
#18 103.3 [INFO] Downloaded from central: https://repo.maven.apache.org/maven2/org/eclipse/sisu/org.eclipse.sisu.plexus/0.3.5/org.eclipse.sisu.plexus-0.3.5.pom (4.3 kB at 24 kB/s)
#18 103.3 [INFO] Downloading from central: https://repo.maven.apache.org/maven2/org/eclipse/sisu/sisu-plexus/0.3.5/sisu-plexus-0.3.5.pom
#18 103.5 [INFO] Downloaded from central: https://repo.maven.apache.org/maven2/org/eclipse/sisu/sisu-plexus/0.3.5/sisu-plexus-0.3.5.pom (14 kB at 75 kB/s)
#18 103.5 [INFO] Downloading from central: https://repo.maven.apache.org/maven2/javax/annotation/javax.annotation-api/1.2/javax.annotation-api-1.2.pom
#18 103.7 [INFO] Downloaded from central: https://repo.maven.apache.org/maven2/javax/annotation/javax.annotation-api/1.2/javax.annotation-api-1.2.pom (13 kB at 72 kB/s)
#18 103.7 [INFO] Downloading from central: https://repo.maven.apache.org/maven2/org/eclipse/sisu/org.eclipse.sisu.inject/0.3.5/org.eclipse.sisu.inject-0.3.5.pom
#18 103.9 [INFO] Downloaded from central: https://repo.maven.apache.org/maven2/org/eclipse/sisu/org.eclipse.sisu.inject/0.3.5/org.eclipse.sisu.inject-0.3.5.pom (2.6 kB at 14 kB/s)
#18 103.9 [INFO] Downloading from central: https://repo.maven.apache.org/maven2/org/eclipse/sisu/sisu-inject/0.3.5/sisu-inject-0.3.5.pom
#18 104.1 [INFO] Downloaded from central: https://repo.maven.apache.org/maven2/org/eclipse/sisu/sisu-inject/0.3.5/sisu-inject-0.3.5.pom (14 kB at 78 kB/s)
#18 104.1 [INFO] Downloading from central: https://repo.maven.apache.org/maven2/org/codehaus/plexus/plexus-utils/3.0.24/plexus-utils-3.0.24.pom
#18 104.3 [INFO] Downloaded from central: https://repo.maven.apache.org/maven2/org/codehaus/plexus/plexus-utils/3.0.24/plexus-utils-3.0.24.pom (4.1 kB at 22 kB/s)
#18 104.3 [INFO] Downloading from central: https://repo.maven.apache.org/maven2/org/codehaus/plexus/plexus-classworlds/2.6.0/plexus-classworlds-2.6.0.pom
#18 104.5 [INFO] Downloaded from central: https://repo.maven.apache.org/maven2/org/codehaus/plexus/plexus-classworlds/2.6.0/plexus-classworlds-2.6.0.pom (7.9 kB at 42 kB/s)
#18 104.5 [INFO] Downloading from central: https://repo.maven.apache.org/maven2/org/apache/maven/maven-model-builder/3.0/maven-model-builder-3.0.pom
#18 104.6 [INFO] Downloaded from central: https://repo.maven.apache.org/maven2/org/apache/maven/maven-model-builder/3.0/maven-model-builder-3.0.pom (2.2 kB at 12 kB/s)
#18 104.7 [INFO] Downloading from central: https://repo.maven.apache.org/maven2/org/apache/maven/maven-aether-provider/3.0/maven-aether-provider-3.0.pom
#18 104.8 [INFO] Downloaded from central: https://repo.maven.apache.org/maven2/org/apache/maven/maven-aether-provider/3.0/maven-aether-provider-3.0.pom (2.5 kB at 13 kB/s)
#18 104.8 [INFO] Downloading from central: https://repo.maven.apache.org/maven2/org/sonatype/aether/aether-api/1.7/aether-api-1.7.pom
#18 105.0 [INFO] Downloaded from central: https://repo.maven.apache.org/maven2/org/sonatype/aether/aether-api/1.7/aether-api-1.7.pom (1.7 kB at 9.1 kB/s)
#18 105.0 [INFO] Downloading from central: https://repo.maven.apache.org/maven2/org/sonatype/aether/aether-parent/1.7/aether-parent-1.7.pom
#18 105.2 [INFO] Downloaded from central: https://repo.maven.apache.org/maven2/org/sonatype/aether/aether-parent/1.7/aether-parent-1.7.pom (7.7 kB at 42 kB/s)
#18 105.2 [INFO] Downloading from central: https://repo.maven.apache.org/maven2/org/sonatype/forge/forge-parent/6/forge-parent-6.pom
#18 105.4 [INFO] Downloaded from central: https://repo.maven.apache.org/maven2/org/sonatype/forge/forge-parent/6/forge-parent-6.pom (11 kB at 59 kB/s)
#18 105.4 [INFO] Downloading from central: https://repo.maven.apache.org/maven2/org/sonatype/aether/aether-util/1.7/aether-util-1.7.pom
#18 105.6 [INFO] Downloaded from central: https://repo.maven.apache.org/maven2/org/sonatype/aether/aether-util/1.7/aether-util-1.7.pom (2.1 kB at 11 kB/s)
#18 105.6 [INFO] Downloading from central: https://repo.maven.apache.org/maven2/org/sonatype/aether/aether-impl/1.7/aether-impl-1.7.pom
#18 105.8 [INFO] Downloaded from central: https://repo.maven.apache.org/maven2/org/sonatype/aether/aether-impl/1.7/aether-impl-1.7.pom (3.7 kB at 20 kB/s)
#18 105.8 [INFO] Downloading from central: https://repo.maven.apache.org/maven2/org/sonatype/aether/aether-spi/1.7/aether-spi-1.7.pom
#18 106.0 [INFO] Downloaded from central: https://repo.maven.apache.org/maven2/org/sonatype/aether/aether-spi/1.7/aether-spi-1.7.pom (1.7 kB at 9.5 kB/s)
#18 106.0 [INFO] Downloading from central: https://repo.maven.apache.org/maven2/org/sonatype/sisu/sisu-inject-plexus/1.4.2/sisu-inject-plexus-1.4.2.pom
#18 106.1 [INFO] Downloaded from central: https://repo.maven.apache.org/maven2/org/sonatype/sisu/sisu-inject-plexus/1.4.2/sisu-inject-plexus-1.4.2.pom (5.4 kB at 29 kB/s)
#18 106.1 [INFO] Downloading from central: https://repo.maven.apache.org/maven2/org/sonatype/sisu/inject/guice-plexus/1.4.2/guice-plexus-1.4.2.pom
#18 106.3 [INFO] Downloaded from central: https://repo.maven.apache.org/maven2/org/sonatype/sisu/inject/guice-plexus/1.4.2/guice-plexus-1.4.2.pom (3.1 kB at 17 kB/s)
#18 106.3 [INFO] Downloading from central: https://repo.maven.apache.org/maven2/org/sonatype/sisu/inject/guice-bean/1.4.2/guice-bean-1.4.2.pom
#18 106.5 [INFO] Downloaded from central: https://repo.maven.apache.org/maven2/org/sonatype/sisu/inject/guice-bean/1.4.2/guice-bean-1.4.2.pom (2.6 kB at 14 kB/s)
#18 106.5 [INFO] Downloading from central: https://repo.maven.apache.org/maven2/org/sonatype/sisu/sisu-inject/1.4.2/sisu-inject-1.4.2.pom
#18 106.7 [INFO] Downloaded from central: https://repo.maven.apache.org/maven2/org/sonatype/sisu/sisu-inject/1.4.2/sisu-inject-1.4.2.pom (1.2 kB at 6.9 kB/s)
#18 106.7 [INFO] Downloading from central: https://repo.maven.apache.org/maven2/org/sonatype/sisu/sisu-parent/1.4.2/sisu-parent-1.4.2.pom
#18 106.9 [INFO] Downloaded from central: https://repo.maven.apache.org/maven2/org/sonatype/sisu/sisu-parent/1.4.2/sisu-parent-1.4.2.pom (7.8 kB at 41 kB/s)
#18 106.9 [INFO] Downloading from central: https://repo.maven.apache.org/maven2/org/codehaus/plexus/plexus-component-annotations/1.5.4/plexus-component-annotations-1.5.4.pom
#18 107.1 [INFO] Downloaded from central: https://repo.maven.apache.org/maven2/org/codehaus/plexus/plexus-component-annotations/1.5.4/plexus-component-annotations-1.5.4.pom (815 B at 4.3 kB/s)
#18 107.1 [INFO] Downloading from central: https://repo.maven.apache.org/maven2/org/codehaus/plexus/plexus-containers/1.5.4/plexus-containers-1.5.4.pom
#18 107.3 [INFO] Downloaded from central: https://repo.maven.apache.org/maven2/org/codehaus/plexus/plexus-containers/1.5.4/plexus-containers-1.5.4.pom (4.2 kB at 23 kB/s)
#18 107.3 [INFO] Downloading from central: https://repo.maven.apache.org/maven2/org/codehaus/plexus/plexus/2.0.5/plexus-2.0.5.pom
#18 107.5 [INFO] Downloaded from central: https://repo.maven.apache.org/maven2/org/codehaus/plexus/plexus/2.0.5/plexus-2.0.5.pom (17 kB at 94 kB/s)
#18 107.5 [INFO] Downloading from central: https://repo.maven.apache.org/maven2/org/codehaus/plexus/plexus-classworlds/2.2.3/plexus-classworlds-2.2.3.pom
#18 107.6 [INFO] Downloaded from central: https://repo.maven.apache.org/maven2/org/codehaus/plexus/plexus-classworlds/2.2.3/plexus-classworlds-2.2.3.pom (4.0 kB at 22 kB/s)
#18 107.6 [INFO] Downloading from central: https://repo.maven.apache.org/maven2/org/codehaus/plexus/plexus-utils/2.0.5/plexus-utils-2.0.5.pom
#18 107.8 [INFO] Downloaded from central: https://repo.maven.apache.org/maven2/org/codehaus/plexus/plexus-utils/2.0.5/plexus-utils-2.0.5.pom (3.3 kB at 18 kB/s)
#18 107.8 [INFO] Downloading from central: https://repo.maven.apache.org/maven2/org/sonatype/sisu/sisu-inject-bean/1.4.2/sisu-inject-bean-1.4.2.pom
#18 108.0 [INFO] Downloaded from central: https://repo.maven.apache.org/maven2/org/sonatype/sisu/sisu-inject-bean/1.4.2/sisu-inject-bean-1.4.2.pom (5.5 kB at 30 kB/s)
#18 108.0 [INFO] Downloading from central: https://repo.maven.apache.org/maven2/org/sonatype/sisu/sisu-guice/2.1.7/sisu-guice-2.1.7.pom
#18 108.2 [INFO] Downloaded from central: https://repo.maven.apache.org/maven2/org/sonatype/sisu/sisu-guice/2.1.7/sisu-guice-2.1.7.pom (11 kB at 59 kB/s)
#18 108.2 [INFO] Downloading from central: https://repo.maven.apache.org/maven2/org/apache/maven/maven-plugin-api/3.0/maven-plugin-api-3.0.pom
#18 108.4 [INFO] Downloaded from central: https://repo.maven.apache.org/maven2/org/apache/maven/maven-plugin-api/3.0/maven-plugin-api-3.0.pom (2.3 kB at 12 kB/s)
#18 108.4 [INFO] Downloading from central: https://repo.maven.apache.org/maven2/org/apache-extras/beanshell/bsh/2.0b6/bsh-2.0b6.pom
#18 108.6 [INFO] Downloaded from central: https://repo.maven.apache.org/maven2/org/apache-extras/beanshell/bsh/2.0b6/bsh-2.0b6.pom (5.0 kB at 26 kB/s)
#18 108.6 [INFO] Downloading from central: https://repo.maven.apache.org/maven2/org/apache/maven/shared/file-management/3.0.0/file-management-3.0.0.pom
#18 108.8 [INFO] Downloaded from central: https://repo.maven.apache.org/maven2/org/apache/maven/shared/file-management/3.0.0/file-management-3.0.0.pom (4.7 kB at 25 kB/s)
#18 108.8 [INFO] Downloading from central: https://repo.maven.apache.org/maven2/org/apache/maven/shared/maven-shared-components/22/maven-shared-components-22.pom
#18 109.0 [INFO] Downloaded from central: https://repo.maven.apache.org/maven2/org/apache/maven/shared/maven-shared-components/22/maven-shared-components-22.pom (5.1 kB at 27 kB/s)
#18 109.0 [INFO] Downloading from central: https://repo.maven.apache.org/maven2/org/apache/maven/maven-parent/27/maven-parent-27.pom
#18 109.2 [INFO] Downloaded from central: https://repo.maven.apache.org/maven2/org/apache/maven/maven-parent/27/maven-parent-27.pom (41 kB at 214 kB/s)
#18 109.2 [INFO] Downloading from central: https://repo.maven.apache.org/maven2/org/apache/apache/17/apache-17.pom
#18 109.4 [INFO] Downloaded from central: https://repo.maven.apache.org/maven2/org/apache/apache/17/apache-17.pom (16 kB at 88 kB/s)
#18 109.4 [INFO] Downloading from central: https://repo.maven.apache.org/maven2/org/apache/maven/shared/maven-shared-io/3.0.0/maven-shared-io-3.0.0.pom
#18 109.5 [INFO] Downloaded from central: https://repo.maven.apache.org/maven2/org/apache/maven/shared/maven-shared-io/3.0.0/maven-shared-io-3.0.0.pom (4.2 kB at 22 kB/s)
#18 109.5 [INFO] Downloading from central: https://repo.maven.apache.org/maven2/org/apache/maven/maven-compat/3.0/maven-compat-3.0.pom
#18 109.7 [INFO] Downloaded from central: https://repo.maven.apache.org/maven2/org/apache/maven/maven-compat/3.0/maven-compat-3.0.pom (4.0 kB at 22 kB/s)
#18 109.7 [INFO] Downloading from central: https://repo.maven.apache.org/maven2/org/apache/maven/wagon/wagon-provider-api/1.0-beta-6/wagon-provider-api-1.0-beta-6.pom
#18 109.9 [INFO] Downloaded from central: https://repo.maven.apache.org/maven2/org/apache/maven/wagon/wagon-provider-api/1.0-beta-6/wagon-provider-api-1.0-beta-6.pom (1.8 kB at 9.5 kB/s)
#18 109.9 [INFO] Downloading from central: https://repo.maven.apache.org/maven2/org/apache/maven/wagon/wagon/1.0-beta-6/wagon-1.0-beta-6.pom
#18 110.1 [INFO] Downloaded from central: https://repo.maven.apache.org/maven2/org/apache/maven/wagon/wagon/1.0-beta-6/wagon-1.0-beta-6.pom (12 kB at 66 kB/s)
#18 110.1 [INFO] Downloading from central: https://repo.maven.apache.org/maven2/org/apache/maven/maven-parent/11/maven-parent-11.pom
#18 110.3 [INFO] Downloaded from central: https://repo.maven.apache.org/maven2/org/apache/maven/maven-parent/11/maven-parent-11.pom (32 kB at 173 kB/s)
#18 110.3 [INFO] Downloading from central: https://repo.maven.apache.org/maven2/org/apache/apache/5/apache-5.pom
#18 110.5 [INFO] Downloaded from central: https://repo.maven.apache.org/maven2/org/apache/apache/5/apache-5.pom (4.1 kB at 22 kB/s)
#18 110.5 [INFO] Downloading from central: https://repo.maven.apache.org/maven2/org/codehaus/plexus/plexus-utils/1.4.2/plexus-utils-1.4.2.pom
#18 110.7 [INFO] Downloaded from central: https://repo.maven.apache.org/maven2/org/codehaus/plexus/plexus-utils/1.4.2/plexus-utils-1.4.2.pom (2.0 kB at 10 kB/s)
#18 110.7 [INFO] Downloading from central: https://repo.maven.apache.org/maven2/org/apache/maven/wagon/wagon-provider-api/2.10/wagon-provider-api-2.10.pom
#18 110.9 [INFO] Downloaded from central: https://repo.maven.apache.org/maven2/org/apache/maven/wagon/wagon-provider-api/2.10/wagon-provider-api-2.10.pom (1.7 kB at 8.4 kB/s)
#18 110.9 [INFO] Downloading from central: https://repo.maven.apache.org/maven2/org/apache/maven/wagon/wagon/2.10/wagon-2.10.pom
#18 111.1 [INFO] Downloaded from central: https://repo.maven.apache.org/maven2/org/apache/maven/wagon/wagon/2.10/wagon-2.10.pom (21 kB at 110 kB/s)
#18 111.1 [INFO] Downloading from central: https://repo.maven.apache.org/maven2/org/apache/maven/maven-parent/26/maven-parent-26.pom
#18 111.3 [INFO] Downloaded from central: https://repo.maven.apache.org/maven2/org/apache/maven/maven-parent/26/maven-parent-26.pom (40 kB at 203 kB/s)
#18 111.3 [INFO] Downloading from central: https://repo.maven.apache.org/maven2/org/apache/apache/16/apache-16.pom
#18 111.5 [INFO] Downloaded from central: https://repo.maven.apache.org/maven2/org/apache/apache/16/apache-16.pom (15 kB at 84 kB/s)
#18 111.5 [INFO] Downloading from central: https://repo.maven.apache.org/maven2/org/codehaus/plexus/plexus-utils/3.0.15/plexus-utils-3.0.15.pom
#18 111.6 [INFO] Downloaded from central: https://repo.maven.apache.org/maven2/org/codehaus/plexus/plexus-utils/3.0.15/plexus-utils-3.0.15.pom (3.1 kB at 17 kB/s)
#18 111.7 [INFO] Downloading from central: https://repo.maven.apache.org/maven2/org/apache/maven/shared/maven-shared-utils/3.0.0/maven-shared-utils-3.0.0.pom
#18 111.8 [INFO] Downloaded from central: https://repo.maven.apache.org/maven2/org/apache/maven/shared/maven-shared-utils/3.0.0/maven-shared-utils-3.0.0.pom (5.6 kB at 31 kB/s)
#18 111.8 [INFO] Downloading from central: https://repo.maven.apache.org/maven2/org/apache/maven/shared/maven-shared-components/21/maven-shared-components-21.pom
#18 112.0 [INFO] Downloaded from central: https://repo.maven.apache.org/maven2/org/apache/maven/shared/maven-shared-components/21/maven-shared-components-21.pom (5.1 kB at 27 kB/s)
#18 112.0 [INFO] Downloading from central: https://repo.maven.apache.org/maven2/org/apache/maven/maven-parent/25/maven-parent-25.pom
#18 112.2 [INFO] Downloaded from central: https://repo.maven.apache.org/maven2/org/apache/maven/maven-parent/25/maven-parent-25.pom (37 kB at 198 kB/s)
#18 112.2 [INFO] Downloading from central: https://repo.maven.apache.org/maven2/org/apache/apache/15/apache-15.pom
#18 112.4 [INFO] Downloaded from central: https://repo.maven.apache.org/maven2/org/apache/apache/15/apache-15.pom (15 kB at 82 kB/s)
#18 112.4 [INFO] Downloading from central: https://repo.maven.apache.org/maven2/commons-io/commons-io/2.4/commons-io-2.4.pom
#18 112.6 [INFO] Downloaded from central: https://repo.maven.apache.org/maven2/commons-io/commons-io/2.4/commons-io-2.4.pom (10 kB at 54 kB/s)
#18 112.6 [INFO] Downloading from central: https://repo.maven.apache.org/maven2/org/apache/commons/commons-parent/25/commons-parent-25.pom
#18 112.8 [INFO] Downloaded from central: https://repo.maven.apache.org/maven2/org/apache/commons/commons-parent/25/commons-parent-25.pom (48 kB at 244 kB/s)
#18 112.8 [INFO] Downloading from central: https://repo.maven.apache.org/maven2/org/apache/apache/9/apache-9.pom
#18 113.0 [INFO] Downloaded from central: https://repo.maven.apache.org/maven2/org/apache/apache/9/apache-9.pom (15 kB at 82 kB/s)
#18 113.0 [INFO] Downloading from central: https://repo.maven.apache.org/maven2/com/google/code/findbugs/jsr305/2.0.1/jsr305-2.0.1.pom
#18 113.2 [INFO] Downloaded from central: https://repo.maven.apache.org/maven2/com/google/code/findbugs/jsr305/2.0.1/jsr305-2.0.1.pom (965 B at 5.0 kB/s)
#18 113.2 [INFO] Downloading from central: https://repo.maven.apache.org/maven2/org/codehaus/plexus/plexus-utils/3.0.22/plexus-utils-3.0.22.pom
#18 113.4 [INFO] Downloaded from central: https://repo.maven.apache.org/maven2/org/codehaus/plexus/plexus-utils/3.0.22/plexus-utils-3.0.22.pom (3.8 kB at 21 kB/s)
#18 113.4 [INFO] Downloading from central: https://repo.maven.apache.org/maven2/org/apache/maven/maven-core/3.0/maven-core-3.0.jar
#18 113.7 [INFO] Downloaded from central: https://repo.maven.apache.org/maven2/org/apache/maven/maven-core/3.0/maven-core-3.0.jar (527 kB at 1.5 MB/s)
#18 113.7 [INFO] Downloading from central: https://repo.maven.apache.org/maven2/org/apache/maven/maven-model/3.0/maven-model-3.0.jar
#18 113.7 [INFO] Downloading from central: https://repo.maven.apache.org/maven2/org/apache/maven/maven-settings/3.0/maven-settings-3.0.jar
#18 113.7 [INFO] Downloading from central: https://repo.maven.apache.org/maven2/org/apache/maven/maven-settings-builder/3.0/maven-settings-builder-3.0.jar
#18 113.7 [INFO] Downloading from central: https://repo.maven.apache.org/maven2/org/apache/maven/maven-repository-metadata/3.0/maven-repository-metadata-3.0.jar
#18 113.7 [INFO] Downloading from central: https://repo.maven.apache.org/maven2/org/apache/maven/maven-artifact/3.0/maven-artifact-3.0.jar
#18 113.9 [INFO] Downloaded from central: https://repo.maven.apache.org/maven2/org/apache/maven/maven-artifact/3.0/maven-artifact-3.0.jar (52 kB at 300 kB/s)
#18 113.9 [INFO] Downloading from central: https://repo.maven.apache.org/maven2/org/apache/maven/maven-model-builder/3.0/maven-model-builder-3.0.jar
#18 113.9 [INFO] Downloaded from central: https://repo.maven.apache.org/maven2/org/apache/maven/maven-repository-metadata/3.0/maven-repository-metadata-3.0.jar (30 kB at 163 kB/s)
#18 113.9 [INFO] Downloading from central: https://repo.maven.apache.org/maven2/org/apache/maven/maven-aether-provider/3.0/maven-aether-provider-3.0.jar
#18 113.9 [INFO] Downloaded from central: https://repo.maven.apache.org/maven2/org/apache/maven/maven-settings/3.0/maven-settings-3.0.jar (47 kB at 221 kB/s)
#18 113.9 [INFO] Downloading from central: https://repo.maven.apache.org/maven2/org/sonatype/aether/aether-impl/1.7/aether-impl-1.7.jar
#18 114.0 [INFO] Downloaded from central: https://repo.maven.apache.org/maven2/org/apache/maven/maven-model/3.0/maven-model-3.0.jar (165 kB at 672 kB/s)
#18 114.0 [INFO] Downloading from central: https://repo.maven.apache.org/maven2/org/sonatype/aether/aether-spi/1.7/aether-spi-1.7.jar
#18 114.0 [INFO] Downloaded from central: https://repo.maven.apache.org/maven2/org/apache/maven/maven-settings-builder/3.0/maven-settings-builder-3.0.jar (38 kB at 144 kB/s)
#18 114.0 [INFO] Downloading from central: https://repo.maven.apache.org/maven2/org/sonatype/aether/aether-api/1.7/aether-api-1.7.jar
#18 114.1 [INFO] Downloaded from central: https://repo.maven.apache.org/maven2/org/apache/maven/maven-model-builder/3.0/maven-model-builder-3.0.jar (148 kB at 422 kB/s)
#18 114.1 [INFO] Downloading from central: https://repo.maven.apache.org/maven2/org/sonatype/aether/aether-util/1.7/aether-util-1.7.jar
#18 114.1 [INFO] Downloaded from central: https://repo.maven.apache.org/maven2/org/apache/maven/maven-aether-provider/3.0/maven-aether-provider-3.0.jar (51 kB at 140 kB/s)
#18 114.1 [INFO] Downloading from central: https://repo.maven.apache.org/maven2/org/sonatype/sisu/sisu-inject-plexus/1.4.2/sisu-inject-plexus-1.4.2.jar
#18 114.1 [INFO] Downloaded from central: https://repo.maven.apache.org/maven2/org/sonatype/aether/aether-spi/1.7/aether-spi-1.7.jar (14 kB at 32 kB/s)
#18 114.1 [INFO] Downloading from central: https://repo.maven.apache.org/maven2/org/sonatype/sisu/sisu-inject-bean/1.4.2/sisu-inject-bean-1.4.2.jar
#18 114.1 [INFO] Downloaded from central: https://repo.maven.apache.org/maven2/org/sonatype/aether/aether-impl/1.7/aether-impl-1.7.jar (106 kB at 247 kB/s)
#18 114.1 [INFO] Downloading from central: https://repo.maven.apache.org/maven2/org/sonatype/sisu/sisu-guice/2.1.7/sisu-guice-2.1.7-noaop.jar
#18 114.2 [INFO] Downloaded from central: https://repo.maven.apache.org/maven2/org/sonatype/aether/aether-util/1.7/aether-util-1.7.jar (108 kB at 205 kB/s)
#18 114.2 [INFO] Downloading from central: https://repo.maven.apache.org/maven2/org/codehaus/plexus/plexus-interpolation/1.14/plexus-interpolation-1.14.jar
#18 114.3 [INFO] Downloaded from central: https://repo.maven.apache.org/maven2/org/sonatype/sisu/sisu-inject-plexus/1.4.2/sisu-inject-plexus-1.4.2.jar (202 kB at 363 kB/s)
#18 114.3 [INFO] Downloading from central: https://repo.maven.apache.org/maven2/org/codehaus/plexus/plexus-classworlds/2.2.3/plexus-classworlds-2.2.3.jar
#18 114.3 [INFO] Downloaded from central: https://repo.maven.apache.org/maven2/org/sonatype/aether/aether-api/1.7/aether-api-1.7.jar (74 kB at 126 kB/s)
#18 114.3 [INFO] Downloading from central: https://repo.maven.apache.org/maven2/org/sonatype/plexus/plexus-sec-dispatcher/1.3/plexus-sec-dispatcher-1.3.jar
#18 114.4 [INFO] Downloaded from central: https://repo.maven.apache.org/maven2/org/sonatype/sisu/sisu-inject-bean/1.4.2/sisu-inject-bean-1.4.2.jar (153 kB at 225 kB/s)
#18 114.4 [INFO] Downloading from central: https://repo.maven.apache.org/maven2/org/sonatype/plexus/plexus-cipher/1.4/plexus-cipher-1.4.jar
#18 114.4 [INFO] Downloaded from central: https://repo.maven.apache.org/maven2/org/codehaus/plexus/plexus-interpolation/1.14/plexus-interpolation-1.14.jar (61 kB at 87 kB/s)
#18 114.4 [INFO] Downloading from central: https://repo.maven.apache.org/maven2/org/apache/maven/maven-plugin-api/3.0/maven-plugin-api-3.0.jar
#18 114.5 [INFO] Downloaded from central: https://repo.maven.apache.org/maven2/org/codehaus/plexus/plexus-classworlds/2.2.3/plexus-classworlds-2.2.3.jar (46 kB at 62 kB/s)
#18 114.5 [INFO] Downloading from central: https://repo.maven.apache.org/maven2/org/codehaus/plexus/plexus-utils/3.0.24/plexus-utils-3.0.24.jar
#18 114.5 [INFO] Downloaded from central: https://repo.maven.apache.org/maven2/org/sonatype/sisu/sisu-guice/2.1.7/sisu-guice-2.1.7-noaop.jar (472 kB at 630 kB/s)
#18 114.5 [INFO] Downloading from central: https://repo.maven.apache.org/maven2/org/apache-extras/beanshell/bsh/2.0b6/bsh-2.0b6.jar
#18 114.6 [INFO] Downloaded from central: https://repo.maven.apache.org/maven2/org/sonatype/plexus/plexus-sec-dispatcher/1.3/plexus-sec-dispatcher-1.3.jar (29 kB at 35 kB/s)
#18 114.6 [INFO] Downloading from central: https://repo.maven.apache.org/maven2/org/apache/maven/shared/file-management/3.0.0/file-management-3.0.0.jar
#18 114.6 [INFO] Downloaded from central: https://repo.maven.apache.org/maven2/org/apache/maven/maven-plugin-api/3.0/maven-plugin-api-3.0.jar (49 kB at 56 kB/s)
#18 114.6 [INFO] Downloading from central: https://repo.maven.apache.org/maven2/org/apache/maven/shared/maven-shared-io/3.0.0/maven-shared-io-3.0.0.jar
#18 114.6 [INFO] Downloaded from central: https://repo.maven.apache.org/maven2/org/sonatype/plexus/plexus-cipher/1.4/plexus-cipher-1.4.jar (13 kB at 15 kB/s)
#18 114.6 [INFO] Downloading from central: https://repo.maven.apache.org/maven2/org/apache/maven/maven-compat/3.0/maven-compat-3.0.jar
#18 114.6 [INFO] Downloaded from central: https://repo.maven.apache.org/maven2/org/codehaus/plexus/plexus-utils/3.0.24/plexus-utils-3.0.24.jar (247 kB at 267 kB/s)
#18 114.6 [INFO] Downloading from central: https://repo.maven.apache.org/maven2/org/apache/maven/wagon/wagon-provider-api/2.10/wagon-provider-api-2.10.jar
#18 114.8 [INFO] Downloaded from central: https://repo.maven.apache.org/maven2/org/apache-extras/beanshell/bsh/2.0b6/bsh-2.0b6.jar (389 kB at 374 kB/s)
#18 114.8 [INFO] Downloading from central: https://repo.maven.apache.org/maven2/org/apache/maven/shared/maven-shared-utils/3.0.0/maven-shared-utils-3.0.0.jar
#18 114.8 [INFO] Downloaded from central: https://repo.maven.apache.org/maven2/org/apache/maven/shared/maven-shared-io/3.0.0/maven-shared-io-3.0.0.jar (41 kB at 40 kB/s)
#18 114.8 [INFO] Downloading from central: https://repo.maven.apache.org/maven2/commons-io/commons-io/2.4/commons-io-2.4.jar
#18 114.8 [INFO] Downloaded from central: https://repo.maven.apache.org/maven2/org/apache/maven/shared/file-management/3.0.0/file-management-3.0.0.jar (35 kB at 33 kB/s)
#18 114.8 [INFO] Downloading from central: https://repo.maven.apache.org/maven2/com/google/code/findbugs/jsr305/2.0.1/jsr305-2.0.1.jar
#18 114.8 [INFO] Downloaded from central: https://repo.maven.apache.org/maven2/org/apache/maven/wagon/wagon-provider-api/2.10/wagon-provider-api-2.10.jar (54 kB at 48 kB/s)
#18 114.9 [INFO] Downloaded from central: https://repo.maven.apache.org/maven2/org/apache/maven/maven-compat/3.0/maven-compat-3.0.jar (285 kB at 244 kB/s)
#18 114.9 [INFO] Downloaded from central: https://repo.maven.apache.org/maven2/commons-io/commons-io/2.4/commons-io-2.4.jar (185 kB at 152 kB/s)
#18 115.0 [INFO] Downloaded from central: https://repo.maven.apache.org/maven2/org/apache/maven/shared/maven-shared-utils/3.0.0/maven-shared-utils-3.0.0.jar (155 kB at 123 kB/s)
#18 115.0 [INFO] Downloaded from central: https://repo.maven.apache.org/maven2/com/google/code/findbugs/jsr305/2.0.1/jsr305-2.0.1.jar (32 kB at 24 kB/s)
#18 115.1 [INFO] Source directory: /app/target/generated-sources/protobuf/java added.
#18 115.1 [INFO] Source directory: /app/target/generated-sources/protobuf/grpc-java added.
#18 115.1 [INFO] 
#18 115.1 [INFO] --- spring-boot:3.5.10:build-info (default) @ itinerary ---
#18 115.1 [INFO] Downloading from central: https://repo.maven.apache.org/maven2/org/springframework/boot/spring-boot-buildpack-platform/3.5.10/spring-boot-buildpack-platform-3.5.10.pom
#18 115.3 [INFO] Downloaded from central: https://repo.maven.apache.org/maven2/org/springframework/boot/spring-boot-buildpack-platform/3.5.10/spring-boot-buildpack-platform-3.5.10.pom (3.2 kB at 17 kB/s)
#18 115.3 [INFO] Downloading from central: https://repo.maven.apache.org/maven2/net/java/dev/jna/jna-platform/5.17.0/jna-platform-5.17.0.pom
#18 115.5 [INFO] Downloaded from central: https://repo.maven.apache.org/maven2/net/java/dev/jna/jna-platform/5.17.0/jna-platform-5.17.0.pom (2.3 kB at 12 kB/s)
#18 115.5 [INFO] Downloading from central: https://repo.maven.apache.org/maven2/net/java/dev/jna/jna/5.17.0/jna-5.17.0.pom
#18 115.7 [INFO] Downloaded from central: https://repo.maven.apache.org/maven2/net/java/dev/jna/jna/5.17.0/jna-5.17.0.pom (2.0 kB at 11 kB/s)
#18 115.7 [INFO] Downloading from central: https://repo.maven.apache.org/maven2/org/apache/commons/commons-compress/1.27.1/commons-compress-1.27.1.pom
#18 115.9 [INFO] Downloaded from central: https://repo.maven.apache.org/maven2/org/apache/commons/commons-compress/1.27.1/commons-compress-1.27.1.pom (23 kB at 120 kB/s)
#18 115.9 [INFO] Downloading from central: https://repo.maven.apache.org/maven2/org/apache/commons/commons-parent/72/commons-parent-72.pom
#18 116.1 [INFO] Downloaded from central: https://repo.maven.apache.org/maven2/org/apache/commons/commons-parent/72/commons-parent-72.pom (78 kB at 363 kB/s)
#18 116.1 [INFO] Downloading from central: https://repo.maven.apache.org/maven2/org/junit/junit-bom/5.11.0-M2/junit-bom-5.11.0-M2.pom
#18 116.3 [INFO] Downloaded from central: https://repo.maven.apache.org/maven2/org/junit/junit-bom/5.11.0-M2/junit-bom-5.11.0-M2.pom (5.7 kB at 30 kB/s)
#18 116.3 [INFO] Downloading from central: https://repo.maven.apache.org/maven2/commons-codec/commons-codec/1.17.1/commons-codec-1.17.1.pom
#18 116.5 [INFO] Downloaded from central: https://repo.maven.apache.org/maven2/commons-codec/commons-codec/1.17.1/commons-codec-1.17.1.pom (18 kB at 92 kB/s)
#18 116.5 [INFO] Downloading from central: https://repo.maven.apache.org/maven2/org/apache/commons/commons-parent/71/commons-parent-71.pom
#18 116.7 [INFO] Downloaded from central: https://repo.maven.apache.org/maven2/org/apache/commons/commons-parent/71/commons-parent-71.pom (78 kB at 362 kB/s)
#18 116.7 [INFO] Downloading from central: https://repo.maven.apache.org/maven2/commons-io/commons-io/2.16.1/commons-io-2.16.1.pom
#18 116.9 [INFO] Downloaded from central: https://repo.maven.apache.org/maven2/commons-io/commons-io/2.16.1/commons-io-2.16.1.pom (20 kB at 100 kB/s)
#18 116.9 [INFO] Downloading from central: https://repo.maven.apache.org/maven2/org/apache/commons/commons-parent/69/commons-parent-69.pom
#18 117.1 [INFO] Downloaded from central: https://repo.maven.apache.org/maven2/org/apache/commons/commons-parent/69/commons-parent-69.pom (77 kB at 347 kB/s)
#18 117.1 [INFO] Downloading from central: https://repo.maven.apache.org/maven2/org/apache/apache/31/apache-31.pom
#18 117.3 [INFO] Downloaded from central: https://repo.maven.apache.org/maven2/org/apache/apache/31/apache-31.pom (24 kB at 122 kB/s)
#18 117.3 [INFO] Downloading from central: https://repo.maven.apache.org/maven2/org/apache/commons/commons-lang3/3.16.0/commons-lang3-3.16.0.pom
#18 117.5 [INFO] Downloaded from central: https://repo.maven.apache.org/maven2/org/apache/commons/commons-lang3/3.16.0/commons-lang3-3.16.0.pom (31 kB at 158 kB/s)
#18 117.5 [INFO] Downloading from central: https://repo.maven.apache.org/maven2/org/slf4j/slf4j-api/1.7.36/slf4j-api-1.7.36.pom
#18 117.7 [INFO] Downloaded from central: https://repo.maven.apache.org/maven2/org/slf4j/slf4j-api/1.7.36/slf4j-api-1.7.36.pom (2.7 kB at 15 kB/s)
#18 117.7 [INFO] Downloading from central: https://repo.maven.apache.org/maven2/org/slf4j/slf4j-parent/1.7.36/slf4j-parent-1.7.36.pom
#18 117.9 [INFO] Downloaded from central: https://repo.maven.apache.org/maven2/org/slf4j/slf4j-parent/1.7.36/slf4j-parent-1.7.36.pom (14 kB at 77 kB/s)
#18 117.9 [INFO] Downloading from central: https://repo.maven.apache.org/maven2/org/tomlj/tomlj/1.0.0/tomlj-1.0.0.pom
#18 118.1 [INFO] Downloaded from central: https://repo.maven.apache.org/maven2/org/tomlj/tomlj/1.0.0/tomlj-1.0.0.pom (2.8 kB at 14 kB/s)
#18 118.1 [INFO] Downloading from central: https://repo.maven.apache.org/maven2/org/antlr/antlr4-runtime/4.7.2/antlr4-runtime-4.7.2.pom
#18 118.3 [INFO] Downloaded from central: https://repo.maven.apache.org/maven2/org/antlr/antlr4-runtime/4.7.2/antlr4-runtime-4.7.2.pom (3.6 kB at 18 kB/s)
#18 118.3 [INFO] Downloading from central: https://repo.maven.apache.org/maven2/org/antlr/antlr4-master/4.7.2/antlr4-master-4.7.2.pom
#18 118.5 [INFO] Downloaded from central: https://repo.maven.apache.org/maven2/org/antlr/antlr4-master/4.7.2/antlr4-master-4.7.2.pom (4.4 kB at 24 kB/s)
#18 118.5 [INFO] Downloading from central: https://repo.maven.apache.org/maven2/org/springframework/boot/spring-boot-loader-tools/3.5.10/spring-boot-loader-tools-3.5.10.pom
#18 118.7 [INFO] Downloaded from central: https://repo.maven.apache.org/maven2/org/springframework/boot/spring-boot-loader-tools/3.5.10/spring-boot-loader-tools-3.5.10.pom (2.2 kB at 11 kB/s)
#18 118.7 [INFO] Downloading from central: https://repo.maven.apache.org/maven2/org/apache/maven/shared/maven-common-artifact-filters/3.4.0/maven-common-artifact-filters-3.4.0.pom
#18 118.9 [INFO] Downloaded from central: https://repo.maven.apache.org/maven2/org/apache/maven/shared/maven-common-artifact-filters/3.4.0/maven-common-artifact-filters-3.4.0.pom (5.4 kB at 27 kB/s)
#18 118.9 [INFO] Downloading from central: https://repo.maven.apache.org/maven2/org/apache/maven/shared/maven-shared-components/42/maven-shared-components-42.pom
#18 119.1 [INFO] Downloaded from central: https://repo.maven.apache.org/maven2/org/apache/maven/shared/maven-shared-components/42/maven-shared-components-42.pom (3.8 kB at 20 kB/s)
#18 119.1 [INFO] Downloading from central: https://repo.maven.apache.org/maven2/org/apache/maven/resolver/maven-resolver-util/1.4.1/maven-resolver-util-1.4.1.pom
#18 119.3 [INFO] Downloaded from central: https://repo.maven.apache.org/maven2/org/apache/maven/resolver/maven-resolver-util/1.4.1/maven-resolver-util-1.4.1.pom (2.8 kB at 15 kB/s)
#18 119.3 [INFO] Downloading from central: https://repo.maven.apache.org/maven2/org/apache/maven/resolver/maven-resolver/1.4.1/maven-resolver-1.4.1.pom
#18 119.5 [INFO] Downloaded from central: https://repo.maven.apache.org/maven2/org/apache/maven/resolver/maven-resolver/1.4.1/maven-resolver-1.4.1.pom (18 kB at 94 kB/s)
#18 119.5 [INFO] Downloading from central: https://repo.maven.apache.org/maven2/org/apache/maven/maven-parent/33/maven-parent-33.pom
#18 119.7 [INFO] Downloaded from central: https://repo.maven.apache.org/maven2/org/apache/maven/maven-parent/33/maven-parent-33.pom (44 kB at 216 kB/s)
#18 119.7 [INFO] Downloading from central: https://repo.maven.apache.org/maven2/org/apache/apache/21/apache-21.pom
#18 119.9 [INFO] Downloaded from central: https://repo.maven.apache.org/maven2/org/apache/apache/21/apache-21.pom (17 kB at 90 kB/s)
#18 119.9 [INFO] Downloading from central: https://repo.maven.apache.org/maven2/org/apache/maven/resolver/maven-resolver-api/1.4.1/maven-resolver-api-1.4.1.pom
#18 120.1 [INFO] Downloaded from central: https://repo.maven.apache.org/maven2/org/apache/maven/resolver/maven-resolver-api/1.4.1/maven-resolver-api-1.4.1.pom (2.6 kB at 13 kB/s)
#18 120.1 [INFO] Downloading from central: https://repo.maven.apache.org/maven2/org/sonatype/plexus/plexus-build-api/0.0.7/plexus-build-api-0.0.7.pom
#18 120.3 [INFO] Downloaded from central: https://repo.maven.apache.org/maven2/org/sonatype/plexus/plexus-build-api/0.0.7/plexus-build-api-0.0.7.pom (3.2 kB at 17 kB/s)
#18 120.3 [INFO] Downloading from central: https://repo.maven.apache.org/maven2/org/sonatype/spice/spice-parent/15/spice-parent-15.pom
#18 120.4 [INFO] Downloaded from central: https://repo.maven.apache.org/maven2/org/sonatype/spice/spice-parent/15/spice-parent-15.pom (8.4 kB at 44 kB/s)
#18 120.4 [INFO] Downloading from central: https://repo.maven.apache.org/maven2/org/sonatype/forge/forge-parent/5/forge-parent-5.pom
#18 120.6 [INFO] Downloaded from central: https://repo.maven.apache.org/maven2/org/sonatype/forge/forge-parent/5/forge-parent-5.pom (8.4 kB at 42 kB/s)
#18 120.6 [INFO] Downloading from central: https://repo.maven.apache.org/maven2/io/micrometer/micrometer-observation/1.14.14/micrometer-observation-1.14.14.pom
#18 120.8 [INFO] Downloaded from central: https://repo.maven.apache.org/maven2/io/micrometer/micrometer-observation/1.14.14/micrometer-observation-1.14.14.pom (3.8 kB at 20 kB/s)
#18 120.8 [INFO] Downloading from central: https://repo.maven.apache.org/maven2/io/micrometer/micrometer-commons/1.14.14/micrometer-commons-1.14.14.pom
#18 121.0 [INFO] Downloaded from central: https://repo.maven.apache.org/maven2/io/micrometer/micrometer-commons/1.14.14/micrometer-commons-1.14.14.pom (3.4 kB at 18 kB/s)
#18 121.0 [INFO] Downloading from central: https://repo.maven.apache.org/maven2/org/apache/maven/plugins/maven-shade-plugin/3.6.0/maven-shade-plugin-3.6.0.pom
#18 121.2 [INFO] Downloaded from central: https://repo.maven.apache.org/maven2/org/apache/maven/plugins/maven-shade-plugin/3.6.0/maven-shade-plugin-3.6.0.pom (12 kB at 60 kB/s)
#18 121.2 [INFO] Downloading from central: https://repo.maven.apache.org/maven2/org/codehaus/plexus/plexus-utils/3.5.1/plexus-utils-3.5.1.pom
#18 121.4 [INFO] Downloaded from central: https://repo.maven.apache.org/maven2/org/codehaus/plexus/plexus-utils/3.5.1/plexus-utils-3.5.1.pom (8.8 kB at 47 kB/s)
#18 121.4 [INFO] Downloading from central: https://repo.maven.apache.org/maven2/org/codehaus/plexus/plexus/10/plexus-10.pom
#18 121.6 [INFO] Downloaded from central: https://repo.maven.apache.org/maven2/org/codehaus/plexus/plexus/10/plexus-10.pom (25 kB at 134 kB/s)
#18 121.6 [INFO] Downloading from central: https://repo.maven.apache.org/maven2/org/ow2/asm/asm/9.7/asm-9.7.pom
#18 121.8 [INFO] Downloaded from central: https://repo.maven.apache.org/maven2/org/ow2/asm/asm/9.7/asm-9.7.pom (2.4 kB at 13 kB/s)
#18 121.8 [INFO] Downloading from central: https://repo.maven.apache.org/maven2/org/ow2/asm/asm-commons/9.7/asm-commons-9.7.pom
#18 122.0 [INFO] Downloaded from central: https://repo.maven.apache.org/maven2/org/ow2/asm/asm-commons/9.7/asm-commons-9.7.pom (2.8 kB at 15 kB/s)
#18 122.0 [INFO] Downloading from central: https://repo.maven.apache.org/maven2/org/ow2/asm/asm-tree/9.7/asm-tree-9.7.pom
#18 122.2 [INFO] Downloaded from central: https://repo.maven.apache.org/maven2/org/ow2/asm/asm-tree/9.7/asm-tree-9.7.pom (2.6 kB at 14 kB/s)
#18 122.2 [INFO] Downloading from central: https://repo.maven.apache.org/maven2/org/jdom/jdom2/2.0.6.1/jdom2-2.0.6.1.pom
#18 122.3 [INFO] Downloaded from central: https://repo.maven.apache.org/maven2/org/jdom/jdom2/2.0.6.1/jdom2-2.0.6.1.pom (4.6 kB at 24 kB/s)
#18 122.4 [INFO] Downloading from central: https://repo.maven.apache.org/maven2/org/apache/commons/commons-compress/1.26.2/commons-compress-1.26.2.pom
#18 122.5 [INFO] Downloaded from central: https://repo.maven.apache.org/maven2/org/apache/commons/commons-compress/1.26.2/commons-compress-1.26.2.pom (23 kB at 118 kB/s)
#18 122.6 [INFO] Downloading from central: https://repo.maven.apache.org/maven2/commons-codec/commons-codec/1.17.0/commons-codec-1.17.0.pom
#18 122.7 [INFO] Downloaded from central: https://repo.maven.apache.org/maven2/commons-codec/commons-codec/1.17.0/commons-codec-1.17.0.pom (18 kB at 95 kB/s)
#18 122.7 [INFO] Downloading from central: https://repo.maven.apache.org/maven2/org/apache/commons/commons-lang3/3.14.0/commons-lang3-3.14.0.pom
#18 122.9 [INFO] Downloaded from central: https://repo.maven.apache.org/maven2/org/apache/commons/commons-lang3/3.14.0/commons-lang3-3.14.0.pom (31 kB at 162 kB/s)
#18 122.9 [INFO] Downloading from central: https://repo.maven.apache.org/maven2/org/apache/commons/commons-parent/64/commons-parent-64.pom
#18 123.1 [INFO] Downloaded from central: https://repo.maven.apache.org/maven2/org/apache/commons/commons-parent/64/commons-parent-64.pom (78 kB at 373 kB/s)
#18 123.2 [INFO] Downloading from central: https://repo.maven.apache.org/maven2/org/junit/junit-bom/5.10.0/junit-bom-5.10.0.pom
#18 123.3 [INFO] Downloaded from central: https://repo.maven.apache.org/maven2/org/junit/junit-bom/5.10.0/junit-bom-5.10.0.pom (5.6 kB at 31 kB/s)
#18 123.3 [INFO] Downloading from central: https://repo.maven.apache.org/maven2/org/vafer/jdependency/2.10/jdependency-2.10.pom
#18 123.5 [INFO] Downloaded from central: https://repo.maven.apache.org/maven2/org/vafer/jdependency/2.10/jdependency-2.10.pom (14 kB at 72 kB/s)
#18 123.5 [INFO] Downloading from central: https://repo.maven.apache.org/maven2/org/springframework/boot/spring-boot-buildpack-platform/3.5.10/spring-boot-buildpack-platform-3.5.10.jar
#18 124.2 [INFO] Downloaded from central: https://repo.maven.apache.org/maven2/org/springframework/boot/spring-boot-buildpack-platform/3.5.10/spring-boot-buildpack-platform-3.5.10.jar (321 kB at 469 kB/s)
#18 124.2 [INFO] Downloading from central: https://repo.maven.apache.org/maven2/net/java/dev/jna/jna-platform/5.17.0/jna-platform-5.17.0.jar
#18 124.2 [INFO] Downloading from central: https://repo.maven.apache.org/maven2/net/java/dev/jna/jna/5.17.0/jna-5.17.0.jar
#18 124.2 [INFO] Downloading from central: https://repo.maven.apache.org/maven2/org/apache/commons/commons-compress/1.27.1/commons-compress-1.27.1.jar
#18 124.2 [INFO] Downloading from central: https://repo.maven.apache.org/maven2/commons-codec/commons-codec/1.17.1/commons-codec-1.17.1.jar
#18 124.2 [INFO] Downloading from central: https://repo.maven.apache.org/maven2/org/apache/commons/commons-lang3/3.16.0/commons-lang3-3.16.0.jar
#18 124.4 [INFO] Downloaded from central: https://repo.maven.apache.org/maven2/org/apache/commons/commons-lang3/3.16.0/commons-lang3-3.16.0.jar (674 kB at 3.1 MB/s)
#18 124.4 [INFO] Downloading from central: https://repo.maven.apache.org/maven2/org/tomlj/tomlj/1.0.0/tomlj-1.0.0.jar
#18 124.4 [INFO] Downloaded from central: https://repo.maven.apache.org/maven2/org/apache/commons/commons-compress/1.27.1/commons-compress-1.27.1.jar (1.1 MB at 4.9 MB/s)
#18 124.4 [INFO] Downloading from central: https://repo.maven.apache.org/maven2/org/antlr/antlr4-runtime/4.7.2/antlr4-runtime-4.7.2.jar
#18 124.5 [INFO] Downloaded from central: https://repo.maven.apache.org/maven2/commons-codec/commons-codec/1.17.1/commons-codec-1.17.1.jar (373 kB at 1.2 MB/s)
#18 124.5 [INFO] Downloading from central: https://repo.maven.apache.org/maven2/org/springframework/boot/spring-boot-loader-tools/3.5.10/spring-boot-loader-tools-3.5.10.jar
#18 124.6 [INFO] Downloaded from central: https://repo.maven.apache.org/maven2/org/tomlj/tomlj/1.0.0/tomlj-1.0.0.jar (157 kB at 389 kB/s)
#18 124.6 [INFO] Downloading from central: https://repo.maven.apache.org/maven2/org/apache/maven/shared/maven-common-artifact-filters/3.4.0/maven-common-artifact-filters-3.4.0.jar
#18 124.6 [INFO] Downloaded from central: https://repo.maven.apache.org/maven2/org/antlr/antlr4-runtime/4.7.2/antlr4-runtime-4.7.2.jar (338 kB at 830 kB/s)
#18 124.6 [INFO] Downloading from central: https://repo.maven.apache.org/maven2/org/slf4j/slf4j-api/1.7.36/slf4j-api-1.7.36.jar
#18 124.8 [INFO] Downloaded from central: https://repo.maven.apache.org/maven2/org/slf4j/slf4j-api/1.7.36/slf4j-api-1.7.36.jar (41 kB at 71 kB/s)
#18 124.8 [INFO] Downloading from central: https://repo.maven.apache.org/maven2/org/apache/maven/resolver/maven-resolver-util/1.4.1/maven-resolver-util-1.4.1.jar
#18 124.8 [INFO] Downloaded from central: https://repo.maven.apache.org/maven2/org/apache/maven/shared/maven-common-artifact-filters/3.4.0/maven-common-artifact-filters-3.4.0.jar (58 kB at 99 kB/s)
#18 124.8 [INFO] Downloading from central: https://repo.maven.apache.org/maven2/org/apache/maven/resolver/maven-resolver-api/1.4.1/maven-resolver-api-1.4.1.jar
#18 124.8 [INFO] Downloaded from central: https://repo.maven.apache.org/maven2/net/java/dev/jna/jna/5.17.0/jna-5.17.0.jar (2.0 MB at 3.2 MB/s)
#18 124.8 [INFO] Downloading from central: https://repo.maven.apache.org/maven2/org/sonatype/plexus/plexus-build-api/0.0.7/plexus-build-api-0.0.7.jar
#18 124.9 [INFO] Downloaded from central: https://repo.maven.apache.org/maven2/org/springframework/boot/spring-boot-loader-tools/3.5.10/spring-boot-loader-tools-3.5.10.jar (455 kB at 721 kB/s)
#18 124.9 [INFO] Downloading from central: https://repo.maven.apache.org/maven2/io/micrometer/micrometer-observation/1.14.14/micrometer-observation-1.14.14.jar
#18 125.0 [INFO] Downloaded from central: https://repo.maven.apache.org/maven2/org/apache/maven/resolver/maven-resolver-util/1.4.1/maven-resolver-util-1.4.1.jar (168 kB at 222 kB/s)
#18 125.0 [INFO] Downloading from central: https://repo.maven.apache.org/maven2/io/micrometer/micrometer-commons/1.14.14/micrometer-commons-1.14.14.jar
#18 125.0 [INFO] Downloaded from central: https://repo.maven.apache.org/maven2/org/apache/maven/resolver/maven-resolver-api/1.4.1/maven-resolver-api-1.4.1.jar (149 kB at 192 kB/s)
#18 125.0 [INFO] Downloading from central: https://repo.maven.apache.org/maven2/org/apache/maven/plugins/maven-shade-plugin/3.6.0/maven-shade-plugin-3.6.0.jar
#18 125.1 [INFO] Downloaded from central: https://repo.maven.apache.org/maven2/org/sonatype/plexus/plexus-build-api/0.0.7/plexus-build-api-0.0.7.jar (8.5 kB at 10 kB/s)
#18 125.1 [INFO] Downloading from central: https://repo.maven.apache.org/maven2/org/codehaus/plexus/plexus-utils/3.5.1/plexus-utils-3.5.1.jar
#18 125.1 [INFO] Downloaded from central: https://repo.maven.apache.org/maven2/io/micrometer/micrometer-observation/1.14.14/micrometer-observation-1.14.14.jar (75 kB at 89 kB/s)
#18 125.1 [INFO] Downloading from central: https://repo.maven.apache.org/maven2/org/ow2/asm/asm/9.7/asm-9.7.jar
#18 125.2 [INFO] Downloaded from central: https://repo.maven.apache.org/maven2/io/micrometer/micrometer-commons/1.14.14/micrometer-commons-1.14.14.jar (48 kB at 52 kB/s)
#18 125.2 [INFO] Downloading from central: https://repo.maven.apache.org/maven2/org/ow2/asm/asm-commons/9.7/asm-commons-9.7.jar
#18 125.2 [INFO] Downloaded from central: https://repo.maven.apache.org/maven2/org/apache/maven/plugins/maven-shade-plugin/3.6.0/maven-shade-plugin-3.6.0.jar (150 kB at 155 kB/s)
#18 125.2 [INFO] Downloading from central: https://repo.maven.apache.org/maven2/org/ow2/asm/asm-tree/9.7/asm-tree-9.7.jar
#18 125.3 [INFO] Downloaded from central: https://repo.maven.apache.org/maven2/org/codehaus/plexus/plexus-utils/3.5.1/plexus-utils-3.5.1.jar (269 kB at 252 kB/s)
#18 125.3 [INFO] Downloading from central: https://repo.maven.apache.org/maven2/org/jdom/jdom2/2.0.6.1/jdom2-2.0.6.1.jar
#18 125.3 [INFO] Downloaded from central: https://repo.maven.apache.org/maven2/org/ow2/asm/asm/9.7/asm-9.7.jar (125 kB at 116 kB/s)
#18 125.3 [INFO] Downloading from central: https://repo.maven.apache.org/maven2/commons-io/commons-io/2.16.1/commons-io-2.16.1.jar
#18 125.3 [INFO] Downloaded from central: https://repo.maven.apache.org/maven2/org/ow2/asm/asm-commons/9.7/asm-commons-9.7.jar (73 kB at 67 kB/s)
#18 125.3 [INFO] Downloading from central: https://repo.maven.apache.org/maven2/org/vafer/jdependency/2.10/jdependency-2.10.jar
#18 125.4 [INFO] Downloaded from central: https://repo.maven.apache.org/maven2/org/ow2/asm/asm-tree/9.7/asm-tree-9.7.jar (52 kB at 45 kB/s)
#18 125.5 [INFO] Downloaded from central: https://repo.maven.apache.org/maven2/org/vafer/jdependency/2.10/jdependency-2.10.jar (416 kB at 322 kB/s)
#18 125.5 [INFO] Downloaded from central: https://repo.maven.apache.org/maven2/org/jdom/jdom2/2.0.6.1/jdom2-2.0.6.1.jar (328 kB at 250 kB/s)
#18 125.6 [INFO] Downloaded from central: https://repo.maven.apache.org/maven2/commons-io/commons-io/2.16.1/commons-io-2.16.1.jar (509 kB at 359 kB/s)
#18 125.8 [INFO] Downloaded from central: https://repo.maven.apache.org/maven2/net/java/dev/jna/jna-platform/5.17.0/jna-platform-5.17.0.jar (1.4 MB at 870 kB/s)
#18 125.9 [INFO] 
#18 125.9 [INFO] --- resources:3.3.1:resources (default-resources) @ itinerary ---
#18 125.9 [INFO] Downloading from central: https://repo.maven.apache.org/maven2/org/codehaus/plexus/plexus-interpolation/1.26/plexus-interpolation-1.26.pom
#18 126.1 [INFO] Downloaded from central: https://repo.maven.apache.org/maven2/org/codehaus/plexus/plexus-interpolation/1.26/plexus-interpolation-1.26.pom (2.7 kB at 14 kB/s)
#18 126.1 [INFO] Downloading from central: https://repo.maven.apache.org/maven2/org/apache/maven/shared/maven-filtering/3.3.1/maven-filtering-3.3.1.pom
#18 126.3 [INFO] Downloaded from central: https://repo.maven.apache.org/maven2/org/apache/maven/shared/maven-filtering/3.3.1/maven-filtering-3.3.1.pom (6.0 kB at 29 kB/s)
#18 126.3 [INFO] Downloading from central: https://repo.maven.apache.org/maven2/org/apache/maven/shared/maven-shared-components/39/maven-shared-components-39.pom
#18 126.5 [INFO] Downloaded from central: https://repo.maven.apache.org/maven2/org/apache/maven/shared/maven-shared-components/39/maven-shared-components-39.pom (3.2 kB at 16 kB/s)
#18 126.5 [INFO] Downloading from central: https://repo.maven.apache.org/maven2/org/codehaus/plexus/plexus-utils/3.5.0/plexus-utils-3.5.0.pom
#18 126.7 [INFO] Downloaded from central: https://repo.maven.apache.org/maven2/org/codehaus/plexus/plexus-utils/3.5.0/plexus-utils-3.5.0.pom (8.0 kB at 43 kB/s)
#18 126.7 [INFO] Downloading from central: https://repo.maven.apache.org/maven2/commons-io/commons-io/2.11.0/commons-io-2.11.0.pom
#18 126.9 [INFO] Downloaded from central: https://repo.maven.apache.org/maven2/commons-io/commons-io/2.11.0/commons-io-2.11.0.pom (20 kB at 104 kB/s)
#18 126.9 [INFO] Downloading from central: https://repo.maven.apache.org/maven2/org/apache/commons/commons-parent/52/commons-parent-52.pom
#18 127.1 [INFO] Downloaded from central: https://repo.maven.apache.org/maven2/org/apache/commons/commons-parent/52/commons-parent-52.pom (79 kB at 394 kB/s)
#18 127.1 [INFO] Downloading from central: https://repo.maven.apache.org/maven2/org/junit/junit-bom/5.7.2/junit-bom-5.7.2.pom
#18 127.3 [INFO] Downloaded from central: https://repo.maven.apache.org/maven2/org/junit/junit-bom/5.7.2/junit-bom-5.7.2.pom (5.1 kB at 27 kB/s)
#18 127.3 [INFO] Downloading from central: https://repo.maven.apache.org/maven2/org/apache/commons/commons-lang3/3.12.0/commons-lang3-3.12.0.pom
#18 127.5 [INFO] Downloaded from central: https://repo.maven.apache.org/maven2/org/apache/commons/commons-lang3/3.12.0/commons-lang3-3.12.0.pom (31 kB at 166 kB/s)
#18 127.5 [INFO] Downloading from central: https://repo.maven.apache.org/maven2/org/junit/junit-bom/5.7.1/junit-bom-5.7.1.pom
#18 127.7 [INFO] Downloaded from central: https://repo.maven.apache.org/maven2/org/junit/junit-bom/5.7.1/junit-bom-5.7.1.pom (5.1 kB at 25 kB/s)
#18 127.7 [INFO] Downloading from central: https://repo.maven.apache.org/maven2/org/codehaus/plexus/plexus-interpolation/1.26/plexus-interpolation-1.26.jar
#18 127.9 [INFO] Downloaded from central: https://repo.maven.apache.org/maven2/org/codehaus/plexus/plexus-interpolation/1.26/plexus-interpolation-1.26.jar (85 kB at 373 kB/s)
#18 127.9 [INFO] Downloading from central: https://repo.maven.apache.org/maven2/org/apache/maven/shared/maven-filtering/3.3.1/maven-filtering-3.3.1.jar
#18 127.9 [INFO] Downloading from central: https://repo.maven.apache.org/maven2/commons-io/commons-io/2.11.0/commons-io-2.11.0.jar
#18 127.9 [INFO] Downloading from central: https://repo.maven.apache.org/maven2/org/apache/commons/commons-lang3/3.12.0/commons-lang3-3.12.0.jar
#18 128.1 [INFO] Downloaded from central: https://repo.maven.apache.org/maven2/org/apache/maven/shared/maven-filtering/3.3.1/maven-filtering-3.3.1.jar (55 kB at 257 kB/s)
#18 128.2 [INFO] Downloaded from central: https://repo.maven.apache.org/maven2/commons-io/commons-io/2.11.0/commons-io-2.11.0.jar (327 kB at 1.1 MB/s)
#18 128.2 [INFO] Downloaded from central: https://repo.maven.apache.org/maven2/org/apache/commons/commons-lang3/3.12.0/commons-lang3-3.12.0.jar (587 kB at 2.0 MB/s)
#18 128.3 [INFO] Copying 1 resource from src/main/resources to target/classes
#18 128.3 [INFO] Copying 0 resource from src/main/resources to target/classes
#18 128.3 [INFO] 
#18 128.3 [INFO] --- compiler:3.11.0:compile (default-compile) @ itinerary ---
#18 128.3 [INFO] Downloading from central: https://repo.maven.apache.org/maven2/org/apache/maven/shared/maven-shared-utils/3.3.4/maven-shared-utils-3.3.4.pom
#18 128.5 [INFO] Downloaded from central: https://repo.maven.apache.org/maven2/org/apache/maven/shared/maven-shared-utils/3.3.4/maven-shared-utils-3.3.4.pom (5.8 kB at 32 kB/s)
#18 128.5 [INFO] Downloading from central: https://repo.maven.apache.org/maven2/org/apache/maven/shared/maven-shared-components/34/maven-shared-components-34.pom
#18 128.7 [INFO] Downloaded from central: https://repo.maven.apache.org/maven2/org/apache/maven/shared/maven-shared-components/34/maven-shared-components-34.pom (5.1 kB at 23 kB/s)
#18 128.7 [INFO] Downloading from central: https://repo.maven.apache.org/maven2/commons-io/commons-io/2.6/commons-io-2.6.pom
#18 128.9 [INFO] Downloaded from central: https://repo.maven.apache.org/maven2/commons-io/commons-io/2.6/commons-io-2.6.pom (14 kB at 74 kB/s)
#18 128.9 [INFO] Downloading from central: https://repo.maven.apache.org/maven2/org/apache/commons/commons-parent/42/commons-parent-42.pom
#18 129.1 [INFO] Downloaded from central: https://repo.maven.apache.org/maven2/org/apache/commons/commons-parent/42/commons-parent-42.pom (68 kB at 340 kB/s)
#18 129.1 [INFO] Downloading from central: https://repo.maven.apache.org/maven2/org/apache/maven/shared/maven-shared-incremental/1.1/maven-shared-incremental-1.1.pom
#18 129.3 [INFO] Downloaded from central: https://repo.maven.apache.org/maven2/org/apache/maven/shared/maven-shared-incremental/1.1/maven-shared-incremental-1.1.pom (4.7 kB at 22 kB/s)
#18 129.3 [INFO] Downloading from central: https://repo.maven.apache.org/maven2/org/apache/maven/shared/maven-shared-components/19/maven-shared-components-19.pom
#18 129.5 [INFO] Downloaded from central: https://repo.maven.apache.org/maven2/org/apache/maven/shared/maven-shared-components/19/maven-shared-components-19.pom (6.4 kB at 33 kB/s)
#18 129.5 [INFO] Downloading from central: https://repo.maven.apache.org/maven2/org/apache/maven/maven-parent/23/maven-parent-23.pom
#18 129.7 [INFO] Downloaded from central: https://repo.maven.apache.org/maven2/org/apache/maven/maven-parent/23/maven-parent-23.pom (33 kB at 170 kB/s)
#18 129.7 [INFO] Downloading from central: https://repo.maven.apache.org/maven2/org/apache/apache/13/apache-13.pom
#18 129.9 [INFO] Downloaded from central: https://repo.maven.apache.org/maven2/org/apache/apache/13/apache-13.pom (14 kB at 78 kB/s)
#18 129.9 [INFO] Downloading from central: https://repo.maven.apache.org/maven2/org/codehaus/plexus/plexus-java/1.1.2/plexus-java-1.1.2.pom
#18 130.1 [INFO] Downloaded from central: https://repo.maven.apache.org/maven2/org/codehaus/plexus/plexus-java/1.1.2/plexus-java-1.1.2.pom (5.0 kB at 23 kB/s)
#18 130.1 [INFO] Downloading from central: https://repo.maven.apache.org/maven2/org/codehaus/plexus/plexus-languages/1.1.2/plexus-languages-1.1.2.pom
#18 130.3 [INFO] Downloaded from central: https://repo.maven.apache.org/maven2/org/codehaus/plexus/plexus-languages/1.1.2/plexus-languages-1.1.2.pom (4.1 kB at 19 kB/s)
#18 130.3 [INFO] Downloading from central: https://repo.maven.apache.org/maven2/org/ow2/asm/asm/9.4/asm-9.4.pom
#18 130.5 [INFO] Downloaded from central: https://repo.maven.apache.org/maven2/org/ow2/asm/asm/9.4/asm-9.4.pom (2.4 kB at 11 kB/s)
#18 130.5 [INFO] Downloading from central: https://repo.maven.apache.org/maven2/com/thoughtworks/qdox/qdox/2.0.3/qdox-2.0.3.pom
#18 130.7 [INFO] Downloaded from central: https://repo.maven.apache.org/maven2/com/thoughtworks/qdox/qdox/2.0.3/qdox-2.0.3.pom (17 kB at 96 kB/s)
#18 130.7 [INFO] Downloading from central: https://repo.maven.apache.org/maven2/org/codehaus/plexus/plexus-compiler-api/2.13.0/plexus-compiler-api-2.13.0.pom
#18 130.9 [INFO] Downloaded from central: https://repo.maven.apache.org/maven2/org/codehaus/plexus/plexus-compiler-api/2.13.0/plexus-compiler-api-2.13.0.pom (1.1 kB at 5.3 kB/s)
#18 130.9 [INFO] Downloading from central: https://repo.maven.apache.org/maven2/org/codehaus/plexus/plexus-compiler/2.13.0/plexus-compiler-2.13.0.pom
#18 131.1 [INFO] Downloaded from central: https://repo.maven.apache.org/maven2/org/codehaus/plexus/plexus-compiler/2.13.0/plexus-compiler-2.13.0.pom (8.4 kB at 38 kB/s)
#18 131.1 [INFO] Downloading from central: https://repo.maven.apache.org/maven2/org/codehaus/plexus/plexus-components/10.0/plexus-components-10.0.pom
#18 131.4 [INFO] Downloaded from central: https://repo.maven.apache.org/maven2/org/codehaus/plexus/plexus-components/10.0/plexus-components-10.0.pom (2.7 kB at 12 kB/s)
#18 131.4 [INFO] Downloading from central: https://repo.maven.apache.org/maven2/org/junit/junit-bom/5.9.1/junit-bom-5.9.1.pom
#18 131.6 [INFO] Downloaded from central: https://repo.maven.apache.org/maven2/org/junit/junit-bom/5.9.1/junit-bom-5.9.1.pom (5.6 kB at 26 kB/s)
#18 131.6 [INFO] Downloading from central: https://repo.maven.apache.org/maven2/org/codehaus/plexus/plexus-compiler-manager/2.13.0/plexus-compiler-manager-2.13.0.pom
#18 131.8 [INFO] Downloaded from central: https://repo.maven.apache.org/maven2/org/codehaus/plexus/plexus-compiler-manager/2.13.0/plexus-compiler-manager-2.13.0.pom (1.1 kB at 6.3 kB/s)
#18 131.8 [INFO] Downloading from central: https://repo.maven.apache.org/maven2/org/codehaus/plexus/plexus-component-annotations/2.1.1/plexus-component-annotations-2.1.1.pom
#18 132.0 [INFO] Downloaded from central: https://repo.maven.apache.org/maven2/org/codehaus/plexus/plexus-component-annotations/2.1.1/plexus-component-annotations-2.1.1.pom (770 B at 4.1 kB/s)
#18 132.0 [INFO] Downloading from central: https://repo.maven.apache.org/maven2/org/codehaus/plexus/plexus-containers/2.1.1/plexus-containers-2.1.1.pom
#18 132.2 [INFO] Downloaded from central: https://repo.maven.apache.org/maven2/org/codehaus/plexus/plexus-containers/2.1.1/plexus-containers-2.1.1.pom (6.0 kB at 26 kB/s)
#18 132.2 [INFO] Downloading from central: https://repo.maven.apache.org/maven2/org/codehaus/plexus/plexus/6.5/plexus-6.5.pom
#18 132.4 [INFO] Downloaded from central: https://repo.maven.apache.org/maven2/org/codehaus/plexus/plexus/6.5/plexus-6.5.pom (26 kB at 141 kB/s)
#18 132.4 [INFO] Downloading from central: https://repo.maven.apache.org/maven2/org/codehaus/plexus/plexus-compiler-javac/2.13.0/plexus-compiler-javac-2.13.0.pom
#18 132.6 [INFO] Downloaded from central: https://repo.maven.apache.org/maven2/org/codehaus/plexus/plexus-compiler-javac/2.13.0/plexus-compiler-javac-2.13.0.pom (1.2 kB at 6.7 kB/s)
#18 132.6 [INFO] Downloading from central: https://repo.maven.apache.org/maven2/org/codehaus/plexus/plexus-compilers/2.13.0/plexus-compilers-2.13.0.pom
#18 132.8 [INFO] Downloaded from central: https://repo.maven.apache.org/maven2/org/codehaus/plexus/plexus-compilers/2.13.0/plexus-compilers-2.13.0.pom (1.3 kB at 6.3 kB/s)
#18 132.8 [INFO] Downloading from central: https://repo.maven.apache.org/maven2/org/apache/maven/shared/maven-shared-utils/3.3.4/maven-shared-utils-3.3.4.jar
#18 133.0 [INFO] Downloaded from central: https://repo.maven.apache.org/maven2/org/apache/maven/shared/maven-shared-utils/3.3.4/maven-shared-utils-3.3.4.jar (153 kB at 740 kB/s)
#18 133.0 [INFO] Downloading from central: https://repo.maven.apache.org/maven2/commons-io/commons-io/2.6/commons-io-2.6.jar
#18 133.0 [INFO] Downloading from central: https://repo.maven.apache.org/maven2/org/apache/maven/shared/maven-shared-incremental/1.1/maven-shared-incremental-1.1.jar
#18 133.0 [INFO] Downloading from central: https://repo.maven.apache.org/maven2/org/codehaus/plexus/plexus-java/1.1.2/plexus-java-1.1.2.jar
#18 133.0 [INFO] Downloading from central: https://repo.maven.apache.org/maven2/org/ow2/asm/asm/9.4/asm-9.4.jar
#18 133.0 [INFO] Downloading from central: https://repo.maven.apache.org/maven2/com/thoughtworks/qdox/qdox/2.0.3/qdox-2.0.3.jar
#18 133.2 [INFO] Downloaded from central: https://repo.maven.apache.org/maven2/org/ow2/asm/asm/9.4/asm-9.4.jar (122 kB at 688 kB/s)
#18 133.2 [INFO] Downloading from central: https://repo.maven.apache.org/maven2/org/codehaus/plexus/plexus-compiler-api/2.13.0/plexus-compiler-api-2.13.0.jar
#18 133.2 [INFO] Downloaded from central: https://repo.maven.apache.org/maven2/org/apache/maven/shared/maven-shared-incremental/1.1/maven-shared-incremental-1.1.jar (14 kB at 70 kB/s)
#18 133.2 [INFO] Downloading from central: https://repo.maven.apache.org/maven2/org/codehaus/plexus/plexus-utils/3.5.0/plexus-utils-3.5.0.jar
#18 133.2 [INFO] Downloaded from central: https://repo.maven.apache.org/maven2/com/thoughtworks/qdox/qdox/2.0.3/qdox-2.0.3.jar (334 kB at 1.7 MB/s)
#18 133.2 [INFO] Downloading from central: https://repo.maven.apache.org/maven2/org/codehaus/plexus/plexus-compiler-manager/2.13.0/plexus-compiler-manager-2.13.0.jar
#18 133.2 [INFO] Downloaded from central: https://repo.maven.apache.org/maven2/org/codehaus/plexus/plexus-java/1.1.2/plexus-java-1.1.2.jar (55 kB at 256 kB/s)
#18 133.2 [INFO] Downloading from central: https://repo.maven.apache.org/maven2/org/codehaus/plexus/plexus-compiler-javac/2.13.0/plexus-compiler-javac-2.13.0.jar
#18 133.2 [INFO] Downloaded from central: https://repo.maven.apache.org/maven2/commons-io/commons-io/2.6/commons-io-2.6.jar (215 kB at 934 kB/s)
#18 133.3 [INFO] Downloaded from central: https://repo.maven.apache.org/maven2/org/codehaus/plexus/plexus-compiler-api/2.13.0/plexus-compiler-api-2.13.0.jar (27 kB at 77 kB/s)
#18 133.4 [INFO] Downloaded from central: https://repo.maven.apache.org/maven2/org/codehaus/plexus/plexus-compiler-manager/2.13.0/plexus-compiler-manager-2.13.0.jar (4.7 kB at 12 kB/s)
#18 133.4 [INFO] Downloaded from central: https://repo.maven.apache.org/maven2/org/codehaus/plexus/plexus-compiler-javac/2.13.0/plexus-compiler-javac-2.13.0.jar (23 kB at 55 kB/s)
#18 133.5 [INFO] Downloaded from central: https://repo.maven.apache.org/maven2/org/codehaus/plexus/plexus-utils/3.5.0/plexus-utils-3.5.0.jar (267 kB at 572 kB/s)
#18 133.6 [INFO] Downloading from central: https://repo.maven.apache.org/maven2/org/mapstruct/mapstruct-processor/1.6.3/mapstruct-processor-1.6.3.pom
#18 133.7 [INFO] Downloaded from central: https://repo.maven.apache.org/maven2/org/mapstruct/mapstruct-processor/1.6.3/mapstruct-processor-1.6.3.pom (3.2 kB at 17 kB/s)
#18 133.8 [INFO] Downloading from central: https://repo.maven.apache.org/maven2/no/entur/mapstruct/spi/protobuf-spi-impl/1.52.0/protobuf-spi-impl-1.52.0.pom
#18 133.9 [INFO] Downloaded from central: https://repo.maven.apache.org/maven2/no/entur/mapstruct/spi/protobuf-spi-impl/1.52.0/protobuf-spi-impl-1.52.0.pom (2.5 kB at 13 kB/s)
#18 133.9 [INFO] Downloading from central: https://repo.maven.apache.org/maven2/no/entur/mapstruct/spi/spi-protobuf-parent/1.52.0/spi-protobuf-parent-1.52.0.pom
#18 134.1 [INFO] Downloaded from central: https://repo.maven.apache.org/maven2/no/entur/mapstruct/spi/spi-protobuf-parent/1.52.0/spi-protobuf-parent-1.52.0.pom (15 kB at 80 kB/s)
#18 134.1 [INFO] Downloading from central: https://repo.maven.apache.org/maven2/com/google/guava/guava/33.4.0-jre/guava-33.4.0-jre.pom
#18 134.3 [INFO] Downloaded from central: https://repo.maven.apache.org/maven2/com/google/guava/guava/33.4.0-jre/guava-33.4.0-jre.pom (8.8 kB at 46 kB/s)
#18 134.3 [INFO] Downloading from central: https://repo.maven.apache.org/maven2/com/google/guava/guava-parent/33.4.0-jre/guava-parent-33.4.0-jre.pom
#18 134.5 [INFO] Downloaded from central: https://repo.maven.apache.org/maven2/com/google/guava/guava-parent/33.4.0-jre/guava-parent-33.4.0-jre.pom (21 kB at 107 kB/s)
#18 134.5 [INFO] Downloading from central: https://repo.maven.apache.org/maven2/com/google/guava/failureaccess/1.0.2/failureaccess-1.0.2.pom
#18 134.7 [INFO] Downloaded from central: https://repo.maven.apache.org/maven2/com/google/guava/failureaccess/1.0.2/failureaccess-1.0.2.pom (3.3 kB at 17 kB/s)
#18 134.7 [INFO] Downloading from central: https://repo.maven.apache.org/maven2/org/checkerframework/checker-qual/3.43.0/checker-qual-3.43.0.pom
#18 134.9 [INFO] Downloaded from central: https://repo.maven.apache.org/maven2/org/checkerframework/checker-qual/3.43.0/checker-qual-3.43.0.pom (2.1 kB at 11 kB/s)
#18 134.9 [INFO] Downloading from central: https://repo.maven.apache.org/maven2/org/projectlombok/lombok-mapstruct-binding/0.2.0/lombok-mapstruct-binding-0.2.0.pom
#18 135.1 [INFO] Downloaded from central: https://repo.maven.apache.org/maven2/org/projectlombok/lombok-mapstruct-binding/0.2.0/lombok-mapstruct-binding-0.2.0.pom (1.4 kB at 7.6 kB/s)
#18 135.1 [INFO] Downloading from central: https://repo.maven.apache.org/maven2/org/mapstruct/mapstruct-processor/1.6.3/mapstruct-processor-1.6.3.jar
#18 136.3 [INFO] Downloaded from central: https://repo.maven.apache.org/maven2/org/mapstruct/mapstruct-processor/1.6.3/mapstruct-processor-1.6.3.jar (2.5 MB at 2.1 MB/s)
#18 136.3 [INFO] Downloading from central: https://repo.maven.apache.org/maven2/no/entur/mapstruct/spi/protobuf-spi-impl/1.52.0/protobuf-spi-impl-1.52.0.jar
#18 136.3 [INFO] Downloading from central: https://repo.maven.apache.org/maven2/com/google/guava/guava/33.4.0-jre/guava-33.4.0-jre.jar
#18 136.3 [INFO] Downloading from central: https://repo.maven.apache.org/maven2/com/google/guava/failureaccess/1.0.2/failureaccess-1.0.2.jar
#18 136.3 [INFO] Downloading from central: https://repo.maven.apache.org/maven2/com/google/errorprone/error_prone_annotations/2.36.0/error_prone_annotations-2.36.0.jar
#18 136.3 [INFO] Downloading from central: https://repo.maven.apache.org/maven2/org/checkerframework/checker-qual/3.43.0/checker-qual-3.43.0.jar
#18 136.5 [INFO] Downloaded from central: https://repo.maven.apache.org/maven2/no/entur/mapstruct/spi/protobuf-spi-impl/1.52.0/protobuf-spi-impl-1.52.0.jar (14 kB at 75 kB/s)
#18 136.5 [INFO] Downloading from central: https://repo.maven.apache.org/maven2/org/projectlombok/lombok-mapstruct-binding/0.2.0/lombok-mapstruct-binding-0.2.0.jar
#18 136.5 [INFO] Downloaded from central: https://repo.maven.apache.org/maven2/org/checkerframework/checker-qual/3.43.0/checker-qual-3.43.0.jar (232 kB at 1.2 MB/s)
#18 136.5 [INFO] Downloaded from central: https://repo.maven.apache.org/maven2/com/google/guava/failureaccess/1.0.2/failureaccess-1.0.2.jar (4.7 kB at 24 kB/s)
#18 136.5 [INFO] Downloaded from central: https://repo.maven.apache.org/maven2/com/google/errorprone/error_prone_annotations/2.36.0/error_prone_annotations-2.36.0.jar (19 kB at 94 kB/s)
#18 136.7 [INFO] Downloaded from central: https://repo.maven.apache.org/maven2/org/projectlombok/lombok-mapstruct-binding/0.2.0/lombok-mapstruct-binding-0.2.0.jar (2.4 kB at 6.6 kB/s)
#18 137.5 [INFO] Downloaded from central: https://repo.maven.apache.org/maven2/com/google/guava/guava/33.4.0-jre/guava-33.4.0-jre.jar (3.1 MB at 2.4 MB/s)
#18 137.6 [INFO] Changes detected - recompiling the module! :source
#18 137.6 [INFO] Compiling 476 source files with javac [debug release 21] to target/classes
#18 156.2 [INFO] 
#18 156.2 [INFO] --- resources:3.3.1:testResources (default-testResources) @ itinerary ---
#18 156.2 [INFO] skip non existing resourceDirectory /app/src/test/resources
#18 156.2 [INFO] 
#18 156.2 [INFO] --- compiler:3.11.0:testCompile (default-testCompile) @ itinerary ---
#18 156.3 [INFO] Changes detected - recompiling the module! :dependency
#18 156.3 [INFO] Compiling 2 source files with javac [debug release 21] to target/test-classes
#18 156.9 [INFO] 
#18 156.9 [INFO] --- surefire:3.5.4:test (default-test) @ itinerary ---
#18 156.9 [INFO] Downloading from central: https://repo.maven.apache.org/maven2/org/apache/maven/surefire/surefire-api/3.5.4/surefire-api-3.5.4.pom
#18 157.1 [INFO] Downloaded from central: https://repo.maven.apache.org/maven2/org/apache/maven/surefire/surefire-api/3.5.4/surefire-api-3.5.4.pom (3.7 kB at 18 kB/s)
#18 157.1 [INFO] Downloading from central: https://repo.maven.apache.org/maven2/org/apache/maven/surefire/surefire-logger-api/3.5.4/surefire-logger-api-3.5.4.pom
#18 157.3 [INFO] Downloaded from central: https://repo.maven.apache.org/maven2/org/apache/maven/surefire/surefire-logger-api/3.5.4/surefire-logger-api-3.5.4.pom (3.5 kB at 18 kB/s)
#18 157.3 [INFO] Downloading from central: https://repo.maven.apache.org/maven2/org/apache/maven/surefire/surefire-shared-utils/3.5.4/surefire-shared-utils-3.5.4.pom
#18 157.5 [INFO] Downloaded from central: https://repo.maven.apache.org/maven2/org/apache/maven/surefire/surefire-shared-utils/3.5.4/surefire-shared-utils-3.5.4.pom (4.0 kB at 21 kB/s)
#18 157.5 [INFO] Downloading from central: https://repo.maven.apache.org/maven2/org/apache/maven/surefire/surefire-extensions-api/3.5.4/surefire-extensions-api-3.5.4.pom
#18 157.7 [INFO] Downloaded from central: https://repo.maven.apache.org/maven2/org/apache/maven/surefire/surefire-extensions-api/3.5.4/surefire-extensions-api-3.5.4.pom (3.6 kB at 19 kB/s)
#18 157.7 [INFO] Downloading from central: https://repo.maven.apache.org/maven2/org/apache/maven/surefire/maven-surefire-common/3.5.4/maven-surefire-common-3.5.4.pom
#18 157.9 [INFO] Downloaded from central: https://repo.maven.apache.org/maven2/org/apache/maven/surefire/maven-surefire-common/3.5.4/maven-surefire-common-3.5.4.pom (7.3 kB at 39 kB/s)
#18 157.9 [INFO] Downloading from central: https://repo.maven.apache.org/maven2/org/apache/maven/surefire/surefire-booter/3.5.4/surefire-booter-3.5.4.pom
#18 158.1 [INFO] Downloaded from central: https://repo.maven.apache.org/maven2/org/apache/maven/surefire/surefire-booter/3.5.4/surefire-booter-3.5.4.pom (5.0 kB at 27 kB/s)
#18 158.1 [INFO] Downloading from central: https://repo.maven.apache.org/maven2/org/apache/maven/surefire/surefire-extensions-spi/3.5.4/surefire-extensions-spi-3.5.4.pom
#18 158.3 [INFO] Downloaded from central: https://repo.maven.apache.org/maven2/org/apache/maven/surefire/surefire-extensions-spi/3.5.4/surefire-extensions-spi-3.5.4.pom (1.7 kB at 9.1 kB/s)
#18 158.3 [INFO] Downloading from central: https://repo.maven.apache.org/maven2/org/codehaus/plexus/plexus-java/1.5.0/plexus-java-1.5.0.pom
#18 158.5 [INFO] Downloaded from central: https://repo.maven.apache.org/maven2/org/codehaus/plexus/plexus-java/1.5.0/plexus-java-1.5.0.pom (4.1 kB at 21 kB/s)
#18 158.5 [INFO] Downloading from central: https://repo.maven.apache.org/maven2/org/codehaus/plexus/plexus-languages/1.5.0/plexus-languages-1.5.0.pom
#18 158.7 [INFO] Downloaded from central: https://repo.maven.apache.org/maven2/org/codehaus/plexus/plexus-languages/1.5.0/plexus-languages-1.5.0.pom (3.9 kB at 21 kB/s)
#18 158.7 [INFO] Downloading from central: https://repo.maven.apache.org/maven2/org/codehaus/plexus/plexus/20/plexus-20.pom
#18 158.9 [INFO] Downloaded from central: https://repo.maven.apache.org/maven2/org/codehaus/plexus/plexus/20/plexus-20.pom (29 kB at 149 kB/s)
#18 158.9 [INFO] Downloading from central: https://repo.maven.apache.org/maven2/org/ow2/asm/asm/9.8/asm-9.8.pom
#18 159.1 [INFO] Downloaded from central: https://repo.maven.apache.org/maven2/org/ow2/asm/asm/9.8/asm-9.8.pom (2.4 kB at 12 kB/s)
#18 159.1 [INFO] Downloading from central: https://repo.maven.apache.org/maven2/com/thoughtworks/qdox/qdox/2.2.0/qdox-2.2.0.pom
#18 159.3 [INFO] Downloaded from central: https://repo.maven.apache.org/maven2/com/thoughtworks/qdox/qdox/2.2.0/qdox-2.2.0.pom (18 kB at 92 kB/s)
#18 159.3 [INFO] Downloading from central: https://repo.maven.apache.org/maven2/org/apache/maven/surefire/surefire-api/3.5.4/surefire-api-3.5.4.jar
#18 159.5 [INFO] Downloaded from central: https://repo.maven.apache.org/maven2/org/apache/maven/surefire/surefire-api/3.5.4/surefire-api-3.5.4.jar (174 kB at 772 kB/s)
#18 159.5 [INFO] Downloading from central: https://repo.maven.apache.org/maven2/org/apache/maven/surefire/surefire-logger-api/3.5.4/surefire-logger-api-3.5.4.jar
#18 159.5 [INFO] Downloading from central: https://repo.maven.apache.org/maven2/org/apache/maven/surefire/surefire-shared-utils/3.5.4/surefire-shared-utils-3.5.4.jar
#18 159.5 [INFO] Downloading from central: https://repo.maven.apache.org/maven2/org/apache/maven/surefire/surefire-extensions-api/3.5.4/surefire-extensions-api-3.5.4.jar
#18 159.5 [INFO] Downloading from central: https://repo.maven.apache.org/maven2/org/apache/maven/surefire/maven-surefire-common/3.5.4/maven-surefire-common-3.5.4.jar
#18 159.5 [INFO] Downloading from central: https://repo.maven.apache.org/maven2/org/apache/maven/surefire/surefire-booter/3.5.4/surefire-booter-3.5.4.jar
#18 159.7 [INFO] Downloaded from central: https://repo.maven.apache.org/maven2/org/apache/maven/surefire/surefire-booter/3.5.4/surefire-booter-3.5.4.jar (119 kB at 672 kB/s)
#18 159.7 [INFO] Downloading from central: https://repo.maven.apache.org/maven2/org/apache/maven/surefire/surefire-extensions-spi/3.5.4/surefire-extensions-spi-3.5.4.jar
#18 159.7 [INFO] Downloaded from central: https://repo.maven.apache.org/maven2/org/apache/maven/surefire/surefire-logger-api/3.5.4/surefire-logger-api-3.5.4.jar (14 kB at 72 kB/s)
#18 159.7 [INFO] Downloading from central: https://repo.maven.apache.org/maven2/org/codehaus/plexus/plexus-java/1.5.0/plexus-java-1.5.0.jar
#18 159.7 [INFO] Downloaded from central: https://repo.maven.apache.org/maven2/org/apache/maven/surefire/maven-surefire-common/3.5.4/maven-surefire-common-3.5.4.jar (314 kB at 1.6 MB/s)
#18 159.7 [INFO] Downloading from central: https://repo.maven.apache.org/maven2/org/ow2/asm/asm/9.8/asm-9.8.jar
#18 159.7 [INFO] Downloaded from central: https://repo.maven.apache.org/maven2/org/apache/maven/surefire/surefire-extensions-api/3.5.4/surefire-extensions-api-3.5.4.jar (26 kB at 115 kB/s)
#18 159.7 [INFO] Downloading from central: https://repo.maven.apache.org/maven2/com/thoughtworks/qdox/qdox/2.2.0/qdox-2.2.0.jar
#18 159.8 [INFO] Downloaded from central: https://repo.maven.apache.org/maven2/org/apache/maven/surefire/surefire-extensions-spi/3.5.4/surefire-extensions-spi-3.5.4.jar (8.2 kB at 24 kB/s)
#18 159.9 [INFO] Downloaded from central: https://repo.maven.apache.org/maven2/org/ow2/asm/asm/9.8/asm-9.8.jar (126 kB at 328 kB/s)
#18 159.9 [INFO] Downloaded from central: https://repo.maven.apache.org/maven2/org/codehaus/plexus/plexus-java/1.5.0/plexus-java-1.5.0.jar (57 kB at 149 kB/s)
#18 160.0 [INFO] Downloaded from central: https://repo.maven.apache.org/maven2/com/thoughtworks/qdox/qdox/2.2.0/qdox-2.2.0.jar (353 kB at 700 kB/s)
#18 160.2 [INFO] Downloaded from central: https://repo.maven.apache.org/maven2/org/apache/maven/surefire/surefire-shared-utils/3.5.4/surefire-shared-utils-3.5.4.jar (2.9 MB at 4.0 MB/s)
#18 160.3 [INFO] Tests are skipped.
#18 160.3 [INFO] 
#18 160.3 [INFO] --- jar:3.4.2:jar (default-jar) @ itinerary ---
#18 160.3 [INFO] Downloading from central: https://repo.maven.apache.org/maven2/org/apache/maven/shared/file-management/3.1.0/file-management-3.1.0.pom
#18 160.5 [INFO] Downloaded from central: https://repo.maven.apache.org/maven2/org/apache/maven/shared/file-management/3.1.0/file-management-3.1.0.pom (4.5 kB at 23 kB/s)
#18 160.5 [INFO] Downloading from central: https://repo.maven.apache.org/maven2/org/apache/maven/shared/maven-shared-components/36/maven-shared-components-36.pom
#18 160.7 [INFO] Downloaded from central: https://repo.maven.apache.org/maven2/org/apache/maven/shared/maven-shared-components/36/maven-shared-components-36.pom (4.9 kB at 25 kB/s)
#18 160.7 [INFO] Downloading from central: https://repo.maven.apache.org/maven2/org/apache/maven/maven-parent/36/maven-parent-36.pom
#18 160.9 [INFO] Downloaded from central: https://repo.maven.apache.org/maven2/org/apache/maven/maven-parent/36/maven-parent-36.pom (45 kB at 234 kB/s)
#18 160.9 [INFO] Downloading from central: https://repo.maven.apache.org/maven2/org/apache/apache/26/apache-26.pom
#18 161.1 [INFO] Downloaded from central: https://repo.maven.apache.org/maven2/org/apache/apache/26/apache-26.pom (21 kB at 106 kB/s)
#18 161.1 [INFO] Downloading from central: https://repo.maven.apache.org/maven2/org/codehaus/plexus/plexus-utils/4.0.1/plexus-utils-4.0.1.pom
#18 161.3 [INFO] Downloaded from central: https://repo.maven.apache.org/maven2/org/codehaus/plexus/plexus-utils/4.0.1/plexus-utils-4.0.1.pom (7.8 kB at 41 kB/s)
#18 161.3 [INFO] Downloading from central: https://repo.maven.apache.org/maven2/org/codehaus/plexus/plexus/17/plexus-17.pom
#18 161.5 [INFO] Downloaded from central: https://repo.maven.apache.org/maven2/org/codehaus/plexus/plexus/17/plexus-17.pom (28 kB at 148 kB/s)
#18 161.5 [INFO] Downloading from central: https://repo.maven.apache.org/maven2/org/apache/maven/maven-archiver/3.6.2/maven-archiver-3.6.2.pom
#18 161.7 [INFO] Downloaded from central: https://repo.maven.apache.org/maven2/org/apache/maven/maven-archiver/3.6.2/maven-archiver-3.6.2.pom (4.4 kB at 23 kB/s)
#18 161.7 [INFO] Downloading from central: https://repo.maven.apache.org/maven2/org/apache/maven/shared/maven-shared-components/41/maven-shared-components-41.pom
#18 161.9 [INFO] Downloaded from central: https://repo.maven.apache.org/maven2/org/apache/maven/shared/maven-shared-components/41/maven-shared-components-41.pom (3.2 kB at 17 kB/s)
#18 161.9 [INFO] Downloading from central: https://repo.maven.apache.org/maven2/org/apache/maven/maven-parent/41/maven-parent-41.pom
#18 162.1 [INFO] Downloaded from central: https://repo.maven.apache.org/maven2/org/apache/maven/maven-parent/41/maven-parent-41.pom (50 kB at 260 kB/s)
#18 162.1 [INFO] Downloading from central: https://repo.maven.apache.org/maven2/org/codehaus/plexus/plexus-archiver/4.9.2/plexus-archiver-4.9.2.pom
#18 162.3 [INFO] Downloaded from central: https://repo.maven.apache.org/maven2/org/codehaus/plexus/plexus-archiver/4.9.2/plexus-archiver-4.9.2.pom (6.0 kB at 32 kB/s)
#18 162.3 [INFO] Downloading from central: https://repo.maven.apache.org/maven2/org/codehaus/plexus/plexus-io/3.4.2/plexus-io-3.4.2.pom
#18 162.5 [INFO] Downloaded from central: https://repo.maven.apache.org/maven2/org/codehaus/plexus/plexus-io/3.4.2/plexus-io-3.4.2.pom (3.9 kB at 20 kB/s)
#18 162.5 [INFO] Downloading from central: https://repo.maven.apache.org/maven2/org/codehaus/plexus/plexus/16/plexus-16.pom
#18 162.7 [INFO] Downloaded from central: https://repo.maven.apache.org/maven2/org/codehaus/plexus/plexus/16/plexus-16.pom (28 kB at 147 kB/s)
#18 162.7 [INFO] Downloading from central: https://repo.maven.apache.org/maven2/org/junit/junit-bom/5.10.1/junit-bom-5.10.1.pom
#18 162.8 [INFO] Downloaded from central: https://repo.maven.apache.org/maven2/org/junit/junit-bom/5.10.1/junit-bom-5.10.1.pom (5.6 kB at 31 kB/s)
#18 162.9 [INFO] Downloading from central: https://repo.maven.apache.org/maven2/org/apache/commons/commons-compress/1.26.1/commons-compress-1.26.1.pom
#18 163.0 [INFO] Downloaded from central: https://repo.maven.apache.org/maven2/org/apache/commons/commons-compress/1.26.1/commons-compress-1.26.1.pom (22 kB at 120 kB/s)
#18 163.0 [INFO] Downloading from central: https://repo.maven.apache.org/maven2/org/apache/commons/commons-parent/66/commons-parent-66.pom
#18 163.2 [INFO] Downloaded from central: https://repo.maven.apache.org/maven2/org/apache/commons/commons-parent/66/commons-parent-66.pom (77 kB at 376 kB/s)
#18 163.3 [INFO] Downloading from central: https://repo.maven.apache.org/maven2/commons-codec/commons-codec/1.16.1/commons-codec-1.16.1.pom
#18 163.4 [INFO] Downloaded from central: https://repo.maven.apache.org/maven2/commons-codec/commons-codec/1.16.1/commons-codec-1.16.1.pom (16 kB at 82 kB/s)
#18 163.5 [INFO] Downloading from central: https://repo.maven.apache.org/maven2/org/iq80/snappy/snappy/0.4/snappy-0.4.pom
#18 163.6 [INFO] Downloaded from central: https://repo.maven.apache.org/maven2/org/iq80/snappy/snappy/0.4/snappy-0.4.pom (15 kB at 77 kB/s)
#18 163.6 [INFO] Downloading from central: https://repo.maven.apache.org/maven2/org/tukaani/xz/1.9/xz-1.9.pom
#18 163.8 [INFO] Downloaded from central: https://repo.maven.apache.org/maven2/org/tukaani/xz/1.9/xz-1.9.pom (2.0 kB at 11 kB/s)
#18 163.8 [INFO] Downloading from central: https://repo.maven.apache.org/maven2/com/github/luben/zstd-jni/1.5.5-11/zstd-jni-1.5.5-11.pom
#18 164.0 [INFO] Downloaded from central: https://repo.maven.apache.org/maven2/com/github/luben/zstd-jni/1.5.5-11/zstd-jni-1.5.5-11.pom (2.0 kB at 10.0 kB/s)
#18 164.0 [INFO] Downloading from central: https://repo.maven.apache.org/maven2/org/codehaus/plexus/plexus-interpolation/1.27/plexus-interpolation-1.27.pom
#18 164.2 [INFO] Downloaded from central: https://repo.maven.apache.org/maven2/org/codehaus/plexus/plexus-interpolation/1.27/plexus-interpolation-1.27.pom (3.0 kB at 16 kB/s)
#18 164.2 [INFO] Downloading from central: https://repo.maven.apache.org/maven2/org/apache/maven/shared/file-management/3.1.0/file-management-3.1.0.jar
#18 164.4 [INFO] Downloaded from central: https://repo.maven.apache.org/maven2/org/apache/maven/shared/file-management/3.1.0/file-management-3.1.0.jar (36 kB at 195 kB/s)
#18 164.4 [INFO] Downloading from central: https://repo.maven.apache.org/maven2/org/codehaus/plexus/plexus-utils/4.0.1/plexus-utils-4.0.1.jar
#18 164.4 [INFO] Downloading from central: https://repo.maven.apache.org/maven2/org/apache/maven/maven-archiver/3.6.2/maven-archiver-3.6.2.jar
#18 164.4 [INFO] Downloading from central: https://repo.maven.apache.org/maven2/org/codehaus/plexus/plexus-interpolation/1.27/plexus-interpolation-1.27.jar
#18 164.4 [INFO] Downloading from central: https://repo.maven.apache.org/maven2/org/codehaus/plexus/plexus-archiver/4.9.2/plexus-archiver-4.9.2.jar
#18 164.4 [INFO] Downloading from central: https://repo.maven.apache.org/maven2/org/codehaus/plexus/plexus-io/3.4.2/plexus-io-3.4.2.jar
#18 164.6 [INFO] Downloaded from central: https://repo.maven.apache.org/maven2/org/codehaus/plexus/plexus-io/3.4.2/plexus-io-3.4.2.jar (79 kB at 456 kB/s)
#18 164.6 [INFO] Downloading from central: https://repo.maven.apache.org/maven2/org/apache/commons/commons-compress/1.26.1/commons-compress-1.26.1.jar
#18 164.6 [INFO] Downloaded from central: https://repo.maven.apache.org/maven2/org/apache/maven/maven-archiver/3.6.2/maven-archiver-3.6.2.jar (27 kB at 145 kB/s)
#18 164.6 [INFO] Downloading from central: https://repo.maven.apache.org/maven2/org/apache/commons/commons-lang3/3.14.0/commons-lang3-3.14.0.jar
#18 164.6 [INFO] Downloaded from central: https://repo.maven.apache.org/maven2/org/codehaus/plexus/plexus-archiver/4.9.2/plexus-archiver-4.9.2.jar (225 kB at 1.2 MB/s)
#18 164.6 [INFO] Downloading from central: https://repo.maven.apache.org/maven2/commons-codec/commons-codec/1.16.1/commons-codec-1.16.1.jar
#18 164.6 [INFO] Downloaded from central: https://repo.maven.apache.org/maven2/org/codehaus/plexus/plexus-interpolation/1.27/plexus-interpolation-1.27.jar (86 kB at 407 kB/s)
#18 164.6 [INFO] Downloading from central: https://repo.maven.apache.org/maven2/org/iq80/snappy/snappy/0.4/snappy-0.4.jar
#18 164.6 [INFO] Downloaded from central: https://repo.maven.apache.org/maven2/org/codehaus/plexus/plexus-utils/4.0.1/plexus-utils-4.0.1.jar (193 kB at 883 kB/s)
#18 164.6 [INFO] Downloading from central: https://repo.maven.apache.org/maven2/org/tukaani/xz/1.9/xz-1.9.jar
#18 164.8 [INFO] Downloaded from central: https://repo.maven.apache.org/maven2/commons-codec/commons-codec/1.16.1/commons-codec-1.16.1.jar (365 kB at 932 kB/s)
#18 164.8 [INFO] Downloading from central: https://repo.maven.apache.org/maven2/com/github/luben/zstd-jni/1.5.5-11/zstd-jni-1.5.5-11.jar
#18 164.8 [INFO] Downloaded from central: https://repo.maven.apache.org/maven2/org/apache/commons/commons-compress/1.26.1/commons-compress-1.26.1.jar (1.1 MB at 2.7 MB/s)
#18 164.8 [INFO] Downloaded from central: https://repo.maven.apache.org/maven2/org/iq80/snappy/snappy/0.4/snappy-0.4.jar (58 kB at 142 kB/s)
#18 164.9 [INFO] Downloaded from central: https://repo.maven.apache.org/maven2/org/tukaani/xz/1.9/xz-1.9.jar (116 kB at 268 kB/s)
#18 164.9 [INFO] Downloaded from central: https://repo.maven.apache.org/maven2/org/apache/commons/commons-lang3/3.14.0/commons-lang3-3.14.0.jar (658 kB at 1.4 MB/s)
#18 165.3 [INFO] Downloaded from central: https://repo.maven.apache.org/maven2/com/github/luben/zstd-jni/1.5.5-11/zstd-jni-1.5.5-11.jar (6.8 MB at 7.3 MB/s)
#18 165.7 [INFO] Building jar: /app/target/itinerary-0.1.0.jar
#18 165.8 [INFO] 
#18 165.8 [INFO] --- spring-boot:3.5.10:repackage (repackage) @ itinerary ---
#18 166.6 [INFO] Replacing main artifact /app/target/itinerary-0.1.0.jar with repackaged archive, adding nested dependencies in BOOT-INF/.
#18 166.6 [INFO] The original artifact has been renamed to /app/target/itinerary-0.1.0.jar.original
#18 166.6 [INFO] ------------------------------------------------------------------------
#18 166.6 [INFO] BUILD SUCCESS
#18 166.6 [INFO] ------------------------------------------------------------------------
#18 166.6 [INFO] Total time:  02:42 min
#18 166.6 [INFO] Finished at: 2026-08-26T07:39:39Z
#18 166.6 [INFO] ------------------------------------------------------------------------
#18 DONE 167.2s

#19 [builder 12/12] RUN java -Djarmode=tools -jar target/itinerary-*.jar extract --layers --launcher --destination extracted/
#19 DONE 1.5s

#20 [stage-1 6/8] COPY --from=builder --chown=nonroot:nonroot /app/extracted/spring-boot-loader/ ./
#20 CACHED

#21 [stage-1 2/8] WORKDIR /app
#21 CACHED

#22 [stage-1 3/8] RUN addgroup --system nonroot && adduser --system nonroot --ingroup nonroot
#22 CACHED

#23 [stage-1 4/8] ADD --chmod=644     https://github.com/open-telemetry/opentelemetry-java-instrumentation/releases/download/v2.23.0/opentelemetry-javaagent.jar     /app/opentelemetry-javaagent.jar
#23 CACHED

#24 [stage-1 5/8] COPY --from=builder --chown=nonroot:nonroot /app/extracted/dependencies/ ./
#24 CACHED

#25 [stage-1 7/8] COPY --from=builder --chown=nonroot:nonroot /app/extracted/snapshot-dependencies/ ./
#25 CACHED

#26 [stage-1 8/8] COPY --from=builder --chown=nonroot:nonroot /app/extracted/application/ ./
#26 DONE 0.2s

#27 exporting to image
#27 exporting layers
#27 exporting layers 0.2s done
#27 writing image sha256:9922fad4e128c6b56a7f3a567487d5346c71576e9743517fb7c69840d8b1d39f done
#27 naming to docker.io/tripsphere/trip-itinerary-service:latest done
#27 DONE 0.2s
task: [next-frontend:build] docker build . -t tripsphere/trip-next-frontend:latest
#0 building with "default" instance using docker driver

#1 [internal] load build definition from Dockerfile
#1 transferring dockerfile: 2.51kB done
#1 DONE 0.0s

#2 [internal] load metadata for docker.io/oven/bun:1
#2 DONE 2.0s

#3 [internal] load .dockerignore
#3 transferring context:
#3 transferring context: 2.04kB done
#3 DONE 1.8s

#4 [dependencies 1/4] FROM docker.io/oven/bun:1@sha256:5ff609364c049b54eb0ff560ec96319729a972078ef2c755d758f0c6ef89c2d6
#4 DONE 0.0s

#5 [internal] load build context
#5 transferring context: 4.55MB 0.1s done
#5 DONE 0.1s

#6 [dependencies 2/4] WORKDIR /app
#6 CACHED

#7 [dependencies 3/4] COPY package.json bun.lock* ./
#7 DONE 0.1s

#8 [dependencies 4/4] RUN --mount=type=cache,target=/root/.bun/install/cache     bun install --no-save --frozen-lockfile
#8 0.216 bun install v1.4.0 (34cbb9a40)
#8 82.99 
#8 82.99 + @tailwindcss/postcss@4.2.2
#8 82.99 + @types/node@20.19.37
#8 82.99 + @types/react@19.2.14
#8 82.99 + @types/react-dom@19.2.3
#8 82.99 + eslint@9.39.4
#8 82.99 + eslint-config-next@16.1.6
#8 82.99 + eslint-config-prettier@10.1.8
#8 82.99 + prettier@3.8.1
#8 82.99 + prettier-plugin-tailwindcss@0.7.2
#8 82.99 + shadcn@3.8.5
#8 82.99 + tailwindcss@4.2.2
#8 82.99 + tw-animate-css@1.4.0
#8 82.99 + typescript@5.9.3
#8 82.99 + @ag-ui/client@0.0.47
#8 82.99 + @bufbuild/protobuf@2.11.0
#8 82.99 + @copilotkit/react-core@1.54.0
#8 82.99 + @copilotkit/react-ui@1.54.0
#8 82.99 + @copilotkit/runtime@1.54.0
#8 82.99 + @grpc/grpc-js@1.14.3
#8 82.99 + @opentelemetry/api-logs@0.214.0
#8 82.99 + @opentelemetry/instrumentation@0.214.0
#8 82.99 + @opentelemetry/sdk-logs@0.214.0
#8 82.99 + @tailwindcss/typography@0.5.19
#8 82.99 + @vercel/otel@2.1.1
#8 82.99 + class-variance-authority@0.7.1
#8 82.99 + clsx@2.1.1
#8 82.99 + date-fns@4.1.0
#8 82.99 + embla-carousel-autoplay@8.6.0
#8 82.99 + embla-carousel-react@8.6.0
#8 82.99 + jose@6.2.2
#8 82.99 + lucide-react@0.575.0
#8 82.99 + next@16.2.0
#8 82.99 + radix-ui@1.4.3
#8 82.99 + react@19.2.4
#8 82.99 + react-day-picker@9.14.0
#8 82.99 + react-dom@19.2.4
#8 82.99 + react-markdown@10.1.0
#8 82.99 + tailwind-merge@3.5.0
#8 82.99 + zod@4.3.6
#8 82.99 
#8 82.99 1279 packages installed [82.77s]
#8 DONE 83.5s

#9 [builder 3/5] COPY --from=dependencies /app/node_modules ./node_modules
#9 CACHED

#10 [builder 4/5] COPY . .
#10 DONE 0.1s

#11 [builder 5/5] RUN bun run build
#11 0.257 $ next build
#11 0.969 Attention: Next.js now collects completely anonymous telemetry regarding usage.
#11 0.969 This information is used to shape Next.js' roadmap and prioritize features.
#11 0.969 You can learn more, including how to opt-out if you'd not like to participate in this anonymous program, by visiting the following URL:
#11 0.969 https://nextjs.org/telemetry
#11 0.969 
#11 0.987 ▲ Next.js 16.2.0 (Turbopack)
#11 0.987 
#11 1.017   Creating an optimized production build ...
#11 17.72 ✓ Compiled successfully in 16.3s
#11 17.72   Running TypeScript ...
#11 30.96   Finished TypeScript in 13.2s ...
#11 30.98   Collecting page data using 7 workers ...
#11 32.76   Generating static pages using 7 workers (0/14) ...
#11 33.61   Generating static pages using 7 workers (3/14) 
#11 33.75   Generating static pages using 7 workers (6/14) 
#11 33.92   Generating static pages using 7 workers (10/14) 
#11 34.87 ✓ Generating static pages using 7 workers (14/14) in 2.1s
#11 34.87   Finalizing page optimization ...
#11 34.88 
#11 34.88 Route (app)
#11 34.88 ┌ ƒ /
#11 34.88 ├ ○ /_not-found
#11 34.88 ├ ƒ /api/v1/copilotkit
#11 34.88 ├ ƒ /attractions
#11 34.88 ├ ƒ /attractions/[id]
#11 34.88 ├ ƒ /hotels
#11 34.88 ├ ƒ /hotels/[id]
#11 34.88 ├ ƒ /itinerary
#11 34.88 ├ ƒ /itinerary/my
#11 34.88 ├ ƒ /itinerary/planner
#11 34.88 ├ ƒ /orders
#11 34.88 ├ ƒ /profile
#11 34.88 ├ ○ /signin
#11 34.88 └ ○ /signup
#11 34.88 
#11 34.88 
#11 34.88 ƒ Proxy (Middleware)
#11 34.88 
#11 34.88 ○  (Static)   prerendered as static content
#11 34.88 ƒ  (Dynamic)  server-rendered on demand
#11 34.88 
#11 DONE 36.0s

#12 [runner 3/7] COPY --from=builder --chown=bun:bun /app/public ./public
#12 DONE 0.1s

#13 [runner 4/7] COPY --from=builder --chown=bun:bun /app/.next ./.next
#13 DONE 0.6s

#14 [runner 5/7] COPY --from=dependencies --chown=bun:bun /app/node_modules ./node_modules
#14 DONE 32.1s

#15 [runner 6/7] COPY --from=builder --chown=bun:bun /app/package.json ./package.json
#15 DONE 0.1s

#16 [runner 7/7] RUN chown -R bun:bun .next
#16 DONE 3.3s

#17 exporting to image
#17 exporting layers
#17 exporting layers 16.3s done
#17 writing image sha256:a8e6e803b7edc90f1eb33a18c001055d7beb4ec003ed7c58192dc18b5731e1c2 done
#17 naming to docker.io/tripsphere/trip-next-frontend:latest done
#17 DONE 16.3s
task: [note:build] docker build . -t tripsphere/trip-note-service:latest
#0 building with "default" instance using docker driver

#1 [internal] load build definition from Dockerfile
#1 transferring dockerfile: 2.11kB done
#1 DONE 0.0s

#2 [internal] load metadata for docker.io/library/eclipse-temurin:21-jdk
#2 ...

#3 [internal] load metadata for docker.io/library/eclipse-temurin:21-jre
#3 DONE 0.3s

#2 [internal] load metadata for docker.io/library/eclipse-temurin:21-jdk
#2 DONE 0.3s

#4 [internal] load .dockerignore
#4 transferring context: 534B done
#4 DONE 0.0s

#5 [builder  1/12] FROM docker.io/library/eclipse-temurin:21-jdk@sha256:85f00967bcc624fc19fa9c2cf124ea426a5363898e267141726f31f358c2e14b
#5 DONE 0.0s

#6 [stage-1 1/8] FROM docker.io/library/eclipse-temurin:21-jre@sha256:7a65df4b22d2de92d4e04056e884f3b9122d70b21e2847fd66084278bd0ce037
#6 DONE 0.0s

#7 [internal] load build context
#7 transferring context: 5.86MB 0.2s done
#7 DONE 0.2s

#8 [builder  2/12] WORKDIR /app
#8 CACHED

#9 [builder  3/12] COPY .mvn/ .mvn/
#9 CACHED

#10 [builder  4/12] COPY mvnw mvnw.cmd ./
#10 CACHED

#11 [builder  5/12] RUN chmod +x mvnw
#11 CACHED

#12 [builder  6/12] COPY pom.xml ./
#12 DONE 0.1s

#13 [stage-1 4/8] ADD --chmod=644     https://github.com/open-telemetry/opentelemetry-java-instrumentation/releases/download/v2.23.0/opentelemetry-javaagent.jar     /app/opentelemetry-javaagent.jar
#13 ...

#14 [builder  7/12] RUN <<EOF cat > /tmp/settings.xml
#14 DONE 0.4s

#15 [builder  8/12] RUN --mount=type=cache,target=/root/.m2     ./mvnw -B dependency:go-offline $([ -n "$MAVEN_MIRROR_URL" ] && echo "-s /tmp/settings.xml")
#15 2.019 [INFO] Scanning for projects...
#15 ...

#13 [stage-1 4/8] ADD --chmod=644     https://github.com/open-telemetry/opentelemetry-java-instrumentation/releases/download/v2.23.0/opentelemetry-javaagent.jar     /app/opentelemetry-javaagent.jar
#13 DONE 3.0s

#15 [builder  8/12] RUN --mount=type=cache,target=/root/.m2     ./mvnw -B dependency:go-offline $([ -n "$MAVEN_MIRROR_URL" ] && echo "-s /tmp/settings.xml")
#15 2.621 [INFO] ------------------------------------------------------------------------
#15 2.621 [INFO] Detecting the operating system and CPU architecture
#15 2.621 [INFO] ------------------------------------------------------------------------
#15 2.621 [INFO] os.detected.name: linux
#15 2.621 [INFO] os.detected.arch: x86_64
#15 2.622 [INFO] os.detected.bitness: 64
#15 2.622 [INFO] os.detected.version: 5.15
#15 2.622 [INFO] os.detected.version.major: 5
#15 2.622 [INFO] os.detected.version.minor: 15
#15 2.622 [INFO] os.detected.release: ubuntu
#15 2.622 [INFO] os.detected.release.version: 26.04
#15 2.623 [INFO] os.detected.release.like.ubuntu: true
#15 2.623 [INFO] os.detected.release.like.debian: true
#15 2.623 [INFO] os.detected.classifier: linux-x86_64
#15 2.993 [INFO] Downloading from central: https://repo.maven.apache.org/maven2/com/diffplug/spotless/spotless-maven-plugin/2.43.0/spotless-maven-plugin-2.43.0.pom
#15 4.136 [INFO] Downloaded from central: https://repo.maven.apache.org/maven2/com/diffplug/spotless/spotless-maven-plugin/2.43.0/spotless-maven-plugin-2.43.0.pom (3.3 kB at 2.9 kB/s)
#15 4.160 [INFO] Downloading from central: https://repo.maven.apache.org/maven2/com/diffplug/spotless/spotless-maven-plugin/2.43.0/spotless-maven-plugin-2.43.0.jar
#15 4.605 [INFO] Downloaded from central: https://repo.maven.apache.org/maven2/com/diffplug/spotless/spotless-maven-plugin/2.43.0/spotless-maven-plugin-2.43.0.jar (128 kB at 288 kB/s)
#15 4.610 [INFO] Downloading from central: https://repo.maven.apache.org/maven2/org/apache/maven/plugins/maven-clean-plugin/3.4.1/maven-clean-plugin-3.4.1.pom
#15 4.818 [INFO] Downloaded from central: https://repo.maven.apache.org/maven2/org/apache/maven/plugins/maven-clean-plugin/3.4.1/maven-clean-plugin-3.4.1.pom (5.6 kB at 27 kB/s)
#15 4.822 [INFO] Downloading from central: https://repo.maven.apache.org/maven2/org/apache/maven/plugins/maven-plugins/43/maven-plugins-43.pom
#15 5.026 [INFO] Downloaded from central: https://repo.maven.apache.org/maven2/org/apache/maven/plugins/maven-plugins/43/maven-plugins-43.pom (7.5 kB at 37 kB/s)
#15 5.029 [INFO] Downloading from central: https://repo.maven.apache.org/maven2/org/apache/maven/maven-parent/43/maven-parent-43.pom
#15 5.244 [INFO] Downloaded from central: https://repo.maven.apache.org/maven2/org/apache/maven/maven-parent/43/maven-parent-43.pom (50 kB at 234 kB/s)
#15 5.256 [INFO] Downloading from central: https://repo.maven.apache.org/maven2/org/apache/maven/plugins/maven-clean-plugin/3.4.1/maven-clean-plugin-3.4.1.jar
#15 5.489 [INFO] Downloaded from central: https://repo.maven.apache.org/maven2/org/apache/maven/plugins/maven-clean-plugin/3.4.1/maven-clean-plugin-3.4.1.jar (36 kB at 155 kB/s)
#15 5.548 [INFO] Downloading from central: https://repo.maven.apache.org/maven2/org/apache/maven/plugins/maven-install-plugin/3.1.4/maven-install-plugin-3.1.4.pom
#15 5.752 [INFO] Downloaded from central: https://repo.maven.apache.org/maven2/org/apache/maven/plugins/maven-install-plugin/3.1.4/maven-install-plugin-3.1.4.pom (8.1 kB at 40 kB/s)
#15 5.759 [INFO] Downloading from central: https://repo.maven.apache.org/maven2/org/apache/maven/plugins/maven-install-plugin/3.1.4/maven-install-plugin-3.1.4.jar
#15 5.989 [INFO] Downloaded from central: https://repo.maven.apache.org/maven2/org/apache/maven/plugins/maven-install-plugin/3.1.4/maven-install-plugin-3.1.4.jar (33 kB at 142 kB/s)
#15 5.993 [INFO] Downloading from central: https://repo.maven.apache.org/maven2/org/apache/maven/plugins/maven-deploy-plugin/3.1.4/maven-deploy-plugin-3.1.4.pom
#15 6.202 [INFO] Downloaded from central: https://repo.maven.apache.org/maven2/org/apache/maven/plugins/maven-deploy-plugin/3.1.4/maven-deploy-plugin-3.1.4.pom (9.2 kB at 44 kB/s)
#15 6.210 [INFO] Downloading from central: https://repo.maven.apache.org/maven2/org/apache/maven/plugins/maven-deploy-plugin/3.1.4/maven-deploy-plugin-3.1.4.jar
#15 6.445 [INFO] Downloaded from central: https://repo.maven.apache.org/maven2/org/apache/maven/plugins/maven-deploy-plugin/3.1.4/maven-deploy-plugin-3.1.4.jar (40 kB at 169 kB/s)
#15 6.449 [INFO] Downloading from central: https://repo.maven.apache.org/maven2/org/apache/maven/plugins/maven-site-plugin/3.12.1/maven-site-plugin-3.12.1.pom
#15 6.660 [INFO] Downloaded from central: https://repo.maven.apache.org/maven2/org/apache/maven/plugins/maven-site-plugin/3.12.1/maven-site-plugin-3.12.1.pom (20 kB at 94 kB/s)
#15 6.664 [INFO] Downloading from central: https://repo.maven.apache.org/maven2/org/apache/maven/plugins/maven-plugins/36/maven-plugins-36.pom
#15 6.873 [INFO] Downloaded from central: https://repo.maven.apache.org/maven2/org/apache/maven/plugins/maven-plugins/36/maven-plugins-36.pom (9.9 kB at 48 kB/s)
#15 6.883 [INFO] Downloading from central: https://repo.maven.apache.org/maven2/org/apache/maven/plugins/maven-site-plugin/3.12.1/maven-site-plugin-3.12.1.jar
#15 7.185 [INFO] Downloaded from central: https://repo.maven.apache.org/maven2/org/apache/maven/plugins/maven-site-plugin/3.12.1/maven-site-plugin-3.12.1.jar (119 kB at 392 kB/s)
#15 7.194 [INFO] Downloading from central: https://repo.maven.apache.org/maven2/org/codehaus/mojo/build-helper-maven-plugin/3.6.1/build-helper-maven-plugin-3.6.1.pom
#15 7.403 [INFO] Downloaded from central: https://repo.maven.apache.org/maven2/org/codehaus/mojo/build-helper-maven-plugin/3.6.1/build-helper-maven-plugin-3.6.1.pom (8.1 kB at 39 kB/s)
#15 7.406 [INFO] Downloading from central: https://repo.maven.apache.org/maven2/org/codehaus/mojo/mojo-parent/91/mojo-parent-91.pom
#15 7.621 [INFO] Downloaded from central: https://repo.maven.apache.org/maven2/org/codehaus/mojo/mojo-parent/91/mojo-parent-91.pom (38 kB at 176 kB/s)
#15 7.627 [INFO] Downloading from central: https://repo.maven.apache.org/maven2/org/junit/junit-bom/5.13.0/junit-bom-5.13.0.pom
#15 7.828 [INFO] Downloaded from central: https://repo.maven.apache.org/maven2/org/junit/junit-bom/5.13.0/junit-bom-5.13.0.pom (5.6 kB at 28 kB/s)
#15 7.832 [INFO] Downloading from central: https://repo.maven.apache.org/maven2/org/codehaus/mojo/build-helper-maven-plugin/3.6.1/build-helper-maven-plugin-3.6.1.jar
#15 8.091 [INFO] Downloaded from central: https://repo.maven.apache.org/maven2/org/codehaus/mojo/build-helper-maven-plugin/3.6.1/build-helper-maven-plugin-3.6.1.jar (72 kB at 278 kB/s)
#15 8.097 [INFO] Downloading from central: https://repo.maven.apache.org/maven2/org/cyclonedx/cyclonedx-maven-plugin/2.9.1/cyclonedx-maven-plugin-2.9.1.pom
#15 8.316 [INFO] Downloaded from central: https://repo.maven.apache.org/maven2/org/cyclonedx/cyclonedx-maven-plugin/2.9.1/cyclonedx-maven-plugin-2.9.1.pom (19 kB at 87 kB/s)
#15 8.320 [INFO] Downloading from central: https://repo.maven.apache.org/maven2/org/junit/junit-bom/5.11.2/junit-bom-5.11.2.pom
#15 8.525 [INFO] Downloaded from central: https://repo.maven.apache.org/maven2/org/junit/junit-bom/5.11.2/junit-bom-5.11.2.pom (5.6 kB at 28 kB/s)
#15 8.529 [INFO] Downloading from central: https://repo.maven.apache.org/maven2/org/cyclonedx/cyclonedx-maven-plugin/2.9.1/cyclonedx-maven-plugin-2.9.1.jar
#15 8.774 [INFO] Downloaded from central: https://repo.maven.apache.org/maven2/org/cyclonedx/cyclonedx-maven-plugin/2.9.1/cyclonedx-maven-plugin-2.9.1.jar (52 kB at 212 kB/s)
#15 8.779 [INFO] Downloading from central: https://repo.maven.apache.org/maven2/org/flywaydb/flyway-maven-plugin/11.7.2/flyway-maven-plugin-11.7.2.pom
#15 8.982 [INFO] Downloaded from central: https://repo.maven.apache.org/maven2/org/flywaydb/flyway-maven-plugin/11.7.2/flyway-maven-plugin-11.7.2.pom (3.8 kB at 18 kB/s)
#15 8.985 [INFO] Downloading from central: https://repo.maven.apache.org/maven2/org/flywaydb/flyway-parent/11.7.2/flyway-parent-11.7.2.pom
#15 9.194 [INFO] Downloaded from central: https://repo.maven.apache.org/maven2/org/flywaydb/flyway-parent/11.7.2/flyway-parent-11.7.2.pom (36 kB at 174 kB/s)
#15 9.199 [INFO] Downloading from central: https://repo.maven.apache.org/maven2/org/flywaydb/flyway-maven-plugin/11.7.2/flyway-maven-plugin-11.7.2.jar
#15 9.491 [INFO] Downloaded from central: https://repo.maven.apache.org/maven2/org/flywaydb/flyway-maven-plugin/11.7.2/flyway-maven-plugin-11.7.2.jar (110 kB at 379 kB/s)
#15 9.502 [INFO] Downloading from central: https://repo.maven.apache.org/maven2/io/github/git-commit-id/git-commit-id-maven-plugin/9.0.2/git-commit-id-maven-plugin-9.0.2.pom
#15 9.708 [INFO] Downloaded from central: https://repo.maven.apache.org/maven2/io/github/git-commit-id/git-commit-id-maven-plugin/9.0.2/git-commit-id-maven-plugin-9.0.2.pom (28 kB at 133 kB/s)
#15 9.714 [INFO] Downloading from central: https://repo.maven.apache.org/maven2/io/github/git-commit-id/git-commit-id-maven-plugin/9.0.2/git-commit-id-maven-plugin-9.0.2.jar
#15 9.966 [INFO] Downloaded from central: https://repo.maven.apache.org/maven2/io/github/git-commit-id/git-commit-id-maven-plugin/9.0.2/git-commit-id-maven-plugin-9.0.2.jar (55 kB at 217 kB/s)
#15 9.972 [INFO] Downloading from central: https://repo.maven.apache.org/maven2/org/jooq/jooq-codegen-maven/3.19.29/jooq-codegen-maven-3.19.29.pom
#15 10.18 [INFO] Downloaded from central: https://repo.maven.apache.org/maven2/org/jooq/jooq-codegen-maven/3.19.29/jooq-codegen-maven-3.19.29.pom (3.9 kB at 19 kB/s)
#15 10.19 [INFO] Downloading from central: https://repo.maven.apache.org/maven2/org/jooq/jooq-parent/3.19.29/jooq-parent-3.19.29.pom
#15 10.39 [INFO] Downloaded from central: https://repo.maven.apache.org/maven2/org/jooq/jooq-parent/3.19.29/jooq-parent-3.19.29.pom (41 kB at 196 kB/s)
#15 10.40 [INFO] Downloading from central: https://repo.maven.apache.org/maven2/org/jooq/jooq-codegen-maven/3.19.29/jooq-codegen-maven-3.19.29.jar
#15 10.61 [INFO] Downloaded from central: https://repo.maven.apache.org/maven2/org/jooq/jooq-codegen-maven/3.19.29/jooq-codegen-maven-3.19.29.jar (18 kB at 87 kB/s)
#15 10.62 [INFO] Downloading from central: https://repo.maven.apache.org/maven2/org/jetbrains/kotlin/kotlin-maven-plugin/1.9.25/kotlin-maven-plugin-1.9.25.pom
#15 10.82 [INFO] Downloaded from central: https://repo.maven.apache.org/maven2/org/jetbrains/kotlin/kotlin-maven-plugin/1.9.25/kotlin-maven-plugin-1.9.25.pom (6.7 kB at 33 kB/s)
#15 10.82 [INFO] Downloading from central: https://repo.maven.apache.org/maven2/org/jetbrains/kotlin/kotlin-project/1.9.25/kotlin-project-1.9.25.pom
#15 11.03 [INFO] Downloaded from central: https://repo.maven.apache.org/maven2/org/jetbrains/kotlin/kotlin-project/1.9.25/kotlin-project-1.9.25.pom (16 kB at 76 kB/s)
#15 11.03 [INFO] Downloading from central: https://repo.maven.apache.org/maven2/org/jetbrains/kotlin/kotlin-maven-plugin/1.9.25/kotlin-maven-plugin-1.9.25.jar
#15 11.30 [INFO] Downloaded from central: https://repo.maven.apache.org/maven2/org/jetbrains/kotlin/kotlin-maven-plugin/1.9.25/kotlin-maven-plugin-1.9.25.jar (82 kB at 304 kB/s)
#15 11.31 [INFO] Downloading from central: https://repo.maven.apache.org/maven2/org/liquibase/liquibase-maven-plugin/4.31.1/liquibase-maven-plugin-4.31.1.pom
#15 11.51 [INFO] Downloaded from central: https://repo.maven.apache.org/maven2/org/liquibase/liquibase-maven-plugin/4.31.1/liquibase-maven-plugin-4.31.1.pom (2.0 kB at 9.7 kB/s)
#15 11.52 [INFO] Downloading from central: https://repo.maven.apache.org/maven2/org/liquibase/liquibase-maven-plugin/4.31.1/liquibase-maven-plugin-4.31.1.jar
#15 12.01 [INFO] Downloaded from central: https://repo.maven.apache.org/maven2/org/liquibase/liquibase-maven-plugin/4.31.1/liquibase-maven-plugin-4.31.1.jar (352 kB at 706 kB/s)
#15 12.07 [INFO] Downloading from central: https://repo.maven.apache.org/maven2/org/apache/maven/plugins/maven-antrun-plugin/3.1.0/maven-antrun-plugin-3.1.0.pom
#15 12.27 [INFO] Downloaded from central: https://repo.maven.apache.org/maven2/org/apache/maven/plugins/maven-antrun-plugin/3.1.0/maven-antrun-plugin-3.1.0.pom (9.1 kB at 45 kB/s)
#15 12.28 [INFO] Downloading from central: https://repo.maven.apache.org/maven2/org/apache/maven/plugins/maven-plugins/34/maven-plugins-34.pom
#15 12.48 [INFO] Downloaded from central: https://repo.maven.apache.org/maven2/org/apache/maven/plugins/maven-plugins/34/maven-plugins-34.pom (11 kB at 53 kB/s)
#15 12.49 [INFO] Downloading from central: https://repo.maven.apache.org/maven2/org/apache/maven/plugins/maven-antrun-plugin/3.1.0/maven-antrun-plugin-3.1.0.jar
#15 12.70 [INFO] Downloaded from central: https://repo.maven.apache.org/maven2/org/apache/maven/plugins/maven-antrun-plugin/3.1.0/maven-antrun-plugin-3.1.0.jar (41 kB at 195 kB/s)
#15 12.70 [INFO] Downloading from central: https://repo.maven.apache.org/maven2/org/apache/maven/plugins/maven-assembly-plugin/3.7.1/maven-assembly-plugin-3.7.1.pom
#15 12.91 [INFO] Downloaded from central: https://repo.maven.apache.org/maven2/org/apache/maven/plugins/maven-assembly-plugin/3.7.1/maven-assembly-plugin-3.7.1.pom (15 kB at 74 kB/s)
#15 12.91 [INFO] Downloading from central: https://repo.maven.apache.org/maven2/org/apache/maven/plugins/maven-plugins/41/maven-plugins-41.pom
#15 13.11 [INFO] Downloaded from central: https://repo.maven.apache.org/maven2/org/apache/maven/plugins/maven-plugins/41/maven-plugins-41.pom (7.4 kB at 36 kB/s)
#15 13.12 [INFO] Downloading from central: https://repo.maven.apache.org/maven2/org/apache/maven/plugins/maven-assembly-plugin/3.7.1/maven-assembly-plugin-3.7.1.jar
#15 13.40 [INFO] Downloaded from central: https://repo.maven.apache.org/maven2/org/apache/maven/plugins/maven-assembly-plugin/3.7.1/maven-assembly-plugin-3.7.1.jar (240 kB at 885 kB/s)
#15 13.40 [INFO] Downloading from central: https://repo.maven.apache.org/maven2/org/apache/maven/plugins/maven-compiler-plugin/3.14.1/maven-compiler-plugin-3.14.1.pom
#15 13.61 [INFO] Downloaded from central: https://repo.maven.apache.org/maven2/org/apache/maven/plugins/maven-compiler-plugin/3.14.1/maven-compiler-plugin-3.14.1.pom (9.9 kB at 48 kB/s)
#15 13.61 [INFO] Downloading from central: https://repo.maven.apache.org/maven2/org/apache/maven/plugins/maven-plugins/45/maven-plugins-45.pom
#15 13.81 [INFO] Downloaded from central: https://repo.maven.apache.org/maven2/org/apache/maven/plugins/maven-plugins/45/maven-plugins-45.pom (8.4 kB at 41 kB/s)
#15 13.81 [INFO] Downloading from central: https://repo.maven.apache.org/maven2/org/apache/maven/maven-parent/45/maven-parent-45.pom
#15 14.02 [INFO] Downloaded from central: https://repo.maven.apache.org/maven2/org/apache/maven/maven-parent/45/maven-parent-45.pom (53 kB at 255 kB/s)
#15 14.03 [INFO] Downloading from central: https://repo.maven.apache.org/maven2/org/junit/junit-bom/5.13.1/junit-bom-5.13.1.pom
#15 14.23 [INFO] Downloaded from central: https://repo.maven.apache.org/maven2/org/junit/junit-bom/5.13.1/junit-bom-5.13.1.pom (5.6 kB at 28 kB/s)
#15 14.23 [INFO] Downloading from central: https://repo.maven.apache.org/maven2/org/apache/maven/plugins/maven-compiler-plugin/3.14.1/maven-compiler-plugin-3.14.1.jar
#15 14.46 [INFO] Downloaded from central: https://repo.maven.apache.org/maven2/org/apache/maven/plugins/maven-compiler-plugin/3.14.1/maven-compiler-plugin-3.14.1.jar (84 kB at 370 kB/s)
#15 14.46 [INFO] Downloading from central: https://repo.maven.apache.org/maven2/org/apache/maven/plugins/maven-dependency-plugin/3.8.1/maven-dependency-plugin-3.8.1.pom
#15 14.67 [INFO] Downloaded from central: https://repo.maven.apache.org/maven2/org/apache/maven/plugins/maven-dependency-plugin/3.8.1/maven-dependency-plugin-3.8.1.pom (18 kB at 87 kB/s)
#15 14.68 [INFO] Downloading from central: https://repo.maven.apache.org/maven2/org/apache/maven/plugins/maven-dependency-plugin/3.8.1/maven-dependency-plugin-3.8.1.jar
#15 14.94 [INFO] Downloaded from central: https://repo.maven.apache.org/maven2/org/apache/maven/plugins/maven-dependency-plugin/3.8.1/maven-dependency-plugin-3.8.1.jar (208 kB at 773 kB/s)
#15 14.96 [INFO] 
#15 14.96 [INFO] ------------------------< org.tripsphere:note >-------------------------
#15 14.96 [INFO] Building trip-note-service 0.1.0
#15 14.96 [INFO]   from pom.xml
#15 14.96 [INFO] --------------------------------[ jar ]---------------------------------
#15 14.97 [INFO] 
#15 14.97 [INFO] --- dependency:3.8.1:go-offline (default-cli) @ note ---
#15 14.98 [INFO] Downloading from central: https://repo.maven.apache.org/maven2/org/apache/maven/doxia/doxia-sink-api/2.0.0/doxia-sink-api-2.0.0.pom
#15 15.18 [INFO] Downloaded from central: https://repo.maven.apache.org/maven2/org/apache/maven/doxia/doxia-sink-api/2.0.0/doxia-sink-api-2.0.0.pom (1.4 kB at 6.7 kB/s)
#15 15.19 [INFO] Downloading from central: https://repo.maven.apache.org/maven2/org/apache/maven/doxia/doxia/2.0.0/doxia-2.0.0.pom
#15 15.39 [INFO] Downloaded from central: https://repo.maven.apache.org/maven2/org/apache/maven/doxia/doxia/2.0.0/doxia-2.0.0.pom (17 kB at 84 kB/s)
#15 15.40 [INFO] Downloading from central: https://repo.maven.apache.org/maven2/org/junit/junit-bom/5.11.1/junit-bom-5.11.1.pom
#15 15.61 [INFO] Downloaded from central: https://repo.maven.apache.org/maven2/org/junit/junit-bom/5.11.1/junit-bom-5.11.1.pom (5.6 kB at 27 kB/s)
#15 15.61 [INFO] Downloading from central: https://repo.maven.apache.org/maven2/org/apache/maven/reporting/maven-reporting-api/4.0.0/maven-reporting-api-4.0.0.pom
#15 15.84 [INFO] Downloaded from central: https://repo.maven.apache.org/maven2/org/apache/maven/reporting/maven-reporting-api/4.0.0/maven-reporting-api-4.0.0.pom (2.8 kB at 13 kB/s)
#15 15.84 [INFO] Downloading from central: https://repo.maven.apache.org/maven2/org/apache/maven/shared/maven-shared-components/43/maven-shared-components-43.pom
#15 16.04 [INFO] Downloaded from central: https://repo.maven.apache.org/maven2/org/apache/maven/shared/maven-shared-components/43/maven-shared-components-43.pom (3.8 kB at 19 kB/s)
#15 16.05 [INFO] Downloading from central: https://repo.maven.apache.org/maven2/org/apache/maven/reporting/maven-reporting-impl/4.0.0/maven-reporting-impl-4.0.0.pom
#15 16.25 [INFO] Downloaded from central: https://repo.maven.apache.org/maven2/org/apache/maven/reporting/maven-reporting-impl/4.0.0/maven-reporting-impl-4.0.0.pom (8.8 kB at 43 kB/s)
#15 16.25 [INFO] Downloading from central: https://repo.maven.apache.org/maven2/org/apache/maven/shared/maven-shared-utils/3.4.2/maven-shared-utils-3.4.2.pom
#15 16.46 [INFO] Downloaded from central: https://repo.maven.apache.org/maven2/org/apache/maven/shared/maven-shared-utils/3.4.2/maven-shared-utils-3.4.2.pom (5.9 kB at 29 kB/s)
#15 16.48 [INFO] Downloading from central: https://repo.maven.apache.org/maven2/org/apache/maven/doxia/doxia-site-model/2.0.0/doxia-site-model-2.0.0.pom
#15 16.68 [INFO] Downloaded from central: https://repo.maven.apache.org/maven2/org/apache/maven/doxia/doxia-site-model/2.0.0/doxia-site-model-2.0.0.pom (5.8 kB at 28 kB/s)
#15 16.68 [INFO] Downloading from central: https://repo.maven.apache.org/maven2/org/apache/maven/doxia/doxia-sitetools/2.0.0/doxia-sitetools-2.0.0.pom
#15 16.89 [INFO] Downloaded from central: https://repo.maven.apache.org/maven2/org/apache/maven/doxia/doxia-sitetools/2.0.0/doxia-sitetools-2.0.0.pom (12 kB at 58 kB/s)
#15 16.90 [INFO] Downloading from central: https://repo.maven.apache.org/maven2/org/eclipse/sisu/org.eclipse.sisu.plexus/0.9.0.M3/org.eclipse.sisu.plexus-0.9.0.M3.pom
#15 17.10 [INFO] Downloaded from central: https://repo.maven.apache.org/maven2/org/eclipse/sisu/org.eclipse.sisu.plexus/0.9.0.M3/org.eclipse.sisu.plexus-0.9.0.M3.pom (17 kB at 85 kB/s)
#15 17.10 [INFO] Downloading from central: https://repo.maven.apache.org/maven2/org/eclipse/sisu/sisu-inject/0.9.0.M3/sisu-inject-0.9.0.M3.pom
#15 17.30 [INFO] Downloaded from central: https://repo.maven.apache.org/maven2/org/eclipse/sisu/sisu-inject/0.9.0.M3/sisu-inject-0.9.0.M3.pom (24 kB at 116 kB/s)
#15 17.31 [INFO] Downloading from central: https://repo.maven.apache.org/maven2/org/eclipse/sisu/org.eclipse.sisu.inject/0.9.0.M3/org.eclipse.sisu.inject-0.9.0.M3.pom
#15 17.51 [INFO] Downloaded from central: https://repo.maven.apache.org/maven2/org/eclipse/sisu/org.eclipse.sisu.inject/0.9.0.M3/org.eclipse.sisu.inject-0.9.0.M3.pom (20 kB at 97 kB/s)
#15 17.51 [INFO] Downloading from central: https://repo.maven.apache.org/maven2/org/codehaus/plexus/plexus-component-annotations/2.1.0/plexus-component-annotations-2.1.0.pom
#15 17.72 [INFO] Downloaded from central: https://repo.maven.apache.org/maven2/org/codehaus/plexus/plexus-component-annotations/2.1.0/plexus-component-annotations-2.1.0.pom (750 B at 3.6 kB/s)
#15 17.72 [INFO] Downloading from central: https://repo.maven.apache.org/maven2/org/codehaus/plexus/plexus-containers/2.1.0/plexus-containers-2.1.0.pom
#15 17.93 [INFO] Downloaded from central: https://repo.maven.apache.org/maven2/org/codehaus/plexus/plexus-containers/2.1.0/plexus-containers-2.1.0.pom (4.8 kB at 24 kB/s)
#15 17.94 [INFO] Downloading from central: https://repo.maven.apache.org/maven2/org/codehaus/plexus/plexus-xml/3.0.1/plexus-xml-3.0.1.pom
#15 18.14 [INFO] Downloaded from central: https://repo.maven.apache.org/maven2/org/codehaus/plexus/plexus-xml/3.0.1/plexus-xml-3.0.1.pom (3.7 kB at 18 kB/s)
#15 18.15 [INFO] Downloading from central: https://repo.maven.apache.org/maven2/org/codehaus/plexus/plexus/18/plexus-18.pom
#15 18.35 [INFO] Downloaded from central: https://repo.maven.apache.org/maven2/org/codehaus/plexus/plexus/18/plexus-18.pom (29 kB at 141 kB/s)
#15 18.36 [INFO] Downloading from central: https://repo.maven.apache.org/maven2/org/apache/maven/doxia/doxia-core/2.0.0/doxia-core-2.0.0.pom
#15 18.57 [INFO] Downloaded from central: https://repo.maven.apache.org/maven2/org/apache/maven/doxia/doxia-core/2.0.0/doxia-core-2.0.0.pom (3.9 kB at 19 kB/s)
#15 18.57 [INFO] Downloading from central: https://repo.maven.apache.org/maven2/commons-io/commons-io/2.17.0/commons-io-2.17.0.pom
#15 18.95 [INFO] Downloaded from central: https://repo.maven.apache.org/maven2/commons-io/commons-io/2.17.0/commons-io-2.17.0.pom (20 kB at 53 kB/s)
#15 18.96 [INFO] Downloading from central: https://repo.maven.apache.org/maven2/org/apache/commons/commons-parent/74/commons-parent-74.pom
#15 19.17 [INFO] Downloaded from central: https://repo.maven.apache.org/maven2/org/apache/commons/commons-parent/74/commons-parent-74.pom (78 kB at 369 kB/s)
#15 19.17 [INFO] Downloading from central: https://repo.maven.apache.org/maven2/org/junit/junit-bom/5.11.0/junit-bom-5.11.0.pom
#15 19.38 [INFO] Downloaded from central: https://repo.maven.apache.org/maven2/org/junit/junit-bom/5.11.0/junit-bom-5.11.0.pom (5.6 kB at 28 kB/s)
#15 19.38 [INFO] Downloading from central: https://repo.maven.apache.org/maven2/org/apache/commons/commons-text/1.12.0/commons-text-1.12.0.pom
#15 19.58 [INFO] Downloaded from central: https://repo.maven.apache.org/maven2/org/apache/commons/commons-text/1.12.0/commons-text-1.12.0.pom (20 kB at 97 kB/s)
#15 19.62 [INFO] Downloading from central: https://repo.maven.apache.org/maven2/org/apache/commons/commons-lang3/3.17.0/commons-lang3-3.17.0.pom
#15 19.83 [INFO] Downloaded from central: https://repo.maven.apache.org/maven2/org/apache/commons/commons-lang3/3.17.0/commons-lang3-3.17.0.pom (31 kB at 152 kB/s)
#15 19.83 [INFO] Downloading from central: https://repo.maven.apache.org/maven2/org/apache/commons/commons-parent/73/commons-parent-73.pom
#15 20.05 [INFO] Downloaded from central: https://repo.maven.apache.org/maven2/org/apache/commons/commons-parent/73/commons-parent-73.pom (78 kB at 366 kB/s)
#15 20.05 [INFO] Downloading from central: https://repo.maven.apache.org/maven2/org/apache/maven/doxia/doxia-integration-tools/2.0.0/doxia-integration-tools-2.0.0.pom
#15 20.26 [INFO] Downloaded from central: https://repo.maven.apache.org/maven2/org/apache/maven/doxia/doxia-integration-tools/2.0.0/doxia-integration-tools-2.0.0.pom (7.8 kB at 37 kB/s)
#15 20.27 [INFO] Downloading from central: https://repo.maven.apache.org/maven2/org/codehaus/plexus/plexus-i18n/1.0-beta-10/plexus-i18n-1.0-beta-10.pom
#15 20.48 [INFO] Downloaded from central: https://repo.maven.apache.org/maven2/org/codehaus/plexus/plexus-i18n/1.0-beta-10/plexus-i18n-1.0-beta-10.pom (2.1 kB at 9.9 kB/s)
#15 20.48 [INFO] Downloading from central: https://repo.maven.apache.org/maven2/org/codehaus/plexus/plexus-components/1.1.12/plexus-components-1.1.12.pom
#15 20.68 [INFO] Downloaded from central: https://repo.maven.apache.org/maven2/org/codehaus/plexus/plexus-components/1.1.12/plexus-components-1.1.12.pom (3.0 kB at 15 kB/s)
#15 20.68 [INFO] Downloading from central: https://repo.maven.apache.org/maven2/org/codehaus/plexus/plexus/1.0.10/plexus-1.0.10.pom
#15 20.88 [INFO] Downloaded from central: https://repo.maven.apache.org/maven2/org/codehaus/plexus/plexus/1.0.10/plexus-1.0.10.pom (8.2 kB at 41 kB/s)
#15 20.89 [INFO] Downloading from central: https://repo.maven.apache.org/maven2/org/apache/maven/doxia/doxia-site-renderer/2.0.0/doxia-site-renderer-2.0.0.pom
#15 21.10 [INFO] Downloaded from central: https://repo.maven.apache.org/maven2/org/apache/maven/doxia/doxia-site-renderer/2.0.0/doxia-site-renderer-2.0.0.pom (7.4 kB at 36 kB/s)
#15 21.10 [INFO] Downloading from central: https://repo.maven.apache.org/maven2/org/apache/maven/doxia/doxia-skin-model/2.0.0/doxia-skin-model-2.0.0.pom
#15 21.31 [INFO] Downloaded from central: https://repo.maven.apache.org/maven2/org/apache/maven/doxia/doxia-skin-model/2.0.0/doxia-skin-model-2.0.0.pom (3.0 kB at 14 kB/s)
#15 21.32 [INFO] Downloading from central: https://repo.maven.apache.org/maven2/org/apache/maven/doxia/doxia-module-xhtml5/2.0.0/doxia-module-xhtml5-2.0.0.pom
#15 21.52 [INFO] Downloaded from central: https://repo.maven.apache.org/maven2/org/apache/maven/doxia/doxia-module-xhtml5/2.0.0/doxia-module-xhtml5-2.0.0.pom (2.9 kB at 14 kB/s)
#15 21.52 [INFO] Downloading from central: https://repo.maven.apache.org/maven2/org/apache/maven/doxia/doxia-modules/2.0.0/doxia-modules-2.0.0.pom
#15 21.73 [INFO] Downloaded from central: https://repo.maven.apache.org/maven2/org/apache/maven/doxia/doxia-modules/2.0.0/doxia-modules-2.0.0.pom (2.5 kB at 12 kB/s)
#15 21.73 [INFO] Downloading from central: https://repo.maven.apache.org/maven2/org/codehaus/plexus/plexus-velocity/2.2.0/plexus-velocity-2.2.0.pom
#15 21.94 [INFO] Downloaded from central: https://repo.maven.apache.org/maven2/org/codehaus/plexus/plexus-velocity/2.2.0/plexus-velocity-2.2.0.pom (4.1 kB at 20 kB/s)
#15 21.94 [INFO] Downloading from central: https://repo.maven.apache.org/maven2/org/codehaus/plexus/plexus/19/plexus-19.pom
#15 22.14 [INFO] Downloaded from central: https://repo.maven.apache.org/maven2/org/codehaus/plexus/plexus/19/plexus-19.pom (25 kB at 126 kB/s)
#15 22.15 [INFO] Downloading from central: https://repo.maven.apache.org/maven2/org/apache/velocity/velocity-engine-core/2.4/velocity-engine-core-2.4.pom
#15 22.35 [INFO] Downloaded from central: https://repo.maven.apache.org/maven2/org/apache/velocity/velocity-engine-core/2.4/velocity-engine-core-2.4.pom (12 kB at 59 kB/s)
#15 22.35 [INFO] Downloading from central: https://repo.maven.apache.org/maven2/org/apache/velocity/velocity-engine-parent/2.4/velocity-engine-parent-2.4.pom
#15 22.56 [INFO] Downloaded from central: https://repo.maven.apache.org/maven2/org/apache/velocity/velocity-engine-parent/2.4/velocity-engine-parent-2.4.pom (9.5 kB at 47 kB/s)
#15 22.56 [INFO] Downloading from central: https://repo.maven.apache.org/maven2/org/apache/velocity/velocity-master/7/velocity-master-7.pom
#15 22.76 [INFO] Downloaded from central: https://repo.maven.apache.org/maven2/org/apache/velocity/velocity-master/7/velocity-master-7.pom (7.9 kB at 39 kB/s)
#15 22.77 [INFO] Downloading from central: https://repo.maven.apache.org/maven2/org/apache/velocity/tools/velocity-tools-generic/3.1/velocity-tools-generic-3.1.pom
#15 22.97 [INFO] Downloaded from central: https://repo.maven.apache.org/maven2/org/apache/velocity/tools/velocity-tools-generic/3.1/velocity-tools-generic-3.1.pom (2.6 kB at 12 kB/s)
#15 22.97 [INFO] Downloading from central: https://repo.maven.apache.org/maven2/org/apache/velocity/tools/velocity-tools-parent/3.1/velocity-tools-parent-3.1.pom
#15 23.18 [INFO] Downloaded from central: https://repo.maven.apache.org/maven2/org/apache/velocity/tools/velocity-tools-parent/3.1/velocity-tools-parent-3.1.pom (8.0 kB at 39 kB/s)
#15 23.18 [INFO] Downloading from central: https://repo.maven.apache.org/maven2/org/apache/velocity/velocity-master/4/velocity-master-4.pom
#15 23.38 [INFO] Downloaded from central: https://repo.maven.apache.org/maven2/org/apache/velocity/velocity-master/4/velocity-master-4.pom (7.8 kB at 39 kB/s)
#15 23.39 [INFO] Downloading from central: https://repo.maven.apache.org/maven2/org/apache/velocity/velocity-engine-core/2.3/velocity-engine-core-2.3.pom
#15 23.59 [INFO] Downloaded from central: https://repo.maven.apache.org/maven2/org/apache/velocity/velocity-engine-core/2.3/velocity-engine-core-2.3.pom (10 kB at 52 kB/s)
#15 23.59 [INFO] Downloading from central: https://repo.maven.apache.org/maven2/org/apache/velocity/velocity-engine-parent/2.3/velocity-engine-parent-2.3.pom
#15 23.80 [INFO] Downloaded from central: https://repo.maven.apache.org/maven2/org/apache/velocity/velocity-engine-parent/2.3/velocity-engine-parent-2.3.pom (14 kB at 67 kB/s)
#15 23.80 [INFO] Downloading from central: https://repo.maven.apache.org/maven2/org/apache/commons/commons-lang3/3.11/commons-lang3-3.11.pom
#15 24.03 [INFO] Downloaded from central: https://repo.maven.apache.org/maven2/org/apache/commons/commons-lang3/3.11/commons-lang3-3.11.pom (30 kB at 135 kB/s)
#15 24.03 [INFO] Downloading from central: https://repo.maven.apache.org/maven2/org/apache/commons/commons-parent/51/commons-parent-51.pom
#15 24.25 [INFO] Downloaded from central: https://repo.maven.apache.org/maven2/org/apache/commons/commons-parent/51/commons-parent-51.pom (78 kB at 359 kB/s)
#15 24.25 [INFO] Downloading from central: https://repo.maven.apache.org/maven2/org/slf4j/slf4j-api/1.7.30/slf4j-api-1.7.30.pom
#15 24.45 [INFO] Downloaded from central: https://repo.maven.apache.org/maven2/org/slf4j/slf4j-api/1.7.30/slf4j-api-1.7.30.pom (3.8 kB at 19 kB/s)
#15 24.45 [INFO] Downloading from central: https://repo.maven.apache.org/maven2/org/slf4j/slf4j-parent/1.7.30/slf4j-parent-1.7.30.pom
#15 24.66 [INFO] Downloaded from central: https://repo.maven.apache.org/maven2/org/slf4j/slf4j-parent/1.7.30/slf4j-parent-1.7.30.pom (14 kB at 66 kB/s)
#15 24.67 [INFO] Downloading from central: https://repo.maven.apache.org/maven2/commons-beanutils/commons-beanutils/1.9.4/commons-beanutils-1.9.4.pom
#15 24.87 [INFO] Downloaded from central: https://repo.maven.apache.org/maven2/commons-beanutils/commons-beanutils/1.9.4/commons-beanutils-1.9.4.pom (18 kB at 88 kB/s)
#15 24.88 [INFO] Downloading from central: https://repo.maven.apache.org/maven2/commons-logging/commons-logging/1.2/commons-logging-1.2.pom
#15 25.08 [INFO] Downloaded from central: https://repo.maven.apache.org/maven2/commons-logging/commons-logging/1.2/commons-logging-1.2.pom (19 kB at 94 kB/s)
#15 25.09 [INFO] Downloading from central: https://repo.maven.apache.org/maven2/org/apache/commons/commons-parent/34/commons-parent-34.pom
#15 25.29 [INFO] Downloaded from central: https://repo.maven.apache.org/maven2/org/apache/commons/commons-parent/34/commons-parent-34.pom (56 kB at 272 kB/s)
#15 25.30 [INFO] Downloading from central: https://repo.maven.apache.org/maven2/commons-collections/commons-collections/3.2.2/commons-collections-3.2.2.pom
#15 25.50 [INFO] Downloaded from central: https://repo.maven.apache.org/maven2/commons-collections/commons-collections/3.2.2/commons-collections-3.2.2.pom (12 kB at 61 kB/s)
#15 25.51 [INFO] Downloading from central: https://repo.maven.apache.org/maven2/org/apache/commons/commons-parent/39/commons-parent-39.pom
#15 25.72 [INFO] Downloaded from central: https://repo.maven.apache.org/maven2/org/apache/commons/commons-parent/39/commons-parent-39.pom (62 kB at 284 kB/s)
#15 25.73 [INFO] Downloading from central: https://repo.maven.apache.org/maven2/org/apache/commons/commons-digester3/3.2/commons-digester3-3.2.pom
#15 25.93 [INFO] Downloaded from central: https://repo.maven.apache.org/maven2/org/apache/commons/commons-digester3/3.2/commons-digester3-3.2.pom (18 kB at 87 kB/s)
#15 25.94 [INFO] Downloading from central: https://repo.maven.apache.org/maven2/org/apache/commons/commons-parent/22/commons-parent-22.pom
#15 26.15 [INFO] Downloaded from central: https://repo.maven.apache.org/maven2/org/apache/commons/commons-parent/22/commons-parent-22.pom (42 kB at 197 kB/s)
#15 26.16 [INFO] Downloading from central: https://repo.maven.apache.org/maven2/commons-beanutils/commons-beanutils/1.8.3/commons-beanutils-1.8.3.pom
#15 26.36 [INFO] Downloaded from central: https://repo.maven.apache.org/maven2/commons-beanutils/commons-beanutils/1.8.3/commons-beanutils-1.8.3.pom (11 kB at 55 kB/s)
#15 26.37 [INFO] Downloading from central: https://repo.maven.apache.org/maven2/org/apache/commons/commons-parent/14/commons-parent-14.pom
#15 26.57 [INFO] Downloaded from central: https://repo.maven.apache.org/maven2/org/apache/commons/commons-parent/14/commons-parent-14.pom (31 kB at 153 kB/s)
#15 26.57 [INFO] Downloading from central: https://repo.maven.apache.org/maven2/org/apache/apache/7/apache-7.pom
#15 26.78 [INFO] Downloaded from central: https://repo.maven.apache.org/maven2/org/apache/apache/7/apache-7.pom (14 kB at 71 kB/s)
#15 26.78 [INFO] Downloading from central: https://repo.maven.apache.org/maven2/commons-logging/commons-logging/1.1.1/commons-logging-1.1.1.pom
#15 26.99 [INFO] Downloaded from central: https://repo.maven.apache.org/maven2/commons-logging/commons-logging/1.1.1/commons-logging-1.1.1.pom (18 kB at 89 kB/s)
#15 26.99 [INFO] Downloading from central: https://repo.maven.apache.org/maven2/org/apache/commons/commons-parent/5/commons-parent-5.pom
#15 27.21 [INFO] Downloaded from central: https://repo.maven.apache.org/maven2/org/apache/commons/commons-parent/5/commons-parent-5.pom (16 kB at 74 kB/s)
#15 27.21 [INFO] Downloading from central: https://repo.maven.apache.org/maven2/org/apache/apache/4/apache-4.pom
#15 27.41 [INFO] Downloaded from central: https://repo.maven.apache.org/maven2/org/apache/apache/4/apache-4.pom (4.5 kB at 22 kB/s)
#15 27.42 [INFO] Downloading from central: https://repo.maven.apache.org/maven2/org/apache/commons/commons-lang3/3.10/commons-lang3-3.10.pom
#15 27.62 [INFO] Downloaded from central: https://repo.maven.apache.org/maven2/org/apache/commons/commons-lang3/3.10/commons-lang3-3.10.pom (31 kB at 150 kB/s)
#15 27.62 [INFO] Downloading from central: https://repo.maven.apache.org/maven2/org/apache/commons/commons-parent/50/commons-parent-50.pom
#15 27.83 [INFO] Downloaded from central: https://repo.maven.apache.org/maven2/org/apache/commons/commons-parent/50/commons-parent-50.pom (76 kB at 357 kB/s)
#15 27.84 [INFO] Downloading from central: https://repo.maven.apache.org/maven2/com/github/cliftonlabs/json-simple/3.0.2/json-simple-3.0.2.pom
#15 28.05 [INFO] Downloaded from central: https://repo.maven.apache.org/maven2/com/github/cliftonlabs/json-simple/3.0.2/json-simple-3.0.2.pom (7.5 kB at 37 kB/s)
#15 28.05 [INFO] Downloading from central: https://repo.maven.apache.org/maven2/org/apache/maven/doxia/doxia-module-apt/2.0.0/doxia-module-apt-2.0.0.pom
#15 28.25 [INFO] Downloaded from central: https://repo.maven.apache.org/maven2/org/apache/maven/doxia/doxia-module-apt/2.0.0/doxia-module-apt-2.0.0.pom (2.9 kB at 14 kB/s)
#15 28.26 [INFO] Downloading from central: https://repo.maven.apache.org/maven2/org/apache/maven/doxia/doxia-module-xdoc/2.0.0/doxia-module-xdoc-2.0.0.pom
#15 28.46 [INFO] Downloaded from central: https://repo.maven.apache.org/maven2/org/apache/maven/doxia/doxia-module-xdoc/2.0.0/doxia-module-xdoc-2.0.0.pom (5.4 kB at 26 kB/s)
#15 28.47 [INFO] Downloading from central: https://repo.maven.apache.org/maven2/commons-io/commons-io/2.15.1/commons-io-2.15.1.pom
#15 28.68 [INFO] Downloaded from central: https://repo.maven.apache.org/maven2/commons-io/commons-io/2.15.1/commons-io-2.15.1.pom (20 kB at 96 kB/s)
#15 28.68 [INFO] Downloading from central: https://repo.maven.apache.org/maven2/org/apache/commons/commons-parent/65/commons-parent-65.pom
#15 28.90 [INFO] Downloaded from central: https://repo.maven.apache.org/maven2/org/apache/commons/commons-parent/65/commons-parent-65.pom (78 kB at 354 kB/s)
#15 28.93 [INFO] Downloading from central: https://repo.maven.apache.org/maven2/org/codehaus/plexus/plexus-archiver/4.10.0/plexus-archiver-4.10.0.pom
#15 29.16 [INFO] Downloaded from central: https://repo.maven.apache.org/maven2/org/codehaus/plexus/plexus-archiver/4.10.0/plexus-archiver-4.10.0.pom (5.8 kB at 26 kB/s)
#15 29.16 [INFO] Downloading from central: https://repo.maven.apache.org/maven2/org/codehaus/plexus/plexus-io/3.5.0/plexus-io-3.5.0.pom
#15 29.36 [INFO] Downloaded from central: https://repo.maven.apache.org/maven2/org/codehaus/plexus/plexus-io/3.5.0/plexus-io-3.5.0.pom (4.3 kB at 21 kB/s)
#15 29.39 [INFO] Downloading from central: https://repo.maven.apache.org/maven2/io/airlift/aircompressor/0.27/aircompressor-0.27.pom
#15 29.62 [INFO] Downloaded from central: https://repo.maven.apache.org/maven2/io/airlift/aircompressor/0.27/aircompressor-0.27.pom (5.8 kB at 25 kB/s)
#15 29.62 [INFO] Downloading from central: https://repo.maven.apache.org/maven2/io/airlift/airbase/112/airbase-112.pom
#15 29.83 [INFO] Downloaded from central: https://repo.maven.apache.org/maven2/io/airlift/airbase/112/airbase-112.pom (69 kB at 329 kB/s)
#15 29.84 [INFO] Downloading from central: https://repo.maven.apache.org/maven2/org/junit/junit-bom/5.8.0-M1/junit-bom-5.8.0-M1.pom
#15 30.04 [INFO] Downloaded from central: https://repo.maven.apache.org/maven2/org/junit/junit-bom/5.8.0-M1/junit-bom-5.8.0-M1.pom (5.7 kB at 28 kB/s)
#15 30.04 [INFO] Downloading from central: https://repo.maven.apache.org/maven2/com/github/luben/zstd-jni/1.5.6-3/zstd-jni-1.5.6-3.pom
#15 30.25 [INFO] Downloaded from central: https://repo.maven.apache.org/maven2/com/github/luben/zstd-jni/1.5.6-3/zstd-jni-1.5.6-3.pom (2.0 kB at 9.6 kB/s)
#15 30.25 [INFO] Downloading from central: https://repo.maven.apache.org/maven2/org/codehaus/plexus/plexus-io/3.5.1/plexus-io-3.5.1.pom
#15 30.46 [INFO] Downloaded from central: https://repo.maven.apache.org/maven2/org/codehaus/plexus/plexus-io/3.5.1/plexus-io-3.5.1.pom (4.3 kB at 21 kB/s)
#15 30.46 [INFO] Downloading from central: https://repo.maven.apache.org/maven2/org/apache/maven/shared/maven-dependency-analyzer/1.15.0/maven-dependency-analyzer-1.15.0.pom
#15 30.67 [INFO] Downloaded from central: https://repo.maven.apache.org/maven2/org/apache/maven/shared/maven-dependency-analyzer/1.15.0/maven-dependency-analyzer-1.15.0.pom (32 kB at 157 kB/s)
#15 30.68 [INFO] Downloading from central: https://repo.maven.apache.org/maven2/org/apache/maven/shared/maven-dependency-tree/3.3.0/maven-dependency-tree-3.3.0.pom
#15 30.88 [INFO] Downloaded from central: https://repo.maven.apache.org/maven2/org/apache/maven/shared/maven-dependency-tree/3.3.0/maven-dependency-tree-3.3.0.pom (7.0 kB at 34 kB/s)
#15 30.89 [INFO] Downloading from central: https://repo.maven.apache.org/maven2/org/apache/maven/shared/maven-artifact-transfer/0.13.1/maven-artifact-transfer-0.13.1.pom
#15 31.09 [INFO] Downloaded from central: https://repo.maven.apache.org/maven2/org/apache/maven/shared/maven-artifact-transfer/0.13.1/maven-artifact-transfer-0.13.1.pom (11 kB at 55 kB/s)
#15 31.10 [INFO] Downloading from central: https://repo.maven.apache.org/maven2/org/codehaus/plexus/plexus-component-annotations/2.0.0/plexus-component-annotations-2.0.0.pom
#15 31.30 [INFO] Downloaded from central: https://repo.maven.apache.org/maven2/org/codehaus/plexus/plexus-component-annotations/2.0.0/plexus-component-annotations-2.0.0.pom (750 B at 3.7 kB/s)
#15 31.31 [INFO] Downloading from central: https://repo.maven.apache.org/maven2/org/codehaus/plexus/plexus-containers/2.0.0/plexus-containers-2.0.0.pom
#15 31.51 [INFO] Downloaded from central: https://repo.maven.apache.org/maven2/org/codehaus/plexus/plexus-containers/2.0.0/plexus-containers-2.0.0.pom (4.8 kB at 24 kB/s)
#15 31.51 [INFO] Downloading from central: https://repo.maven.apache.org/maven2/org/apache/maven/shared/maven-common-artifact-filters/3.1.0/maven-common-artifact-filters-3.1.0.pom
#15 31.72 [INFO] Downloaded from central: https://repo.maven.apache.org/maven2/org/apache/maven/shared/maven-common-artifact-filters/3.1.0/maven-common-artifact-filters-3.1.0.pom (5.3 kB at 26 kB/s)
#15 31.72 [INFO] Downloading from central: https://repo.maven.apache.org/maven2/org/apache/maven/shared/maven-shared-components/33/maven-shared-components-33.pom
#15 31.92 [INFO] Downloaded from central: https://repo.maven.apache.org/maven2/org/apache/maven/shared/maven-shared-components/33/maven-shared-components-33.pom (5.1 kB at 26 kB/s)
#15 31.96 [INFO] Downloading from central: https://repo.maven.apache.org/maven2/org/apache/maven/shared/maven-shared-utils/3.1.0/maven-shared-utils-3.1.0.pom
#15 32.16 [INFO] Downloaded from central: https://repo.maven.apache.org/maven2/org/apache/maven/shared/maven-shared-utils/3.1.0/maven-shared-utils-3.1.0.pom (5.0 kB at 25 kB/s)
#15 32.16 [INFO] Downloading from central: https://repo.maven.apache.org/maven2/org/apache/maven/shared/maven-shared-components/30/maven-shared-components-30.pom
#15 32.36 [INFO] Downloaded from central: https://repo.maven.apache.org/maven2/org/apache/maven/shared/maven-shared-components/30/maven-shared-components-30.pom (4.6 kB at 23 kB/s)
#15 32.36 [INFO] Downloading from central: https://repo.maven.apache.org/maven2/org/apache/maven/maven-parent/30/maven-parent-30.pom
#15 32.57 [INFO] Downloaded from central: https://repo.maven.apache.org/maven2/org/apache/maven/maven-parent/30/maven-parent-30.pom (41 kB at 201 kB/s)
#15 32.57 [INFO] Downloading from central: https://repo.maven.apache.org/maven2/commons-io/commons-io/2.5/commons-io-2.5.pom
#15 32.79 [INFO] Downloaded from central: https://repo.maven.apache.org/maven2/commons-io/commons-io/2.5/commons-io-2.5.pom (13 kB at 62 kB/s)
#15 32.79 [INFO] Downloading from central: https://repo.maven.apache.org/maven2/org/slf4j/slf4j-api/1.7.5/slf4j-api-1.7.5.pom
#15 33.00 [INFO] Downloaded from central: https://repo.maven.apache.org/maven2/org/slf4j/slf4j-api/1.7.5/slf4j-api-1.7.5.pom (2.7 kB at 13 kB/s)
#15 33.00 [INFO] Downloading from central: https://repo.maven.apache.org/maven2/org/slf4j/slf4j-parent/1.7.5/slf4j-parent-1.7.5.pom
#15 33.20 [INFO] Downloaded from central: https://repo.maven.apache.org/maven2/org/slf4j/slf4j-parent/1.7.5/slf4j-parent-1.7.5.pom (12 kB at 58 kB/s)
#15 33.23 [INFO] Downloading from central: https://repo.maven.apache.org/maven2/org/apache/maven/doxia/doxia-sink-api/2.0.0/doxia-sink-api-2.0.0.jar
#15 33.44 [INFO] Downloaded from central: https://repo.maven.apache.org/maven2/org/apache/maven/doxia/doxia-sink-api/2.0.0/doxia-sink-api-2.0.0.jar (11 kB at 55 kB/s)
#15 33.44 [INFO] Downloading from central: https://repo.maven.apache.org/maven2/org/apache/maven/reporting/maven-reporting-api/4.0.0/maven-reporting-api-4.0.0.jar
#15 33.44 [INFO] Downloading from central: https://repo.maven.apache.org/maven2/org/apache/maven/reporting/maven-reporting-impl/4.0.0/maven-reporting-impl-4.0.0.jar
#15 33.44 [INFO] Downloading from central: https://repo.maven.apache.org/maven2/org/apache/maven/doxia/doxia-site-model/2.0.0/doxia-site-model-2.0.0.jar
#15 33.44 [INFO] Downloading from central: https://repo.maven.apache.org/maven2/org/apache/maven/doxia/doxia-core/2.0.0/doxia-core-2.0.0.jar
#15 33.44 [INFO] Downloading from central: https://repo.maven.apache.org/maven2/org/apache/commons/commons-text/1.12.0/commons-text-1.12.0.jar
#15 33.64 [INFO] Downloaded from central: https://repo.maven.apache.org/maven2/org/apache/maven/reporting/maven-reporting-api/4.0.0/maven-reporting-api-4.0.0.jar (9.8 kB at 48 kB/s)
#15 33.64 [INFO] Downloading from central: https://repo.maven.apache.org/maven2/org/apache/maven/doxia/doxia-integration-tools/2.0.0/doxia-integration-tools-2.0.0.jar
#15 33.86 [INFO] Downloaded from central: https://repo.maven.apache.org/maven2/org/apache/maven/doxia/doxia-integration-tools/2.0.0/doxia-integration-tools-2.0.0.jar (50 kB at 119 kB/s)
#15 33.86 [INFO] Downloading from central: https://repo.maven.apache.org/maven2/org/apache/maven/doxia/doxia-site-renderer/2.0.0/doxia-site-renderer-2.0.0.jar
#15 34.07 [INFO] Downloaded from central: https://repo.maven.apache.org/maven2/org/apache/maven/doxia/doxia-site-renderer/2.0.0/doxia-site-renderer-2.0.0.jar (44 kB at 69 kB/s)
#15 34.07 [INFO] Downloading from central: https://repo.maven.apache.org/maven2/org/apache/maven/doxia/doxia-skin-model/2.0.0/doxia-skin-model-2.0.0.jar
#15 34.09 [INFO] Downloaded from central: https://repo.maven.apache.org/maven2/org/apache/maven/reporting/maven-reporting-impl/4.0.0/maven-reporting-impl-4.0.0.jar (21 kB at 32 kB/s)
#15 34.09 [INFO] Downloading from central: https://repo.maven.apache.org/maven2/org/apache/maven/doxia/doxia-module-xhtml5/2.0.0/doxia-module-xhtml5-2.0.0.jar
#15 34.28 [INFO] Downloaded from central: https://repo.maven.apache.org/maven2/org/apache/maven/doxia/doxia-skin-model/2.0.0/doxia-skin-model-2.0.0.jar (16 kB at 19 kB/s)
#15 34.28 [INFO] Downloading from central: https://repo.maven.apache.org/maven2/org/codehaus/plexus/plexus-velocity/2.2.0/plexus-velocity-2.2.0.jar
#15 34.29 [INFO] Downloaded from central: https://repo.maven.apache.org/maven2/org/apache/maven/doxia/doxia-site-model/2.0.0/doxia-site-model-2.0.0.jar (86 kB at 101 kB/s)
#15 34.29 [INFO] Downloading from central: https://repo.maven.apache.org/maven2/org/apache/velocity/velocity-engine-core/2.4/velocity-engine-core-2.4.jar
#15 34.31 [INFO] Downloaded from central: https://repo.maven.apache.org/maven2/org/apache/maven/doxia/doxia-module-xhtml5/2.0.0/doxia-module-xhtml5-2.0.0.jar (17 kB at 20 kB/s)
#15 34.31 [INFO] Downloading from central: https://repo.maven.apache.org/maven2/org/apache/velocity/tools/velocity-tools-generic/3.1/velocity-tools-generic-3.1.jar
#15 34.40 [INFO] Downloaded from central: https://repo.maven.apache.org/maven2/org/apache/maven/doxia/doxia-core/2.0.0/doxia-core-2.0.0.jar (168 kB at 175 kB/s)
#15 34.40 [INFO] Downloading from central: https://repo.maven.apache.org/maven2/commons-beanutils/commons-beanutils/1.9.4/commons-beanutils-1.9.4.jar
#15 34.48 [INFO] Downloaded from central: https://repo.maven.apache.org/maven2/org/codehaus/plexus/plexus-velocity/2.2.0/plexus-velocity-2.2.0.jar (5.7 kB at 5.4 kB/s)
#15 34.48 [INFO] Downloading from central: https://repo.maven.apache.org/maven2/commons-logging/commons-logging/1.2/commons-logging-1.2.jar
#15 34.54 [INFO] Downloaded from central: https://repo.maven.apache.org/maven2/org/apache/commons/commons-text/1.12.0/commons-text-1.12.0.jar (251 kB at 228 kB/s)
#15 34.54 [INFO] Downloading from central: https://repo.maven.apache.org/maven2/commons-collections/commons-collections/3.2.2/commons-collections-3.2.2.jar
#15 34.70 [INFO] Downloaded from central: https://repo.maven.apache.org/maven2/commons-logging/commons-logging/1.2/commons-logging-1.2.jar (62 kB at 49 kB/s)
#15 34.70 [INFO] Downloading from central: https://repo.maven.apache.org/maven2/org/apache/commons/commons-digester3/3.2/commons-digester3-3.2.jar
#15 34.76 [INFO] Downloaded from central: https://repo.maven.apache.org/maven2/commons-beanutils/commons-beanutils/1.9.4/commons-beanutils-1.9.4.jar (247 kB at 187 kB/s)
#15 34.76 [INFO] Downloading from central: https://repo.maven.apache.org/maven2/com/github/cliftonlabs/json-simple/3.0.2/json-simple-3.0.2.jar
#15 34.85 [INFO] Downloaded from central: https://repo.maven.apache.org/maven2/org/apache/velocity/tools/velocity-tools-generic/3.1/velocity-tools-generic-3.1.jar (217 kB at 154 kB/s)
#15 34.85 [INFO] Downloading from central: https://repo.maven.apache.org/maven2/org/apache/maven/doxia/doxia-module-apt/2.0.0/doxia-module-apt-2.0.0.jar
#15 34.95 [INFO] Downloaded from central: https://repo.maven.apache.org/maven2/com/github/cliftonlabs/json-simple/3.0.2/json-simple-3.0.2.jar (35 kB at 23 kB/s)
#15 34.95 [INFO] Downloading from central: https://repo.maven.apache.org/maven2/org/apache/maven/doxia/doxia-module-xdoc/2.0.0/doxia-module-xdoc-2.0.0.jar
#15 34.97 [INFO] Downloaded from central: https://repo.maven.apache.org/maven2/org/apache/commons/commons-digester3/3.2/commons-digester3-3.2.jar (242 kB at 158 kB/s)
#15 34.97 [INFO] Downloading from central: https://repo.maven.apache.org/maven2/org/eclipse/sisu/org.eclipse.sisu.plexus/0.9.0.M3/org.eclipse.sisu.plexus-0.9.0.M3.jar
#15 35.06 [INFO] Downloaded from central: https://repo.maven.apache.org/maven2/commons-collections/commons-collections/3.2.2/commons-collections-3.2.2.jar (588 kB at 363 kB/s)
#15 35.06 [INFO] Downloading from central: https://repo.maven.apache.org/maven2/org/eclipse/sisu/org.eclipse.sisu.inject/0.9.0.M3/org.eclipse.sisu.inject-0.9.0.M3.jar
#15 35.06 [INFO] Downloaded from central: https://repo.maven.apache.org/maven2/org/apache/maven/doxia/doxia-module-apt/2.0.0/doxia-module-apt-2.0.0.jar (54 kB at 33 kB/s)
#15 35.06 [INFO] Downloading from central: https://repo.maven.apache.org/maven2/org/codehaus/plexus/plexus-classworlds/2.6.0/plexus-classworlds-2.6.0.jar
#15 35.10 [INFO] Downloaded from central: https://repo.maven.apache.org/maven2/org/apache/velocity/velocity-engine-core/2.4/velocity-engine-core-2.4.jar (510 kB at 308 kB/s)
#15 35.10 [INFO] Downloading from central: https://repo.maven.apache.org/maven2/org/codehaus/plexus/plexus-archiver/4.10.0/plexus-archiver-4.10.0.jar
#15 35.14 [INFO] Downloaded from central: https://repo.maven.apache.org/maven2/org/apache/maven/doxia/doxia-module-xdoc/2.0.0/doxia-module-xdoc-2.0.0.jar (35 kB at 21 kB/s)
#15 35.14 [INFO] Downloading from central: https://repo.maven.apache.org/maven2/org/apache/commons/commons-compress/1.26.2/commons-compress-1.26.2.jar
#15 35.23 [INFO] Downloaded from central: https://repo.maven.apache.org/maven2/org/eclipse/sisu/org.eclipse.sisu.plexus/0.9.0.M3/org.eclipse.sisu.plexus-0.9.0.M3.jar (216 kB at 121 kB/s)
#15 35.23 [INFO] Downloading from central: https://repo.maven.apache.org/maven2/commons-codec/commons-codec/1.17.0/commons-codec-1.17.0.jar
#15 35.28 [INFO] Downloaded from central: https://repo.maven.apache.org/maven2/org/codehaus/plexus/plexus-classworlds/2.6.0/plexus-classworlds-2.6.0.jar (53 kB at 29 kB/s)
#15 35.28 [INFO] Downloading from central: https://repo.maven.apache.org/maven2/io/airlift/aircompressor/0.27/aircompressor-0.27.jar
#15 35.33 [INFO] Downloaded from central: https://repo.maven.apache.org/maven2/org/eclipse/sisu/org.eclipse.sisu.inject/0.9.0.M3/org.eclipse.sisu.inject-0.9.0.M3.jar (434 kB at 229 kB/s)
#15 35.33 [INFO] Downloading from central: https://repo.maven.apache.org/maven2/com/github/luben/zstd-jni/1.5.6-3/zstd-jni-1.5.6-3.jar
#15 35.38 [INFO] Downloaded from central: https://repo.maven.apache.org/maven2/org/codehaus/plexus/plexus-archiver/4.10.0/plexus-archiver-4.10.0.jar (225 kB at 116 kB/s)
#15 35.38 [INFO] Downloading from central: https://repo.maven.apache.org/maven2/org/apache/commons/commons-lang3/3.17.0/commons-lang3-3.17.0.jar
#15 35.54 [INFO] Downloaded from central: https://repo.maven.apache.org/maven2/commons-codec/commons-codec/1.17.0/commons-codec-1.17.0.jar (373 kB at 177 kB/s)
#15 35.54 [INFO] Downloading from central: https://repo.maven.apache.org/maven2/org/codehaus/plexus/plexus-xml/3.0.1/plexus-xml-3.0.1.jar
#15 35.59 [INFO] Downloaded from central: https://repo.maven.apache.org/maven2/io/airlift/aircompressor/0.27/aircompressor-0.27.jar (255 kB at 118 kB/s)
#15 35.59 [INFO] Downloading from central: https://repo.maven.apache.org/maven2/org/codehaus/plexus/plexus-io/3.5.1/plexus-io-3.5.1.jar
#15 35.64 [INFO] Downloaded from central: https://repo.maven.apache.org/maven2/org/apache/commons/commons-compress/1.26.2/commons-compress-1.26.2.jar (1.1 MB at 491 kB/s)
#15 35.64 [INFO] Downloading from central: https://repo.maven.apache.org/maven2/org/codehaus/plexus/plexus-i18n/1.0-beta-10/plexus-i18n-1.0-beta-10.jar
#15 35.77 [INFO] Downloaded from central: https://repo.maven.apache.org/maven2/org/codehaus/plexus/plexus-xml/3.0.1/plexus-xml-3.0.1.jar (94 kB at 40 kB/s)
#15 35.77 [INFO] Downloading from central: https://repo.maven.apache.org/maven2/org/apache/maven/shared/maven-dependency-analyzer/1.15.0/maven-dependency-analyzer-1.15.0.jar
#15 35.80 [INFO] Downloaded from central: https://repo.maven.apache.org/maven2/org/apache/commons/commons-lang3/3.17.0/commons-lang3-3.17.0.jar (674 kB at 285 kB/s)
#15 35.80 [INFO] Downloading from central: https://repo.maven.apache.org/maven2/org/apache/maven/shared/maven-dependency-tree/3.3.0/maven-dependency-tree-3.3.0.jar
#15 35.81 [INFO] Downloaded from central: https://repo.maven.apache.org/maven2/org/codehaus/plexus/plexus-io/3.5.1/plexus-io-3.5.1.jar (80 kB at 34 kB/s)
#15 35.81 [INFO] Downloading from central: https://repo.maven.apache.org/maven2/org/apache/maven/shared/maven-artifact-transfer/0.13.1/maven-artifact-transfer-0.13.1.jar
#15 35.82 [INFO] Downloaded from central: https://repo.maven.apache.org/maven2/org/codehaus/plexus/plexus-i18n/1.0-beta-10/plexus-i18n-1.0-beta-10.jar (12 kB at 5.0 kB/s)
#15 35.82 [INFO] Downloading from central: https://repo.maven.apache.org/maven2/org/codehaus/plexus/plexus-component-annotations/2.0.0/plexus-component-annotations-2.0.0.jar
#15 35.98 [INFO] Downloaded from central: https://repo.maven.apache.org/maven2/org/apache/maven/shared/maven-dependency-analyzer/1.15.0/maven-dependency-analyzer-1.15.0.jar (45 kB at 18 kB/s)
#15 35.98 [INFO] Downloading from central: https://repo.maven.apache.org/maven2/org/apache/maven/shared/maven-shared-utils/3.4.2/maven-shared-utils-3.4.2.jar
#15 35.99 [INFO] Downloaded from central: https://repo.maven.apache.org/maven2/org/codehaus/plexus/plexus-component-annotations/2.0.0/plexus-component-annotations-2.0.0.jar (4.2 kB at 1.7 kB/s)
#15 36.03 [INFO] Downloaded from central: https://repo.maven.apache.org/maven2/org/apache/maven/shared/maven-dependency-tree/3.3.0/maven-dependency-tree-3.3.0.jar (43 kB at 17 kB/s)
#15 36.06 [INFO] Downloaded from central: https://repo.maven.apache.org/maven2/org/apache/maven/shared/maven-artifact-transfer/0.13.1/maven-artifact-transfer-0.13.1.jar (159 kB at 61 kB/s)
#15 36.12 [INFO] Downloaded from central: https://repo.maven.apache.org/maven2/com/github/luben/zstd-jni/1.5.6-3/zstd-jni-1.5.6-3.jar (6.7 MB at 2.5 MB/s)
#15 36.22 [INFO] Downloaded from central: https://repo.maven.apache.org/maven2/org/apache/maven/shared/maven-shared-utils/3.4.2/maven-shared-utils-3.4.2.jar (151 kB at 54 kB/s)
#15 36.62 [INFO] Downloading from central: https://repo.maven.apache.org/maven2/org/apache/maven/resolver/maven-resolver-util/1.9.22/maven-resolver-util-1.9.22.pom
#15 36.83 [INFO] Downloaded from central: https://repo.maven.apache.org/maven2/org/apache/maven/resolver/maven-resolver-util/1.9.22/maven-resolver-util-1.9.22.pom (2.2 kB at 11 kB/s)
#15 36.83 [INFO] Downloading from central: https://repo.maven.apache.org/maven2/org/apache/maven/resolver/maven-resolver/1.9.22/maven-resolver-1.9.22.pom
#15 37.03 [INFO] Downloaded from central: https://repo.maven.apache.org/maven2/org/apache/maven/resolver/maven-resolver/1.9.22/maven-resolver-1.9.22.pom (23 kB at 114 kB/s)
#15 37.04 [INFO] Downloading from central: https://repo.maven.apache.org/maven2/org/apache/maven/resolver/maven-resolver-api/1.9.22/maven-resolver-api-1.9.22.pom
#15 37.24 [INFO] Downloaded from central: https://repo.maven.apache.org/maven2/org/apache/maven/resolver/maven-resolver-api/1.9.22/maven-resolver-api-1.9.22.pom (2.2 kB at 11 kB/s)
#15 37.25 [INFO] Downloading from central: https://repo.maven.apache.org/maven2/org/apache/maven/resolver/maven-resolver-util/1.9.22/maven-resolver-util-1.9.22.jar
#15 37.50 [INFO] Downloaded from central: https://repo.maven.apache.org/maven2/org/apache/maven/resolver/maven-resolver-util/1.9.22/maven-resolver-util-1.9.22.jar (196 kB at 774 kB/s)
#15 37.50 [INFO] Downloading from central: https://repo.maven.apache.org/maven2/org/apache/maven/resolver/maven-resolver-api/1.9.22/maven-resolver-api-1.9.22.jar
#15 37.74 [INFO] Downloaded from central: https://repo.maven.apache.org/maven2/org/apache/maven/resolver/maven-resolver-api/1.9.22/maven-resolver-api-1.9.22.jar (157 kB at 646 kB/s)
#15 37.75 [INFO] Downloading from central: https://repo.maven.apache.org/maven2/org/apache/maven/reporting/maven-reporting-api/3.1.1/maven-reporting-api-3.1.1.pom
#15 37.96 [INFO] Downloaded from central: https://repo.maven.apache.org/maven2/org/apache/maven/reporting/maven-reporting-api/3.1.1/maven-reporting-api-3.1.1.pom (3.8 kB at 18 kB/s)
#15 37.96 [INFO] Downloading from central: https://repo.maven.apache.org/maven2/org/apache/maven/doxia/doxia-sink-api/1.11.1/doxia-sink-api-1.11.1.pom
#15 38.17 [INFO] Downloaded from central: https://repo.maven.apache.org/maven2/org/apache/maven/doxia/doxia-sink-api/1.11.1/doxia-sink-api-1.11.1.pom (1.6 kB at 7.5 kB/s)
#15 38.17 [INFO] Downloading from central: https://repo.maven.apache.org/maven2/org/apache/maven/doxia/doxia/1.11.1/doxia-1.11.1.pom
#15 38.39 [INFO] Downloaded from central: https://repo.maven.apache.org/maven2/org/apache/maven/doxia/doxia/1.11.1/doxia-1.11.1.pom (18 kB at 85 kB/s)
#15 38.39 [INFO] Downloading from central: https://repo.maven.apache.org/maven2/org/apache/maven/doxia/doxia-logging-api/1.11.1/doxia-logging-api-1.11.1.pom
#15 38.60 [INFO] Downloaded from central: https://repo.maven.apache.org/maven2/org/apache/maven/doxia/doxia-logging-api/1.11.1/doxia-logging-api-1.11.1.pom (1.6 kB at 7.6 kB/s)
#15 38.60 [INFO] Downloading from central: https://repo.maven.apache.org/maven2/org/apache/maven/reporting/maven-reporting-exec/1.6.0/maven-reporting-exec-1.6.0.pom
#15 38.81 [INFO] Downloaded from central: https://repo.maven.apache.org/maven2/org/apache/maven/reporting/maven-reporting-exec/1.6.0/maven-reporting-exec-1.6.0.pom (14 kB at 67 kB/s)
#15 38.81 [INFO] Downloading from central: https://repo.maven.apache.org/maven2/org/apache/maven/reporting/maven-reporting-api/3.1.0/maven-reporting-api-3.1.0.pom
#15 39.01 [INFO] Downloaded from central: https://repo.maven.apache.org/maven2/org/apache/maven/reporting/maven-reporting-api/3.1.0/maven-reporting-api-3.1.0.pom (3.8 kB at 19 kB/s)
#15 39.02 [INFO] Downloading from central: https://repo.maven.apache.org/maven2/org/apache/maven/maven-artifact/3.2.5/maven-artifact-3.2.5.pom
#15 39.22 [INFO] Downloaded from central: https://repo.maven.apache.org/maven2/org/apache/maven/maven-artifact/3.2.5/maven-artifact-3.2.5.pom (2.3 kB at 11 kB/s)
#15 39.22 [INFO] Downloading from central: https://repo.maven.apache.org/maven2/org/apache/maven/maven/3.2.5/maven-3.2.5.pom
#15 39.43 [INFO] Downloaded from central: https://repo.maven.apache.org/maven2/org/apache/maven/maven/3.2.5/maven-3.2.5.pom (22 kB at 111 kB/s)
#15 39.44 [INFO] Downloading from central: https://repo.maven.apache.org/maven2/org/apache/maven/maven-core/3.2.5/maven-core-3.2.5.pom
#15 39.64 [INFO] Downloaded from central: https://repo.maven.apache.org/maven2/org/apache/maven/maven-core/3.2.5/maven-core-3.2.5.pom (8.1 kB at 40 kB/s)
#15 39.64 [INFO] Downloading from central: https://repo.maven.apache.org/maven2/org/apache/maven/maven-model/3.2.5/maven-model-3.2.5.pom
#15 39.85 [INFO] Downloaded from central: https://repo.maven.apache.org/maven2/org/apache/maven/maven-model/3.2.5/maven-model-3.2.5.pom (4.2 kB at 21 kB/s)
#15 39.85 [INFO] Downloading from central: https://repo.maven.apache.org/maven2/org/apache/maven/maven-settings/3.2.5/maven-settings-3.2.5.pom
#15 40.05 [INFO] Downloaded from central: https://repo.maven.apache.org/maven2/org/apache/maven/maven-settings/3.2.5/maven-settings-3.2.5.pom (2.2 kB at 11 kB/s)
#15 40.06 [INFO] Downloading from central: https://repo.maven.apache.org/maven2/org/apache/maven/maven-settings-builder/3.2.5/maven-settings-builder-3.2.5.pom
#15 40.26 [INFO] Downloaded from central: https://repo.maven.apache.org/maven2/org/apache/maven/maven-settings-builder/3.2.5/maven-settings-builder-3.2.5.pom (2.6 kB at 13 kB/s)
#15 40.26 [INFO] Downloading from central: https://repo.maven.apache.org/maven2/org/codehaus/plexus/plexus-interpolation/1.21/plexus-interpolation-1.21.pom
#15 40.46 [INFO] Downloaded from central: https://repo.maven.apache.org/maven2/org/codehaus/plexus/plexus-interpolation/1.21/plexus-interpolation-1.21.pom (1.5 kB at 7.7 kB/s)
#15 40.46 [INFO] Downloading from central: https://repo.maven.apache.org/maven2/org/codehaus/plexus/plexus-components/1.3.1/plexus-components-1.3.1.pom
#15 40.67 [INFO] Downloaded from central: https://repo.maven.apache.org/maven2/org/codehaus/plexus/plexus-components/1.3.1/plexus-components-1.3.1.pom (3.1 kB at 15 kB/s)
#15 40.68 [INFO] Downloading from central: https://repo.maven.apache.org/maven2/org/apache/maven/maven-repository-metadata/3.2.5/maven-repository-metadata-3.2.5.pom
#15 40.88 [INFO] Downloaded from central: https://repo.maven.apache.org/maven2/org/apache/maven/maven-repository-metadata/3.2.5/maven-repository-metadata-3.2.5.pom (2.2 kB at 11 kB/s)
#15 40.88 [INFO] Downloading from central: https://repo.maven.apache.org/maven2/org/apache/maven/maven-plugin-api/3.2.5/maven-plugin-api-3.2.5.pom
#15 41.09 [INFO] Downloaded from central: https://repo.maven.apache.org/maven2/org/apache/maven/maven-plugin-api/3.2.5/maven-plugin-api-3.2.5.pom (3.0 kB at 15 kB/s)
#15 41.10 [INFO] Downloading from central: https://repo.maven.apache.org/maven2/javax/enterprise/cdi-api/1.2/cdi-api-1.2.pom
#15 41.31 [INFO] Downloaded from central: https://repo.maven.apache.org/maven2/javax/enterprise/cdi-api/1.2/cdi-api-1.2.pom (6.3 kB at 30 kB/s)
#15 41.31 [INFO] Downloading from central: https://repo.maven.apache.org/maven2/org/jboss/weld/weld-parent/26/weld-parent-26.pom
#15 41.54 [INFO] Downloaded from central: https://repo.maven.apache.org/maven2/org/jboss/weld/weld-parent/26/weld-parent-26.pom (32 kB at 145 kB/s)
#15 41.54 [INFO] Downloading from central: https://repo.maven.apache.org/maven2/org/apache/maven/maven-model-builder/3.2.5/maven-model-builder-3.2.5.pom
#15 41.75 [INFO] Downloaded from central: https://repo.maven.apache.org/maven2/org/apache/maven/maven-model-builder/3.2.5/maven-model-builder-3.2.5.pom (3.0 kB at 15 kB/s)
#15 41.75 [INFO] Downloading from central: https://repo.maven.apache.org/maven2/org/apache/maven/maven-aether-provider/3.2.5/maven-aether-provider-3.2.5.pom
#15 41.96 [INFO] Downloaded from central: https://repo.maven.apache.org/maven2/org/apache/maven/maven-aether-provider/3.2.5/maven-aether-provider-3.2.5.pom (4.2 kB at 21 kB/s)
#15 41.96 [INFO] Downloading from central: https://repo.maven.apache.org/maven2/org/eclipse/aether/aether-api/1.0.0.v20140518/aether-api-1.0.0.v20140518.pom
#15 42.16 [INFO] Downloaded from central: https://repo.maven.apache.org/maven2/org/eclipse/aether/aether-api/1.0.0.v20140518/aether-api-1.0.0.v20140518.pom (1.9 kB at 9.3 kB/s)
#15 42.17 [INFO] Downloading from central: https://repo.maven.apache.org/maven2/org/eclipse/aether/aether/1.0.0.v20140518/aether-1.0.0.v20140518.pom
#15 42.37 [INFO] Downloaded from central: https://repo.maven.apache.org/maven2/org/eclipse/aether/aether/1.0.0.v20140518/aether-1.0.0.v20140518.pom (30 kB at 149 kB/s)
#15 42.37 [INFO] Downloading from central: https://repo.maven.apache.org/maven2/org/eclipse/aether/aether-spi/1.0.0.v20140518/aether-spi-1.0.0.v20140518.pom
#15 42.58 [INFO] Downloaded from central: https://repo.maven.apache.org/maven2/org/eclipse/aether/aether-spi/1.0.0.v20140518/aether-spi-1.0.0.v20140518.pom (2.1 kB at 10 kB/s)
#15 42.58 [INFO] Downloading from central: https://repo.maven.apache.org/maven2/org/eclipse/aether/aether-util/1.0.0.v20140518/aether-util-1.0.0.v20140518.pom
#15 42.78 [INFO] Downloaded from central: https://repo.maven.apache.org/maven2/org/eclipse/aether/aether-util/1.0.0.v20140518/aether-util-1.0.0.v20140518.pom (2.2 kB at 11 kB/s)
#15 42.79 [INFO] Downloading from central: https://repo.maven.apache.org/maven2/org/eclipse/aether/aether-impl/1.0.0.v20140518/aether-impl-1.0.0.v20140518.pom
#15 43.00 [INFO] Downloaded from central: https://repo.maven.apache.org/maven2/org/eclipse/aether/aether-impl/1.0.0.v20140518/aether-impl-1.0.0.v20140518.pom (3.5 kB at 17 kB/s)
#15 43.00 [INFO] Downloading from central: https://repo.maven.apache.org/maven2/org/sonatype/sisu/sisu-guice/3.2.3/sisu-guice-3.2.3.pom
#15 43.20 [INFO] Downloaded from central: https://repo.maven.apache.org/maven2/org/sonatype/sisu/sisu-guice/3.2.3/sisu-guice-3.2.3.pom (11 kB at 54 kB/s)
#15 43.20 [INFO] Downloading from central: https://repo.maven.apache.org/maven2/org/sonatype/sisu/inject/guice-parent/3.2.3/guice-parent-3.2.3.pom
#15 43.41 [INFO] Downloaded from central: https://repo.maven.apache.org/maven2/org/sonatype/sisu/inject/guice-parent/3.2.3/guice-parent-3.2.3.pom (13 kB at 66 kB/s)
#15 43.41 [INFO] Downloading from central: https://repo.maven.apache.org/maven2/org/sonatype/forge/forge-parent/38/forge-parent-38.pom
#15 43.62 [INFO] Downloaded from central: https://repo.maven.apache.org/maven2/org/sonatype/forge/forge-parent/38/forge-parent-38.pom (19 kB at 90 kB/s)
#15 43.62 [INFO] Downloading from central: https://repo.maven.apache.org/maven2/aopalliance/aopalliance/1.0/aopalliance-1.0.pom
#15 43.82 [INFO] Downloaded from central: https://repo.maven.apache.org/maven2/aopalliance/aopalliance/1.0/aopalliance-1.0.pom (363 B at 1.8 kB/s)
#15 43.83 [INFO] Downloading from central: https://repo.maven.apache.org/maven2/com/google/guava/guava/16.0.1/guava-16.0.1.pom
#15 44.03 [INFO] Downloaded from central: https://repo.maven.apache.org/maven2/com/google/guava/guava/16.0.1/guava-16.0.1.pom (6.1 kB at 30 kB/s)
#15 44.03 [INFO] Downloading from central: https://repo.maven.apache.org/maven2/com/google/guava/guava-parent/16.0.1/guava-parent-16.0.1.pom
#15 44.24 [INFO] Downloaded from central: https://repo.maven.apache.org/maven2/com/google/guava/guava-parent/16.0.1/guava-parent-16.0.1.pom (7.3 kB at 36 kB/s)
#15 44.25 [INFO] Downloading from central: https://repo.maven.apache.org/maven2/org/apache/maven/maven-archiver/3.5.2/maven-archiver-3.5.2.pom
#15 44.46 [INFO] Downloaded from central: https://repo.maven.apache.org/maven2/org/apache/maven/maven-archiver/3.5.2/maven-archiver-3.5.2.pom (5.5 kB at 27 kB/s)
#15 44.46 [INFO] Downloading from central: https://repo.maven.apache.org/maven2/org/apache/maven/maven-artifact/3.1.1/maven-artifact-3.1.1.pom
#15 44.66 [INFO] Downloaded from central: https://repo.maven.apache.org/maven2/org/apache/maven/maven-artifact/3.1.1/maven-artifact-3.1.1.pom (2.0 kB at 9.8 kB/s)
#15 44.66 [INFO] Downloading from central: https://repo.maven.apache.org/maven2/org/apache/maven/maven/3.1.1/maven-3.1.1.pom
#15 44.87 [INFO] Downloaded from central: https://repo.maven.apache.org/maven2/org/apache/maven/maven/3.1.1/maven-3.1.1.pom (22 kB at 107 kB/s)
#15 44.88 [INFO] Downloading from central: https://repo.maven.apache.org/maven2/org/apache/maven/maven-model/3.1.1/maven-model-3.1.1.pom
#15 45.08 [INFO] Downloaded from central: https://repo.maven.apache.org/maven2/org/apache/maven/maven-model/3.1.1/maven-model-3.1.1.pom (4.1 kB at 20 kB/s)
#15 45.08 [INFO] Downloading from central: https://repo.maven.apache.org/maven2/org/apache/maven/maven-core/3.1.1/maven-core-3.1.1.pom
#15 45.28 [INFO] Downloaded from central: https://repo.maven.apache.org/maven2/org/apache/maven/maven-core/3.1.1/maven-core-3.1.1.pom (7.3 kB at 36 kB/s)
#15 45.29 [INFO] Downloading from central: https://repo.maven.apache.org/maven2/org/apache/maven/maven-settings/3.1.1/maven-settings-3.1.1.pom
#15 45.49 [INFO] Downloaded from central: https://repo.maven.apache.org/maven2/org/apache/maven/maven-settings/3.1.1/maven-settings-3.1.1.pom (2.2 kB at 11 kB/s)
#15 45.50 [INFO] Downloading from central: https://repo.maven.apache.org/maven2/org/apache/maven/maven-settings-builder/3.1.1/maven-settings-builder-3.1.1.pom
#15 45.70 [INFO] Downloaded from central: https://repo.maven.apache.org/maven2/org/apache/maven/maven-settings-builder/3.1.1/maven-settings-builder-3.1.1.pom (2.6 kB at 13 kB/s)
#15 45.70 [INFO] Downloading from central: https://repo.maven.apache.org/maven2/org/codehaus/plexus/plexus-interpolation/1.19/plexus-interpolation-1.19.pom
#15 45.91 [INFO] Downloaded from central: https://repo.maven.apache.org/maven2/org/codehaus/plexus/plexus-interpolation/1.19/plexus-interpolation-1.19.pom (1.0 kB at 5.0 kB/s)
#15 45.91 [INFO] Downloading from central: https://repo.maven.apache.org/maven2/org/apache/maven/maven-repository-metadata/3.1.1/maven-repository-metadata-3.1.1.pom
#15 46.12 [INFO] Downloaded from central: https://repo.maven.apache.org/maven2/org/apache/maven/maven-repository-metadata/3.1.1/maven-repository-metadata-3.1.1.pom (2.2 kB at 11 kB/s)
#15 46.12 [INFO] Downloading from central: https://repo.maven.apache.org/maven2/org/apache/maven/maven-plugin-api/3.1.1/maven-plugin-api-3.1.1.pom
#15 46.32 [INFO] Downloaded from central: https://repo.maven.apache.org/maven2/org/apache/maven/maven-plugin-api/3.1.1/maven-plugin-api-3.1.1.pom (3.4 kB at 16 kB/s)
#15 46.33 [INFO] Downloading from central: https://repo.maven.apache.org/maven2/org/apache/maven/maven-model-builder/3.1.1/maven-model-builder-3.1.1.pom
#15 46.53 [INFO] Downloaded from central: https://repo.maven.apache.org/maven2/org/apache/maven/maven-model-builder/3.1.1/maven-model-builder-3.1.1.pom (2.8 kB at 14 kB/s)
#15 46.53 [INFO] Downloading from central: https://repo.maven.apache.org/maven2/org/apache/maven/maven-aether-provider/3.1.1/maven-aether-provider-3.1.1.pom
#15 46.74 [INFO] Downloaded from central: https://repo.maven.apache.org/maven2/org/apache/maven/maven-aether-provider/3.1.1/maven-aether-provider-3.1.1.pom (4.1 kB at 20 kB/s)
#15 46.74 [INFO] Downloading from central: https://repo.maven.apache.org/maven2/org/eclipse/aether/aether-api/0.9.0.M2/aether-api-0.9.0.M2.pom
#15 46.94 [INFO] Downloaded from central: https://repo.maven.apache.org/maven2/org/eclipse/aether/aether-api/0.9.0.M2/aether-api-0.9.0.M2.pom (1.7 kB at 8.6 kB/s)
#15 46.94 [INFO] Downloading from central: https://repo.maven.apache.org/maven2/org/eclipse/aether/aether/0.9.0.M2/aether-0.9.0.M2.pom
#15 47.15 [INFO] Downloaded from central: https://repo.maven.apache.org/maven2/org/eclipse/aether/aether/0.9.0.M2/aether-0.9.0.M2.pom (28 kB at 137 kB/s)
#15 47.15 [INFO] Downloading from central: https://repo.maven.apache.org/maven2/org/eclipse/aether/aether-spi/0.9.0.M2/aether-spi-0.9.0.M2.pom
#15 47.35 [INFO] Downloaded from central: https://repo.maven.apache.org/maven2/org/eclipse/aether/aether-spi/0.9.0.M2/aether-spi-0.9.0.M2.pom (1.8 kB at 8.8 kB/s)
#15 47.35 [INFO] Downloading from central: https://repo.maven.apache.org/maven2/org/eclipse/aether/aether-util/0.9.0.M2/aether-util-0.9.0.M2.pom
#15 47.56 [INFO] Downloaded from central: https://repo.maven.apache.org/maven2/org/eclipse/aether/aether-util/0.9.0.M2/aether-util-0.9.0.M2.pom (2.0 kB at 10 kB/s)
#15 47.56 [INFO] Downloading from central: https://repo.maven.apache.org/maven2/org/eclipse/aether/aether-impl/0.9.0.M2/aether-impl-0.9.0.M2.pom
#15 47.76 [INFO] Downloaded from central: https://repo.maven.apache.org/maven2/org/eclipse/aether/aether-impl/0.9.0.M2/aether-impl-0.9.0.M2.pom (3.3 kB at 17 kB/s)
#15 47.76 [INFO] Downloading from central: https://repo.maven.apache.org/maven2/org/codehaus/plexus/plexus-classworlds/2.5.1/plexus-classworlds-2.5.1.pom
#15 47.97 [INFO] Downloaded from central: https://repo.maven.apache.org/maven2/org/codehaus/plexus/plexus-classworlds/2.5.1/plexus-classworlds-2.5.1.pom (5.0 kB at 24 kB/s)
#15 47.97 [INFO] Downloading from central: https://repo.maven.apache.org/maven2/org/apache/maven/shared/maven-shared-utils/3.3.3/maven-shared-utils-3.3.3.pom
#15 48.17 [INFO] Downloaded from central: https://repo.maven.apache.org/maven2/org/apache/maven/shared/maven-shared-utils/3.3.3/maven-shared-utils-3.3.3.pom (5.8 kB at 28 kB/s)
#15 48.18 [INFO] Downloading from central: https://repo.maven.apache.org/maven2/org/apache/commons/commons-compress/1.20/commons-compress-1.20.pom
#15 48.38 [INFO] Downloaded from central: https://repo.maven.apache.org/maven2/org/apache/commons/commons-compress/1.20/commons-compress-1.20.pom (18 kB at 89 kB/s)
#15 48.39 [INFO] Downloading from central: https://repo.maven.apache.org/maven2/org/apache/commons/commons-parent/48/commons-parent-48.pom
#15 48.60 [INFO] Downloaded from central: https://repo.maven.apache.org/maven2/org/apache/commons/commons-parent/48/commons-parent-48.pom (72 kB at 330 kB/s)
#15 48.61 [INFO] Downloading from central: https://repo.maven.apache.org/maven2/org/codehaus/plexus/plexus-archiver/4.2.7/plexus-archiver-4.2.7.pom
#15 48.81 [INFO] Downloaded from central: https://repo.maven.apache.org/maven2/org/codehaus/plexus/plexus-archiver/4.2.7/plexus-archiver-4.2.7.pom (4.9 kB at 25 kB/s)
#15 48.81 [INFO] Downloading from central: https://repo.maven.apache.org/maven2/org/codehaus/plexus/plexus/8/plexus-8.pom
#15 49.01 [INFO] Downloaded from central: https://repo.maven.apache.org/maven2/org/codehaus/plexus/plexus/8/plexus-8.pom (25 kB at 126 kB/s)
#15 49.01 [INFO] Downloading from central: https://repo.maven.apache.org/maven2/org/codehaus/plexus/plexus-io/3.2.0/plexus-io-3.2.0.pom
#15 49.22 [INFO] Downloaded from central: https://repo.maven.apache.org/maven2/org/codehaus/plexus/plexus-io/3.2.0/plexus-io-3.2.0.pom (4.5 kB at 23 kB/s)
#15 49.22 [INFO] Downloading from central: https://repo.maven.apache.org/maven2/org/apache/commons/commons-compress/1.21/commons-compress-1.21.pom
#15 49.42 [INFO] Downloaded from central: https://repo.maven.apache.org/maven2/org/apache/commons/commons-compress/1.21/commons-compress-1.21.pom (20 kB at 97 kB/s)
#15 49.43 [INFO] Downloading from central: https://repo.maven.apache.org/maven2/org/codehaus/plexus/plexus-utils/3.4.2/plexus-utils-3.4.2.pom
#15 49.63 [INFO] Downloaded from central: https://repo.maven.apache.org/maven2/org/codehaus/plexus/plexus-utils/3.4.2/plexus-utils-3.4.2.pom (8.2 kB at 41 kB/s)
#15 49.63 [INFO] Downloading from central: https://repo.maven.apache.org/maven2/org/codehaus/plexus/plexus-container-default/2.1.0/plexus-container-default-2.1.0.pom
#15 49.83 [INFO] Downloaded from central: https://repo.maven.apache.org/maven2/org/codehaus/plexus/plexus-container-default/2.1.0/plexus-container-default-2.1.0.pom (3.0 kB at 15 kB/s)
#15 49.83 [INFO] Downloading from central: https://repo.maven.apache.org/maven2/org/apache/xbean/xbean-reflect/3.7/xbean-reflect-3.7.pom
#15 50.04 [INFO] Downloaded from central: https://repo.maven.apache.org/maven2/org/apache/xbean/xbean-reflect/3.7/xbean-reflect-3.7.pom (5.1 kB at 25 kB/s)
#15 50.04 [INFO] Downloading from central: https://repo.maven.apache.org/maven2/org/apache/xbean/xbean/3.7/xbean-3.7.pom
#15 50.24 [INFO] Downloaded from central: https://repo.maven.apache.org/maven2/org/apache/xbean/xbean/3.7/xbean-3.7.pom (15 kB at 76 kB/s)
#15 50.24 [INFO] Downloading from central: https://repo.maven.apache.org/maven2/org/apache/geronimo/genesis/genesis-java5-flava/2.0/genesis-java5-flava-2.0.pom
#15 50.45 [INFO] Downloaded from central: https://repo.maven.apache.org/maven2/org/apache/geronimo/genesis/genesis-java5-flava/2.0/genesis-java5-flava-2.0.pom (5.5 kB at 27 kB/s)
#15 50.45 [INFO] Downloading from central: https://repo.maven.apache.org/maven2/org/apache/geronimo/genesis/genesis-default-flava/2.0/genesis-default-flava-2.0.pom
#15 50.66 [INFO] Downloaded from central: https://repo.maven.apache.org/maven2/org/apache/geronimo/genesis/genesis-default-flava/2.0/genesis-default-flava-2.0.pom (18 kB at 88 kB/s)
#15 50.66 [INFO] Downloading from central: https://repo.maven.apache.org/maven2/org/apache/geronimo/genesis/genesis/2.0/genesis-2.0.pom
#15 50.86 [INFO] Downloaded from central: https://repo.maven.apache.org/maven2/org/apache/geronimo/genesis/genesis/2.0/genesis-2.0.pom (18 kB at 92 kB/s)
#15 50.86 [INFO] Downloading from central: https://repo.maven.apache.org/maven2/com/google/collections/google-collections/1.0/google-collections-1.0.pom
#15 51.07 [INFO] Downloaded from central: https://repo.maven.apache.org/maven2/com/google/collections/google-collections/1.0/google-collections-1.0.pom (2.5 kB at 12 kB/s)
#15 51.07 [INFO] Downloading from central: https://repo.maven.apache.org/maven2/com/google/google/1/google-1.pom
#15 51.27 [INFO] Downloaded from central: https://repo.maven.apache.org/maven2/com/google/google/1/google-1.pom (1.6 kB at 7.7 kB/s)
#15 51.27 [INFO] Downloading from central: https://repo.maven.apache.org/maven2/org/apache/maven/doxia/doxia-core/1.11.1/doxia-core-1.11.1.pom
#15 51.47 [INFO] Downloaded from central: https://repo.maven.apache.org/maven2/org/apache/maven/doxia/doxia-core/1.11.1/doxia-core-1.11.1.pom (4.5 kB at 23 kB/s)
#15 51.48 [INFO] Downloading from central: https://repo.maven.apache.org/maven2/org/apache/commons/commons-text/1.3/commons-text-1.3.pom
#15 51.68 [INFO] Downloaded from central: https://repo.maven.apache.org/maven2/org/apache/commons/commons-text/1.3/commons-text-1.3.pom (14 kB at 71 kB/s)
#15 51.68 [INFO] Downloading from central: https://repo.maven.apache.org/maven2/org/apache/commons/commons-parent/45/commons-parent-45.pom
#15 51.90 [INFO] Downloaded from central: https://repo.maven.apache.org/maven2/org/apache/commons/commons-parent/45/commons-parent-45.pom (73 kB at 334 kB/s)
#15 51.91 [INFO] Downloading from central: https://repo.maven.apache.org/maven2/org/apache/commons/commons-lang3/3.7/commons-lang3-3.7.pom
#15 52.12 [INFO] Downloaded from central: https://repo.maven.apache.org/maven2/org/apache/commons/commons-lang3/3.7/commons-lang3-3.7.pom (28 kB at 133 kB/s)
#15 52.12 [INFO] Downloading from central: https://repo.maven.apache.org/maven2/org/apache/httpcomponents/httpclient/4.5.13/httpclient-4.5.13.pom
#15 52.32 [INFO] Downloaded from central: https://repo.maven.apache.org/maven2/org/apache/httpcomponents/httpclient/4.5.13/httpclient-4.5.13.pom (6.6 kB at 33 kB/s)
#15 52.32 [INFO] Downloading from central: https://repo.maven.apache.org/maven2/org/apache/httpcomponents/httpcomponents-client/4.5.13/httpcomponents-client-4.5.13.pom
#15 52.53 [INFO] Downloaded from central: https://repo.maven.apache.org/maven2/org/apache/httpcomponents/httpcomponents-client/4.5.13/httpcomponents-client-4.5.13.pom (16 kB at 81 kB/s)
#15 52.53 [INFO] Downloading from central: https://repo.maven.apache.org/maven2/org/apache/httpcomponents/httpcomponents-parent/11/httpcomponents-parent-11.pom
#15 52.73 [INFO] Downloaded from central: https://repo.maven.apache.org/maven2/org/apache/httpcomponents/httpcomponents-parent/11/httpcomponents-parent-11.pom (35 kB at 171 kB/s)
#15 52.74 [INFO] Downloading from central: https://repo.maven.apache.org/maven2/org/apache/httpcomponents/httpcore/4.4.13/httpcore-4.4.13.pom
#15 52.94 [INFO] Downloaded from central: https://repo.maven.apache.org/maven2/org/apache/httpcomponents/httpcore/4.4.13/httpcore-4.4.13.pom (5.0 kB at 25 kB/s)
#15 52.94 [INFO] Downloading from central: https://repo.maven.apache.org/maven2/org/apache/httpcomponents/httpcomponents-core/4.4.13/httpcomponents-core-4.4.13.pom
#15 53.15 [INFO] Downloaded from central: https://repo.maven.apache.org/maven2/org/apache/httpcomponents/httpcomponents-core/4.4.13/httpcomponents-core-4.4.13.pom (13 kB at 63 kB/s)
#15 53.15 [INFO] Downloading from central: https://repo.maven.apache.org/maven2/commons-codec/commons-codec/1.11/commons-codec-1.11.pom
#15 53.36 [INFO] Downloaded from central: https://repo.maven.apache.org/maven2/commons-codec/commons-codec/1.11/commons-codec-1.11.pom (14 kB at 69 kB/s)
#15 53.36 [INFO] Downloading from central: https://repo.maven.apache.org/maven2/org/apache/httpcomponents/httpcore/4.4.14/httpcore-4.4.14.pom
#15 53.56 [INFO] Downloaded from central: https://repo.maven.apache.org/maven2/org/apache/httpcomponents/httpcore/4.4.14/httpcore-4.4.14.pom (5.0 kB at 25 kB/s)
#15 53.56 [INFO] Downloading from central: https://repo.maven.apache.org/maven2/org/apache/httpcomponents/httpcomponents-core/4.4.14/httpcomponents-core-4.4.14.pom
#15 53.77 [INFO] Downloaded from central: https://repo.maven.apache.org/maven2/org/apache/httpcomponents/httpcomponents-core/4.4.14/httpcomponents-core-4.4.14.pom (13 kB at 65 kB/s)
#15 53.77 [INFO] Downloading from central: https://repo.maven.apache.org/maven2/org/apache/maven/doxia/doxia-module-xhtml/1.11.1/doxia-module-xhtml-1.11.1.pom
#15 53.97 [INFO] Downloaded from central: https://repo.maven.apache.org/maven2/org/apache/maven/doxia/doxia-module-xhtml/1.11.1/doxia-module-xhtml-1.11.1.pom (2.0 kB at 9.6 kB/s)
#15 53.98 [INFO] Downloading from central: https://repo.maven.apache.org/maven2/org/apache/maven/doxia/doxia-modules/1.11.1/doxia-modules-1.11.1.pom
#15 54.18 [INFO] Downloaded from central: https://repo.maven.apache.org/maven2/org/apache/maven/doxia/doxia-modules/1.11.1/doxia-modules-1.11.1.pom (2.7 kB at 14 kB/s)
#15 54.18 [INFO] Downloading from central: https://repo.maven.apache.org/maven2/org/apache/maven/doxia/doxia-module-xhtml5/1.11.1/doxia-module-xhtml5-1.11.1.pom
#15 54.38 [INFO] Downloaded from central: https://repo.maven.apache.org/maven2/org/apache/maven/doxia/doxia-module-xhtml5/1.11.1/doxia-module-xhtml5-1.11.1.pom (2.0 kB at 9.8 kB/s)
#15 54.39 [INFO] Downloading from central: https://repo.maven.apache.org/maven2/org/apache/maven/doxia/doxia-module-apt/1.11.1/doxia-module-apt-1.11.1.pom
#15 54.59 [INFO] Downloaded from central: https://repo.maven.apache.org/maven2/org/apache/maven/doxia/doxia-module-apt/1.11.1/doxia-module-apt-1.11.1.pom (2.1 kB at 10 kB/s)
#15 54.59 [INFO] Downloading from central: https://repo.maven.apache.org/maven2/org/apache/maven/doxia/doxia-module-xdoc/1.11.1/doxia-module-xdoc-1.11.1.pom
#15 54.80 [INFO] Downloaded from central: https://repo.maven.apache.org/maven2/org/apache/maven/doxia/doxia-module-xdoc/1.11.1/doxia-module-xdoc-1.11.1.pom (4.5 kB at 22 kB/s)
#15 54.80 [INFO] Downloading from central: https://repo.maven.apache.org/maven2/org/apache/maven/doxia/doxia-module-fml/1.11.1/doxia-module-fml-1.11.1.pom
#15 55.00 [INFO] Downloaded from central: https://repo.maven.apache.org/maven2/org/apache/maven/doxia/doxia-module-fml/1.11.1/doxia-module-fml-1.11.1.pom (4.4 kB at 22 kB/s)
#15 55.01 [INFO] Downloading from central: https://repo.maven.apache.org/maven2/org/apache/maven/doxia/doxia-module-markdown/1.11.1/doxia-module-markdown-1.11.1.pom
#15 55.21 [INFO] Downloaded from central: https://repo.maven.apache.org/maven2/org/apache/maven/doxia/doxia-module-markdown/1.11.1/doxia-module-markdown-1.11.1.pom (5.4 kB at 26 kB/s)
#15 55.22 [INFO] Downloading from central: https://repo.maven.apache.org/maven2/com/vladsch/flexmark/flexmark-all/0.42.14/flexmark-all-0.42.14.pom
#15 55.42 [INFO] Downloaded from central: https://repo.maven.apache.org/maven2/com/vladsch/flexmark/flexmark-all/0.42.14/flexmark-all-0.42.14.pom (9.0 kB at 44 kB/s)
#15 55.43 [INFO] Downloading from central: https://repo.maven.apache.org/maven2/com/vladsch/flexmark/flexmark-java/0.42.14/flexmark-java-0.42.14.pom
#15 55.63 [INFO] Downloaded from central: https://repo.maven.apache.org/maven2/com/vladsch/flexmark/flexmark-java/0.42.14/flexmark-java-0.42.14.pom (20 kB at 97 kB/s)
#15 55.64 [INFO] Downloading from central: https://repo.maven.apache.org/maven2/com/vladsch/flexmark/flexmark/0.42.14/flexmark-0.42.14.pom
#15 55.84 [INFO] Downloaded from central: https://repo.maven.apache.org/maven2/com/vladsch/flexmark/flexmark/0.42.14/flexmark-0.42.14.pom (2.5 kB at 13 kB/s)
#15 55.84 [INFO] Downloading from central: https://repo.maven.apache.org/maven2/com/vladsch/flexmark/flexmark-util/0.42.14/flexmark-util-0.42.14.pom
#15 56.05 [INFO] Downloaded from central: https://repo.maven.apache.org/maven2/com/vladsch/flexmark/flexmark-util/0.42.14/flexmark-util-0.42.14.pom (792 B at 3.8 kB/s)
#15 56.05 [INFO] Downloading from central: https://repo.maven.apache.org/maven2/com/vladsch/flexmark/flexmark-ext-abbreviation/0.42.14/flexmark-ext-abbreviation-0.42.14.pom
#15 56.25 [INFO] Downloaded from central: https://repo.maven.apache.org/maven2/com/vladsch/flexmark/flexmark-ext-abbreviation/0.42.14/flexmark-ext-abbreviation-0.42.14.pom (2.5 kB at 13 kB/s)
#15 56.25 [INFO] Downloading from central: https://repo.maven.apache.org/maven2/com/vladsch/flexmark/flexmark-ext-autolink/0.42.14/flexmark-ext-autolink-0.42.14.pom
#15 56.45 [INFO] Downloaded from central: https://repo.maven.apache.org/maven2/com/vladsch/flexmark/flexmark-ext-autolink/0.42.14/flexmark-ext-autolink-0.42.14.pom (1.8 kB at 9.1 kB/s)
#15 56.46 [INFO] Downloading from central: https://repo.maven.apache.org/maven2/org/nibor/autolink/autolink/0.6.0/autolink-0.6.0.pom
#15 56.66 [INFO] Downloaded from central: https://repo.maven.apache.org/maven2/org/nibor/autolink/autolink/0.6.0/autolink-0.6.0.pom (9.2 kB at 45 kB/s)
#15 56.66 [INFO] Downloading from central: https://repo.maven.apache.org/maven2/com/vladsch/flexmark/flexmark-formatter/0.42.14/flexmark-formatter-0.42.14.pom
#15 56.87 [INFO] Downloaded from central: https://repo.maven.apache.org/maven2/com/vladsch/flexmark/flexmark-formatter/0.42.14/flexmark-formatter-0.42.14.pom (1.1 kB at 5.4 kB/s)
#15 56.87 [INFO] Downloading from central: https://repo.maven.apache.org/maven2/com/vladsch/flexmark/flexmark-ext-admonition/0.42.14/flexmark-ext-admonition-0.42.14.pom
#15 57.08 [INFO] Downloaded from central: https://repo.maven.apache.org/maven2/com/vladsch/flexmark/flexmark-ext-admonition/0.42.14/flexmark-ext-admonition-0.42.14.pom (1.5 kB at 7.2 kB/s)
#15 57.09 [INFO] Downloading from central: https://repo.maven.apache.org/maven2/com/vladsch/flexmark/flexmark-ext-anchorlink/0.42.14/flexmark-ext-anchorlink-0.42.14.pom
#15 57.29 [INFO] Downloaded from central: https://repo.maven.apache.org/maven2/com/vladsch/flexmark/flexmark-ext-anchorlink/0.42.14/flexmark-ext-anchorlink-0.42.14.pom (1.6 kB at 7.8 kB/s)
#15 57.29 [INFO] Downloading from central: https://repo.maven.apache.org/maven2/com/vladsch/flexmark/flexmark-ext-aside/0.42.14/flexmark-ext-aside-0.42.14.pom
#15 57.50 [INFO] Downloaded from central: https://repo.maven.apache.org/maven2/com/vladsch/flexmark/flexmark-ext-aside/0.42.14/flexmark-ext-aside-0.42.14.pom (1.5 kB at 7.3 kB/s)
#15 57.50 [INFO] Downloading from central: https://repo.maven.apache.org/maven2/com/vladsch/flexmark/flexmark-jira-converter/0.42.14/flexmark-jira-converter-0.42.14.pom
#15 57.70 [INFO] Downloaded from central: https://repo.maven.apache.org/maven2/com/vladsch/flexmark/flexmark-jira-converter/0.42.14/flexmark-jira-converter-0.42.14.pom (2.1 kB at 10 kB/s)
#15 57.70 [INFO] Downloading from central: https://repo.maven.apache.org/maven2/com/vladsch/flexmark/flexmark-ext-gfm-strikethrough/0.42.14/flexmark-ext-gfm-strikethrough-0.42.14.pom
#15 57.91 [INFO] Downloaded from central: https://repo.maven.apache.org/maven2/com/vladsch/flexmark/flexmark-ext-gfm-strikethrough/0.42.14/flexmark-ext-gfm-strikethrough-0.42.14.pom (1.3 kB at 6.7 kB/s)
#15 57.91 [INFO] Downloading from central: https://repo.maven.apache.org/maven2/com/vladsch/flexmark/flexmark-ext-tables/0.42.14/flexmark-ext-tables-0.42.14.pom
#15 58.12 [INFO] Downloaded from central: https://repo.maven.apache.org/maven2/com/vladsch/flexmark/flexmark-ext-tables/0.42.14/flexmark-ext-tables-0.42.14.pom (1.5 kB at 7.3 kB/s)
#15 58.12 [INFO] Downloading from central: https://repo.maven.apache.org/maven2/com/vladsch/flexmark/flexmark-ext-wikilink/0.42.14/flexmark-ext-wikilink-0.42.14.pom
#15 58.33 [INFO] Downloaded from central: https://repo.maven.apache.org/maven2/com/vladsch/flexmark/flexmark-ext-wikilink/0.42.14/flexmark-ext-wikilink-0.42.14.pom (1.5 kB at 7.3 kB/s)
#15 58.33 [INFO] Downloading from central: https://repo.maven.apache.org/maven2/com/vladsch/flexmark/flexmark-ext-ins/0.42.14/flexmark-ext-ins-0.42.14.pom
#15 58.53 [INFO] Downloaded from central: https://repo.maven.apache.org/maven2/com/vladsch/flexmark/flexmark-ext-ins/0.42.14/flexmark-ext-ins-0.42.14.pom (1.3 kB at 6.3 kB/s)
#15 58.53 [INFO] Downloading from central: https://repo.maven.apache.org/maven2/com/vladsch/flexmark/flexmark-ext-superscript/0.42.14/flexmark-ext-superscript-0.42.14.pom
#15 58.73 [INFO] Downloaded from central: https://repo.maven.apache.org/maven2/com/vladsch/flexmark/flexmark-ext-superscript/0.42.14/flexmark-ext-superscript-0.42.14.pom (1.3 kB at 6.5 kB/s)
#15 58.74 [INFO] Downloading from central: https://repo.maven.apache.org/maven2/com/vladsch/flexmark/flexmark-ext-attributes/0.42.14/flexmark-ext-attributes-0.42.14.pom
#15 58.94 [INFO] Downloaded from central: https://repo.maven.apache.org/maven2/com/vladsch/flexmark/flexmark-ext-attributes/0.42.14/flexmark-ext-attributes-0.42.14.pom (2.6 kB at 13 kB/s)
#15 58.94 [INFO] Downloading from central: https://repo.maven.apache.org/maven2/com/vladsch/flexmark/flexmark-ext-definition/0.42.14/flexmark-ext-definition-0.42.14.pom
#15 59.15 [INFO] Downloaded from central: https://repo.maven.apache.org/maven2/com/vladsch/flexmark/flexmark-ext-definition/0.42.14/flexmark-ext-definition-0.42.14.pom (1.3 kB at 6.3 kB/s)
#15 59.15 [INFO] Downloading from central: https://repo.maven.apache.org/maven2/com/vladsch/flexmark/flexmark-ext-emoji/0.42.14/flexmark-ext-emoji-0.42.14.pom
#15 59.36 [INFO] Downloaded from central: https://repo.maven.apache.org/maven2/com/vladsch/flexmark/flexmark-ext-emoji/0.42.14/flexmark-ext-emoji-0.42.14.pom (1.5 kB at 7.3 kB/s)
#15 59.36 [INFO] Downloading from central: https://repo.maven.apache.org/maven2/com/vladsch/flexmark/flexmark-ext-enumerated-reference/0.42.14/flexmark-ext-enumerated-reference-0.42.14.pom
#15 59.57 [INFO] Downloaded from central: https://repo.maven.apache.org/maven2/com/vladsch/flexmark/flexmark-ext-enumerated-reference/0.42.14/flexmark-ext-enumerated-reference-0.42.14.pom (1.7 kB at 8.1 kB/s)
#15 59.57 [INFO] Downloading from central: https://repo.maven.apache.org/maven2/com/vladsch/flexmark/flexmark-ext-escaped-character/0.42.14/flexmark-ext-escaped-character-0.42.14.pom
#15 59.78 [INFO] Downloaded from central: https://repo.maven.apache.org/maven2/com/vladsch/flexmark/flexmark-ext-escaped-character/0.42.14/flexmark-ext-escaped-character-0.42.14.pom (1.3 kB at 6.4 kB/s)
#15 59.78 [INFO] Downloading from central: https://repo.maven.apache.org/maven2/com/vladsch/flexmark/flexmark-ext-footnotes/0.42.14/flexmark-ext-footnotes-0.42.14.pom
#15 59.99 [INFO] Downloaded from central: https://repo.maven.apache.org/maven2/com/vladsch/flexmark/flexmark-ext-footnotes/0.42.14/flexmark-ext-footnotes-0.42.14.pom (1.3 kB at 6.4 kB/s)
#15 59.99 [INFO] Downloading from central: https://repo.maven.apache.org/maven2/com/vladsch/flexmark/flexmark-ext-gfm-issues/0.42.14/flexmark-ext-gfm-issues-0.42.14.pom
#15 60.19 [INFO] Downloaded from central: https://repo.maven.apache.org/maven2/com/vladsch/flexmark/flexmark-ext-gfm-issues/0.42.14/flexmark-ext-gfm-issues-0.42.14.pom (1.3 kB at 6.5 kB/s)
#15 60.19 [INFO] Downloading from central: https://repo.maven.apache.org/maven2/com/vladsch/flexmark/flexmark-ext-gfm-tables/0.42.14/flexmark-ext-gfm-tables-0.42.14.pom
#15 60.40 [INFO] Downloaded from central: https://repo.maven.apache.org/maven2/com/vladsch/flexmark/flexmark-ext-gfm-tables/0.42.14/flexmark-ext-gfm-tables-0.42.14.pom (1.3 kB at 6.5 kB/s)
#15 60.40 [INFO] Downloading from central: https://repo.maven.apache.org/maven2/com/vladsch/flexmark/flexmark-ext-gfm-tasklist/0.42.14/flexmark-ext-gfm-tasklist-0.42.14.pom
#15 60.61 [INFO] Downloaded from central: https://repo.maven.apache.org/maven2/com/vladsch/flexmark/flexmark-ext-gfm-tasklist/0.42.14/flexmark-ext-gfm-tasklist-0.42.14.pom (1.4 kB at 6.7 kB/s)
#15 60.61 [INFO] Downloading from central: https://repo.maven.apache.org/maven2/com/vladsch/flexmark/flexmark-ext-gfm-users/0.42.14/flexmark-ext-gfm-users-0.42.14.pom
#15 60.82 [INFO] Downloaded from central: https://repo.maven.apache.org/maven2/com/vladsch/flexmark/flexmark-ext-gfm-users/0.42.14/flexmark-ext-gfm-users-0.42.14.pom (1.3 kB at 6.5 kB/s)
#15 60.83 [INFO] Downloading from central: https://repo.maven.apache.org/maven2/com/vladsch/flexmark/flexmark-ext-gitlab/0.42.14/flexmark-ext-gitlab-0.42.14.pom
#15 61.05 [INFO] Downloaded from central: https://repo.maven.apache.org/maven2/com/vladsch/flexmark/flexmark-ext-gitlab/0.42.14/flexmark-ext-gitlab-0.42.14.pom (1.3 kB at 5.9 kB/s)
#15 61.05 [INFO] Downloading from central: https://repo.maven.apache.org/maven2/com/vladsch/flexmark/flexmark-ext-jekyll-front-matter/0.42.14/flexmark-ext-jekyll-front-matter-0.42.14.pom
#15 61.26 [INFO] Downloaded from central: https://repo.maven.apache.org/maven2/com/vladsch/flexmark/flexmark-ext-jekyll-front-matter/0.42.14/flexmark-ext-jekyll-front-matter-0.42.14.pom (1.5 kB at 7.1 kB/s)
#15 61.26 [INFO] Downloading from central: https://repo.maven.apache.org/maven2/com/vladsch/flexmark/flexmark-ext-yaml-front-matter/0.42.14/flexmark-ext-yaml-front-matter-0.42.14.pom
#15 61.47 [INFO] Downloaded from central: https://repo.maven.apache.org/maven2/com/vladsch/flexmark/flexmark-ext-yaml-front-matter/0.42.14/flexmark-ext-yaml-front-matter-0.42.14.pom (1.3 kB at 6.3 kB/s)
#15 61.47 [INFO] Downloading from central: https://repo.maven.apache.org/maven2/com/vladsch/flexmark/flexmark-ext-jekyll-tag/0.42.14/flexmark-ext-jekyll-tag-0.42.14.pom
#15 61.67 [INFO] Downloaded from central: https://repo.maven.apache.org/maven2/com/vladsch/flexmark/flexmark-ext-jekyll-tag/0.42.14/flexmark-ext-jekyll-tag-0.42.14.pom (1.3 kB at 6.5 kB/s)
#15 61.68 [INFO] Downloading from central: https://repo.maven.apache.org/maven2/com/vladsch/flexmark/flexmark-ext-media-tags/0.42.14/flexmark-ext-media-tags-0.42.14.pom
#15 61.88 [INFO] Downloaded from central: https://repo.maven.apache.org/maven2/com/vladsch/flexmark/flexmark-ext-media-tags/0.42.14/flexmark-ext-media-tags-0.42.14.pom (1.0 kB at 5.0 kB/s)
#15 61.89 [INFO] Downloading from central: https://repo.maven.apache.org/maven2/com/vladsch/flexmark/flexmark-ext-macros/0.42.14/flexmark-ext-macros-0.42.14.pom
#15 62.09 [INFO] Downloaded from central: https://repo.maven.apache.org/maven2/com/vladsch/flexmark/flexmark-ext-macros/0.42.14/flexmark-ext-macros-0.42.14.pom (1.6 kB at 8.0 kB/s)
#15 62.09 [INFO] Downloading from central: https://repo.maven.apache.org/maven2/com/vladsch/flexmark/flexmark-ext-xwiki-macros/0.42.14/flexmark-ext-xwiki-macros-0.42.14.pom
#15 62.30 [INFO] Downloaded from central: https://repo.maven.apache.org/maven2/com/vladsch/flexmark/flexmark-ext-xwiki-macros/0.42.14/flexmark-ext-xwiki-macros-0.42.14.pom (1.3 kB at 6.6 kB/s)
#15 62.30 [INFO] Downloading from central: https://repo.maven.apache.org/maven2/com/vladsch/flexmark/flexmark-ext-toc/0.42.14/flexmark-ext-toc-0.42.14.pom
#15 62.50 [INFO] Downloaded from central: https://repo.maven.apache.org/maven2/com/vladsch/flexmark/flexmark-ext-toc/0.42.14/flexmark-ext-toc-0.42.14.pom (1.5 kB at 7.2 kB/s)
#15 62.50 [INFO] Downloading from central: https://repo.maven.apache.org/maven2/com/vladsch/flexmark/flexmark-ext-typographic/0.42.14/flexmark-ext-typographic-0.42.14.pom
#15 62.70 [INFO] Downloaded from central: https://repo.maven.apache.org/maven2/com/vladsch/flexmark/flexmark-ext-typographic/0.42.14/flexmark-ext-typographic-0.42.14.pom (1.3 kB at 6.4 kB/s)
#15 62.71 [INFO] Downloading from central: https://repo.maven.apache.org/maven2/com/vladsch/flexmark/flexmark-ext-youtube-embedded/0.42.14/flexmark-ext-youtube-embedded-0.42.14.pom
#15 62.91 [INFO] Downloaded from central: https://repo.maven.apache.org/maven2/com/vladsch/flexmark/flexmark-ext-youtube-embedded/0.42.14/flexmark-ext-youtube-embedded-0.42.14.pom (883 B at 4.4 kB/s)
#15 62.91 [INFO] Downloading from central: https://repo.maven.apache.org/maven2/com/vladsch/flexmark/flexmark-html-parser/0.42.14/flexmark-html-parser-0.42.14.pom
#15 63.12 [INFO] Downloaded from central: https://repo.maven.apache.org/maven2/com/vladsch/flexmark/flexmark-html-parser/0.42.14/flexmark-html-parser-0.42.14.pom (1.5 kB at 7.1 kB/s)
#15 63.12 [INFO] Downloading from central: https://repo.maven.apache.org/maven2/org/jsoup/jsoup/1.10.2/jsoup-1.10.2.pom
#15 63.33 [INFO] Downloaded from central: https://repo.maven.apache.org/maven2/org/jsoup/jsoup/1.10.2/jsoup-1.10.2.pom (7.3 kB at 35 kB/s)
#15 63.33 [INFO] Downloading from central: https://repo.maven.apache.org/maven2/com/vladsch/flexmark/flexmark-profile-pegdown/0.42.14/flexmark-profile-pegdown-0.42.14.pom
#15 63.54 [INFO] Downloaded from central: https://repo.maven.apache.org/maven2/com/vladsch/flexmark/flexmark-profile-pegdown/0.42.14/flexmark-profile-pegdown-0.42.14.pom (4.0 kB at 20 kB/s)
#15 63.54 [INFO] Downloading from central: https://repo.maven.apache.org/maven2/com/vladsch/flexmark/flexmark-youtrack-converter/0.42.14/flexmark-youtrack-converter-0.42.14.pom
#15 63.74 [INFO] Downloaded from central: https://repo.maven.apache.org/maven2/com/vladsch/flexmark/flexmark-youtrack-converter/0.42.14/flexmark-youtrack-converter-0.42.14.pom (1.7 kB at 8.1 kB/s)
#15 63.74 [INFO] Downloading from central: https://repo.maven.apache.org/maven2/org/apache/maven/doxia/doxia-module-confluence/1.11.1/doxia-module-confluence-1.11.1.pom
#15 63.95 [INFO] Downloaded from central: https://repo.maven.apache.org/maven2/org/apache/maven/doxia/doxia-module-confluence/1.11.1/doxia-module-confluence-1.11.1.pom (2.2 kB at 11 kB/s)
#15 63.95 [INFO] Downloading from central: https://repo.maven.apache.org/maven2/org/apache/maven/doxia/doxia-module-docbook-simple/1.11.1/doxia-module-docbook-simple-1.11.1.pom
#15 64.17 [INFO] Downloaded from central: https://repo.maven.apache.org/maven2/org/apache/maven/doxia/doxia-module-docbook-simple/1.11.1/doxia-module-docbook-simple-1.11.1.pom (2.0 kB at 9.3 kB/s)
#15 64.17 [INFO] Downloading from central: https://repo.maven.apache.org/maven2/org/apache/maven/doxia/doxia-module-twiki/1.11.1/doxia-module-twiki-1.11.1.pom
#15 64.38 [INFO] Downloaded from central: https://repo.maven.apache.org/maven2/org/apache/maven/doxia/doxia-module-twiki/1.11.1/doxia-module-twiki-1.11.1.pom (2.1 kB at 10 kB/s)
#15 64.38 [INFO] Downloading from central: https://repo.maven.apache.org/maven2/org/apache/maven/doxia/doxia-decoration-model/1.11.1/doxia-decoration-model-1.11.1.pom
#15 64.59 [INFO] Downloaded from central: https://repo.maven.apache.org/maven2/org/apache/maven/doxia/doxia-decoration-model/1.11.1/doxia-decoration-model-1.11.1.pom (3.4 kB at 17 kB/s)
#15 64.59 [INFO] Downloading from central: https://repo.maven.apache.org/maven2/org/apache/maven/doxia/doxia-sitetools/1.11.1/doxia-sitetools-1.11.1.pom
#15 64.80 [INFO] Downloaded from central: https://repo.maven.apache.org/maven2/org/apache/maven/doxia/doxia-sitetools/1.11.1/doxia-sitetools-1.11.1.pom (14 kB at 64 kB/s)
#15 64.80 [INFO] Downloading from central: https://repo.maven.apache.org/maven2/org/apache/maven/doxia/doxia-site-renderer/1.11.1/doxia-site-renderer-1.11.1.pom
#15 65.01 [INFO] Downloaded from central: https://repo.maven.apache.org/maven2/org/apache/maven/doxia/doxia-site-renderer/1.11.1/doxia-site-renderer-1.11.1.pom (7.7 kB at 38 kB/s)
#15 65.01 [INFO] Downloading from central: https://repo.maven.apache.org/maven2/org/apache/maven/doxia/doxia-skin-model/1.11.1/doxia-skin-model-1.11.1.pom
#15 65.22 [INFO] Downloaded from central: https://repo.maven.apache.org/maven2/org/apache/maven/doxia/doxia-skin-model/1.11.1/doxia-skin-model-1.11.1.pom (3.0 kB at 15 kB/s)
#15 65.22 [INFO] Downloading from central: https://repo.maven.apache.org/maven2/org/codehaus/plexus/plexus-container-default/1.0-alpha-30/plexus-container-default-1.0-alpha-30.pom
#15 65.42 [INFO] Downloaded from central: https://repo.maven.apache.org/maven2/org/codehaus/plexus/plexus-container-default/1.0-alpha-30/plexus-container-default-1.0-alpha-30.pom (3.5 kB at 17 kB/s)
#15 65.42 [INFO] Downloading from central: https://repo.maven.apache.org/maven2/org/codehaus/plexus/plexus-containers/1.0-alpha-30/plexus-containers-1.0-alpha-30.pom
#15 65.63 [INFO] Downloaded from central: https://repo.maven.apache.org/maven2/org/codehaus/plexus/plexus-containers/1.0-alpha-30/plexus-containers-1.0-alpha-30.pom (1.9 kB at 9.2 kB/s)
#15 65.63 [INFO] Downloading from central: https://repo.maven.apache.org/maven2/org/codehaus/plexus/plexus-classworlds/1.2-alpha-9/plexus-classworlds-1.2-alpha-9.pom
#15 65.84 [INFO] Downloaded from central: https://repo.maven.apache.org/maven2/org/codehaus/plexus/plexus-classworlds/1.2-alpha-9/plexus-classworlds-1.2-alpha-9.pom (3.2 kB at 15 kB/s)
#15 65.85 [INFO] Downloading from central: https://repo.maven.apache.org/maven2/junit/junit/3.8.1/junit-3.8.1.pom
#15 66.05 [INFO] Downloaded from central: https://repo.maven.apache.org/maven2/junit/junit/3.8.1/junit-3.8.1.pom (998 B at 4.9 kB/s)
#15 66.05 [INFO] Downloading from central: https://repo.maven.apache.org/maven2/org/codehaus/plexus/plexus-velocity/1.2/plexus-velocity-1.2.pom
#15 66.25 [INFO] Downloaded from central: https://repo.maven.apache.org/maven2/org/codehaus/plexus/plexus-velocity/1.2/plexus-velocity-1.2.pom (2.8 kB at 14 kB/s)
#15 66.25 [INFO] Downloading from central: https://repo.maven.apache.org/maven2/org/codehaus/plexus/plexus-components/4.0/plexus-components-4.0.pom
#15 66.46 [INFO] Downloaded from central: https://repo.maven.apache.org/maven2/org/codehaus/plexus/plexus-components/4.0/plexus-components-4.0.pom (2.7 kB at 13 kB/s)
#15 66.46 [INFO] Downloading from central: https://repo.maven.apache.org/maven2/org/codehaus/plexus/plexus-container-default/1.0-alpha-9-stable-1/plexus-container-default-1.0-alpha-9-stable-1.pom
#15 66.67 [INFO] Downloaded from central: https://repo.maven.apache.org/maven2/org/codehaus/plexus/plexus-container-default/1.0-alpha-9-stable-1/plexus-container-default-1.0-alpha-9-stable-1.pom (3.9 kB at 19 kB/s)
#15 66.67 [INFO] Downloading from central: https://repo.maven.apache.org/maven2/org/codehaus/plexus/plexus-containers/1.0.3/plexus-containers-1.0.3.pom
#15 66.87 [INFO] Downloaded from central: https://repo.maven.apache.org/maven2/org/codehaus/plexus/plexus-containers/1.0.3/plexus-containers-1.0.3.pom (492 B at 2.5 kB/s)
#15 66.87 [INFO] Downloading from central: https://repo.maven.apache.org/maven2/org/codehaus/plexus/plexus/1.0.4/plexus-1.0.4.pom
#15 67.07 [INFO] Downloaded from central: https://repo.maven.apache.org/maven2/org/codehaus/plexus/plexus/1.0.4/plexus-1.0.4.pom (5.7 kB at 28 kB/s)
#15 67.07 [INFO] Downloading from central: https://repo.maven.apache.org/maven2/classworlds/classworlds/1.1-alpha-2/classworlds-1.1-alpha-2.pom
#15 67.28 [INFO] Downloaded from central: https://repo.maven.apache.org/maven2/classworlds/classworlds/1.1-alpha-2/classworlds-1.1-alpha-2.pom (3.1 kB at 15 kB/s)
#15 67.28 [INFO] Downloading from central: https://repo.maven.apache.org/maven2/commons-collections/commons-collections/3.1/commons-collections-3.1.pom
#15 67.49 [INFO] Downloaded from central: https://repo.maven.apache.org/maven2/commons-collections/commons-collections/3.1/commons-collections-3.1.pom (6.1 kB at 29 kB/s)
#15 67.49 [INFO] Downloading from central: https://repo.maven.apache.org/maven2/org/apache/velocity/velocity/1.7/velocity-1.7.pom
#15 67.70 [INFO] Downloaded from central: https://repo.maven.apache.org/maven2/org/apache/velocity/velocity/1.7/velocity-1.7.pom (11 kB at 53 kB/s)
#15 67.70 [INFO] Downloading from central: https://repo.maven.apache.org/maven2/commons-collections/commons-collections/3.2.1/commons-collections-3.2.1.pom
#15 67.90 [INFO] Downloaded from central: https://repo.maven.apache.org/maven2/commons-collections/commons-collections/3.2.1/commons-collections-3.2.1.pom (13 kB at 63 kB/s)
#15 67.90 [INFO] Downloading from central: https://repo.maven.apache.org/maven2/org/apache/commons/commons-parent/9/commons-parent-9.pom
#15 68.11 [INFO] Downloaded from central: https://repo.maven.apache.org/maven2/org/apache/commons/commons-parent/9/commons-parent-9.pom (22 kB at 108 kB/s)
#15 68.11 [INFO] Downloading from central: https://repo.maven.apache.org/maven2/commons-lang/commons-lang/2.4/commons-lang-2.4.pom
#15 68.32 [INFO] Downloaded from central: https://repo.maven.apache.org/maven2/commons-lang/commons-lang/2.4/commons-lang-2.4.pom (14 kB at 67 kB/s)
#15 68.32 [INFO] Downloading from central: https://repo.maven.apache.org/maven2/org/apache/velocity/velocity-tools/2.0/velocity-tools-2.0.pom
#15 68.52 [INFO] Downloaded from central: https://repo.maven.apache.org/maven2/org/apache/velocity/velocity-tools/2.0/velocity-tools-2.0.pom (18 kB at 90 kB/s)
#15 68.53 [INFO] Downloading from central: https://repo.maven.apache.org/maven2/commons-beanutils/commons-beanutils/1.7.0/commons-beanutils-1.7.0.pom
#15 68.73 [INFO] Downloaded from central: https://repo.maven.apache.org/maven2/commons-beanutils/commons-beanutils/1.7.0/commons-beanutils-1.7.0.pom (357 B at 1.7 kB/s)
#15 68.73 [INFO] Downloading from central: https://repo.maven.apache.org/maven2/commons-logging/commons-logging/1.0.3/commons-logging-1.0.3.pom
#15 68.94 [INFO] Downloaded from central: https://repo.maven.apache.org/maven2/commons-logging/commons-logging/1.0.3/commons-logging-1.0.3.pom (866 B at 4.1 kB/s)
#15 68.95 [INFO] Downloading from central: https://repo.maven.apache.org/maven2/commons-digester/commons-digester/1.8/commons-digester-1.8.pom
#15 69.16 [INFO] Downloaded from central: https://repo.maven.apache.org/maven2/commons-digester/commons-digester/1.8/commons-digester-1.8.pom (7.0 kB at 33 kB/s)
#15 69.16 [INFO] Downloading from central: https://repo.maven.apache.org/maven2/commons-logging/commons-logging/1.1/commons-logging-1.1.pom
#15 69.36 [INFO] Downloaded from central: https://repo.maven.apache.org/maven2/commons-logging/commons-logging/1.1/commons-logging-1.1.pom (6.2 kB at 31 kB/s)
#15 69.36 [INFO] Downloading from central: https://repo.maven.apache.org/maven2/log4j/log4j/1.2.12/log4j-1.2.12.pom
#15 69.58 [INFO] Downloaded from central: https://repo.maven.apache.org/maven2/log4j/log4j/1.2.12/log4j-1.2.12.pom (145 B at 674 B/s)
#15 69.58 [INFO] Downloading from central: https://repo.maven.apache.org/maven2/logkit/logkit/1.0.1/logkit-1.0.1.pom
#15 69.79 [INFO] Downloaded from central: https://repo.maven.apache.org/maven2/logkit/logkit/1.0.1/logkit-1.0.1.pom (147 B at 713 B/s)
#15 69.79 [INFO] Downloading from central: https://repo.maven.apache.org/maven2/avalon-framework/avalon-framework/4.1.3/avalon-framework-4.1.3.pom
#15 70.00 [INFO] Downloaded from central: https://repo.maven.apache.org/maven2/avalon-framework/avalon-framework/4.1.3/avalon-framework-4.1.3.pom (167 B at 806 B/s)
#15 70.00 [INFO] Downloading from central: https://repo.maven.apache.org/maven2/commons-chain/commons-chain/1.1/commons-chain-1.1.pom
#15 70.20 [INFO] Downloaded from central: https://repo.maven.apache.org/maven2/commons-chain/commons-chain/1.1/commons-chain-1.1.pom (6.0 kB at 29 kB/s)
#15 70.21 [INFO] Downloading from central: https://repo.maven.apache.org/maven2/commons-digester/commons-digester/1.6/commons-digester-1.6.pom
#15 70.41 [INFO] Downloaded from central: https://repo.maven.apache.org/maven2/commons-digester/commons-digester/1.6/commons-digester-1.6.pom (974 B at 4.8 kB/s)
#15 70.41 [INFO] Downloading from central: https://repo.maven.apache.org/maven2/commons-beanutils/commons-beanutils/1.6/commons-beanutils-1.6.pom
#15 70.62 [INFO] Downloaded from central: https://repo.maven.apache.org/maven2/commons-beanutils/commons-beanutils/1.6/commons-beanutils-1.6.pom (2.3 kB at 11 kB/s)
#15 70.62 [INFO] Downloading from central: https://repo.maven.apache.org/maven2/commons-logging/commons-logging/1.0/commons-logging-1.0.pom
#15 70.82 [INFO] Downloaded from central: https://repo.maven.apache.org/maven2/commons-logging/commons-logging/1.0/commons-logging-1.0.pom (163 B at 810 B/s)
#15 70.82 [INFO] Downloading from central: https://repo.maven.apache.org/maven2/commons-collections/commons-collections/2.0/commons-collections-2.0.pom
#15 71.03 [INFO] Downloaded from central: https://repo.maven.apache.org/maven2/commons-collections/commons-collections/2.0/commons-collections-2.0.pom (171 B at 830 B/s)
#15 71.03 [INFO] Downloading from central: https://repo.maven.apache.org/maven2/commons-collections/commons-collections/2.1/commons-collections-2.1.pom
#15 71.23 [INFO] Downloaded from central: https://repo.maven.apache.org/maven2/commons-collections/commons-collections/2.1/commons-collections-2.1.pom (3.3 kB at 17 kB/s)
#15 71.23 [INFO] Downloading from central: https://repo.maven.apache.org/maven2/xml-apis/xml-apis/1.0.b2/xml-apis-1.0.b2.pom
#15 71.43 [INFO] Downloaded from central: https://repo.maven.apache.org/maven2/xml-apis/xml-apis/1.0.b2/xml-apis-1.0.b2.pom (2.2 kB at 11 kB/s)
#15 71.43 [INFO] Downloading from central: https://repo.maven.apache.org/maven2/commons-collections/commons-collections/3.2/commons-collections-3.2.pom
#15 71.64 [INFO] Downloaded from central: https://repo.maven.apache.org/maven2/commons-collections/commons-collections/3.2/commons-collections-3.2.pom (11 kB at 54 kB/s)
#15 71.64 [INFO] Downloading from central: https://repo.maven.apache.org/maven2/dom4j/dom4j/1.1/dom4j-1.1.pom
#15 71.85 [INFO] Downloaded from central: https://repo.maven.apache.org/maven2/dom4j/dom4j/1.1/dom4j-1.1.pom (142 B at 689 B/s)
#15 71.85 [INFO] Downloading from central: https://repo.maven.apache.org/maven2/oro/oro/2.0.8/oro-2.0.8.pom
#15 72.05 [INFO] Downloaded from central: https://repo.maven.apache.org/maven2/oro/oro/2.0.8/oro-2.0.8.pom (140 B at 696 B/s)
#15 72.05 [INFO] Downloading from central: https://repo.maven.apache.org/maven2/org/apache/velocity/velocity/1.6.2/velocity-1.6.2.pom
#15 72.25 [INFO] Downloaded from central: https://repo.maven.apache.org/maven2/org/apache/velocity/velocity/1.6.2/velocity-1.6.2.pom (11 kB at 53 kB/s)
#15 72.26 [INFO] Downloading from central: https://repo.maven.apache.org/maven2/org/apache/maven/doxia/doxia-integration-tools/1.11.1/doxia-integration-tools-1.11.1.pom
#15 72.46 [INFO] Downloaded from central: https://repo.maven.apache.org/maven2/org/apache/maven/doxia/doxia-integration-tools/1.11.1/doxia-integration-tools-1.11.1.pom (6.0 kB at 29 kB/s)
#15 72.47 [INFO] Downloading from central: https://repo.maven.apache.org/maven2/org/apache/maven/reporting/maven-reporting-api/3.0/maven-reporting-api-3.0.pom
#15 72.67 [INFO] Downloaded from central: https://repo.maven.apache.org/maven2/org/apache/maven/reporting/maven-reporting-api/3.0/maven-reporting-api-3.0.pom (2.4 kB at 12 kB/s)
#15 72.67 [INFO] Downloading from central: https://repo.maven.apache.org/maven2/org/apache/maven/shared/maven-shared-components/15/maven-shared-components-15.pom
#15 72.88 [INFO] Downloaded from central: https://repo.maven.apache.org/maven2/org/apache/maven/shared/maven-shared-components/15/maven-shared-components-15.pom (9.3 kB at 46 kB/s)
#15 72.88 [INFO] Downloading from central: https://repo.maven.apache.org/maven2/org/apache/maven/maven-parent/16/maven-parent-16.pom
#15 73.09 [INFO] Downloaded from central: https://repo.maven.apache.org/maven2/org/apache/maven/maven-parent/16/maven-parent-16.pom (23 kB at 113 kB/s)
#15 73.09 [INFO] Downloading from central: https://repo.maven.apache.org/maven2/org/apache/maven/doxia/doxia-sink-api/1.0/doxia-sink-api-1.0.pom
#15 73.29 [INFO] Downloaded from central: https://repo.maven.apache.org/maven2/org/apache/maven/doxia/doxia-sink-api/1.0/doxia-sink-api-1.0.pom (1.4 kB at 6.7 kB/s)
#15 73.30 [INFO] Downloading from central: https://repo.maven.apache.org/maven2/org/apache/maven/doxia/doxia/1.0/doxia-1.0.pom
#15 73.50 [INFO] Downloaded from central: https://repo.maven.apache.org/maven2/org/apache/maven/doxia/doxia/1.0/doxia-1.0.pom (9.6 kB at 47 kB/s)
#15 73.50 [INFO] Downloading from central: https://repo.maven.apache.org/maven2/org/apache/maven/maven-parent/10/maven-parent-10.pom
#15 73.71 [INFO] Downloaded from central: https://repo.maven.apache.org/maven2/org/apache/maven/maven-parent/10/maven-parent-10.pom (32 kB at 157 kB/s)
#15 73.71 [INFO] Downloading from central: https://repo.maven.apache.org/maven2/org/apache/maven/maven-artifact/2.2.1/maven-artifact-2.2.1.pom
#15 73.91 [INFO] Downloaded from central: https://repo.maven.apache.org/maven2/org/apache/maven/maven-artifact/2.2.1/maven-artifact-2.2.1.pom (1.6 kB at 7.8 kB/s)
#15 73.91 [INFO] Downloading from central: https://repo.maven.apache.org/maven2/org/apache/maven/maven/2.2.1/maven-2.2.1.pom
#15 74.12 [INFO] Downloaded from central: https://repo.maven.apache.org/maven2/org/apache/maven/maven/2.2.1/maven-2.2.1.pom (22 kB at 110 kB/s)
#15 74.13 [INFO] Downloading from central: https://repo.maven.apache.org/maven2/org/apache/maven/maven-model/2.2.1/maven-model-2.2.1.pom
#15 74.33 [INFO] Downloaded from central: https://repo.maven.apache.org/maven2/org/apache/maven/maven-model/2.2.1/maven-model-2.2.1.pom (3.2 kB at 16 kB/s)
#15 74.34 [INFO] Downloading from central: https://repo.maven.apache.org/maven2/org/apache/maven/maven-plugin-api/2.2.1/maven-plugin-api-2.2.1.pom
#15 74.54 [INFO] Downloaded from central: https://repo.maven.apache.org/maven2/org/apache/maven/maven-plugin-api/2.2.1/maven-plugin-api-2.2.1.pom (1.5 kB at 7.2 kB/s)
#15 74.54 [INFO] Downloading from central: https://repo.maven.apache.org/maven2/org/eclipse/jetty/jetty-server/9.4.46.v20220331/jetty-server-9.4.46.v20220331.pom
#15 74.75 [INFO] Downloaded from central: https://repo.maven.apache.org/maven2/org/eclipse/jetty/jetty-server/9.4.46.v20220331/jetty-server-9.4.46.v20220331.pom (3.4 kB at 17 kB/s)
#15 74.75 [INFO] Downloading from central: https://repo.maven.apache.org/maven2/org/eclipse/jetty/jetty-project/9.4.46.v20220331/jetty-project-9.4.46.v20220331.pom
#15 74.96 [INFO] Downloaded from central: https://repo.maven.apache.org/maven2/org/eclipse/jetty/jetty-project/9.4.46.v20220331/jetty-project-9.4.46.v20220331.pom (71 kB at 339 kB/s)
#15 74.96 [INFO] Downloading from central: https://repo.maven.apache.org/maven2/org/junit/junit-bom/5.8.2/junit-bom-5.8.2.pom
#15 75.17 [INFO] Downloaded from central: https://repo.maven.apache.org/maven2/org/junit/junit-bom/5.8.2/junit-bom-5.8.2.pom (5.6 kB at 27 kB/s)
#15 75.17 [INFO] Downloading from central: https://repo.maven.apache.org/maven2/org/testcontainers/testcontainers-bom/1.16.1/testcontainers-bom-1.16.1.pom
#15 75.38 [INFO] Downloaded from central: https://repo.maven.apache.org/maven2/org/testcontainers/testcontainers-bom/1.16.1/testcontainers-bom-1.16.1.pom (7.2 kB at 35 kB/s)
#15 75.38 [INFO] Downloading from central: https://repo.maven.apache.org/maven2/org/infinispan/infinispan-bom/11.0.15.Final/infinispan-bom-11.0.15.Final.pom
#15 75.59 [INFO] Downloaded from central: https://repo.maven.apache.org/maven2/org/infinispan/infinispan-bom/11.0.15.Final/infinispan-bom-11.0.15.Final.pom (19 kB at 91 kB/s)
#15 75.59 [INFO] Downloading from central: https://repo.maven.apache.org/maven2/org/infinispan/infinispan-build-configuration-parent/11.0.15.Final/infinispan-build-configuration-parent-11.0.15.Final.pom
#15 75.81 [INFO] Downloaded from central: https://repo.maven.apache.org/maven2/org/infinispan/infinispan-build-configuration-parent/11.0.15.Final/infinispan-build-configuration-parent-11.0.15.Final.pom (13 kB at 62 kB/s)
#15 75.81 [INFO] Downloading from central: https://repo.maven.apache.org/maven2/org/jboss/jboss-parent/36/jboss-parent-36.pom
#15 76.02 [INFO] Downloaded from central: https://repo.maven.apache.org/maven2/org/jboss/jboss-parent/36/jboss-parent-36.pom (66 kB at 318 kB/s)
#15 76.02 [INFO] Downloading from central: https://repo.maven.apache.org/maven2/javax/servlet/javax.servlet-api/3.1.0/javax.servlet-api-3.1.0.pom
#15 76.24 [INFO] Downloaded from central: https://repo.maven.apache.org/maven2/javax/servlet/javax.servlet-api/3.1.0/javax.servlet-api-3.1.0.pom (14 kB at 62 kB/s)
#15 76.24 [INFO] Downloading from central: https://repo.maven.apache.org/maven2/org/eclipse/jetty/jetty-http/9.4.46.v20220331/jetty-http-9.4.46.v20220331.pom
#15 76.45 [INFO] Downloaded from central: https://repo.maven.apache.org/maven2/org/eclipse/jetty/jetty-http/9.4.46.v20220331/jetty-http-9.4.46.v20220331.pom (4.0 kB at 19 kB/s)
#15 76.46 [INFO] Downloading from central: https://repo.maven.apache.org/maven2/org/eclipse/jetty/jetty-util/9.4.46.v20220331/jetty-util-9.4.46.v20220331.pom
#15 76.67 [INFO] Downloaded from central: https://repo.maven.apache.org/maven2/org/eclipse/jetty/jetty-util/9.4.46.v20220331/jetty-util-9.4.46.v20220331.pom (4.0 kB at 19 kB/s)
#15 76.67 [INFO] Downloading from central: https://repo.maven.apache.org/maven2/org/eclipse/jetty/jetty-io/9.4.46.v20220331/jetty-io-9.4.46.v20220331.pom
#15 76.88 [INFO] Downloaded from central: https://repo.maven.apache.org/maven2/org/eclipse/jetty/jetty-io/9.4.46.v20220331/jetty-io-9.4.46.v20220331.pom (1.2 kB at 5.8 kB/s)
#15 76.89 [INFO] Downloading from central: https://repo.maven.apache.org/maven2/org/eclipse/jetty/jetty-servlet/9.4.46.v20220331/jetty-servlet-9.4.46.v20220331.pom
#15 77.09 [INFO] Downloaded from central: https://repo.maven.apache.org/maven2/org/eclipse/jetty/jetty-servlet/9.4.46.v20220331/jetty-servlet-9.4.46.v20220331.pom (2.3 kB at 11 kB/s)
#15 77.09 [INFO] Downloading from central: https://repo.maven.apache.org/maven2/org/eclipse/jetty/jetty-security/9.4.46.v20220331/jetty-security-9.4.46.v20220331.pom
#15 77.30 [INFO] Downloaded from central: https://repo.maven.apache.org/maven2/org/eclipse/jetty/jetty-security/9.4.46.v20220331/jetty-security-9.4.46.v20220331.pom (2.1 kB at 10 kB/s)
#15 77.30 [INFO] Downloading from central: https://repo.maven.apache.org/maven2/org/eclipse/jetty/jetty-util-ajax/9.4.46.v20220331/jetty-util-ajax-9.4.46.v20220331.pom
#15 77.50 [INFO] Downloaded from central: https://repo.maven.apache.org/maven2/org/eclipse/jetty/jetty-util-ajax/9.4.46.v20220331/jetty-util-ajax-9.4.46.v20220331.pom (1.3 kB at 6.2 kB/s)
#15 77.50 [INFO] Downloading from central: https://repo.maven.apache.org/maven2/org/eclipse/jetty/jetty-webapp/9.4.46.v20220331/jetty-webapp-9.4.46.v20220331.pom
#15 77.71 [INFO] Downloaded from central: https://repo.maven.apache.org/maven2/org/eclipse/jetty/jetty-webapp/9.4.46.v20220331/jetty-webapp-9.4.46.v20220331.pom (3.2 kB at 16 kB/s)
#15 77.71 [INFO] Downloading from central: https://repo.maven.apache.org/maven2/org/eclipse/jetty/jetty-xml/9.4.46.v20220331/jetty-xml-9.4.46.v20220331.pom
#15 77.91 [INFO] Downloaded from central: https://repo.maven.apache.org/maven2/org/eclipse/jetty/jetty-xml/9.4.46.v20220331/jetty-xml-9.4.46.v20220331.pom (1.7 kB at 8.2 kB/s)
#15 77.94 [INFO] Downloading from central: https://repo.maven.apache.org/maven2/org/apache/maven/reporting/maven-reporting-api/3.1.1/maven-reporting-api-3.1.1.jar
#15 78.14 [INFO] Downloaded from central: https://repo.maven.apache.org/maven2/org/apache/maven/reporting/maven-reporting-api/3.1.1/maven-reporting-api-3.1.1.jar (11 kB at 51 kB/s)
#15 78.14 [INFO] Downloading from central: https://repo.maven.apache.org/maven2/org/apache/maven/reporting/maven-reporting-exec/1.6.0/maven-reporting-exec-1.6.0.jar
#15 78.14 [INFO] Downloading from central: https://repo.maven.apache.org/maven2/org/apache/maven/maven-artifact/3.2.5/maven-artifact-3.2.5.jar
#15 78.14 [INFO] Downloading from central: https://repo.maven.apache.org/maven2/org/apache/maven/maven-core/3.2.5/maven-core-3.2.5.jar
#15 78.14 [INFO] Downloading from central: https://repo.maven.apache.org/maven2/org/apache/maven/maven-repository-metadata/3.2.5/maven-repository-metadata-3.2.5.jar
#15 78.15 [INFO] Downloading from central: https://repo.maven.apache.org/maven2/org/apache/maven/maven-model-builder/3.2.5/maven-model-builder-3.2.5.jar
#15 78.34 [INFO] Downloaded from central: https://repo.maven.apache.org/maven2/org/apache/maven/maven-model-builder/3.2.5/maven-model-builder-3.2.5.jar (170 kB at 855 kB/s)
#15 78.34 [INFO] Downloading from central: https://repo.maven.apache.org/maven2/org/apache/maven/maven-aether-provider/3.2.5/maven-aether-provider-3.2.5.jar
#15 78.35 [INFO] Downloaded from central: https://repo.maven.apache.org/maven2/org/apache/maven/maven-artifact/3.2.5/maven-artifact-3.2.5.jar (55 kB at 273 kB/s)
#15 78.35 [INFO] Downloading from central: https://repo.maven.apache.org/maven2/org/eclipse/aether/aether-spi/1.0.0.v20140518/aether-spi-1.0.0.v20140518.jar
#15 78.35 [INFO] Downloaded from central: https://repo.maven.apache.org/maven2/org/apache/maven/reporting/maven-reporting-exec/1.6.0/maven-reporting-exec-1.6.0.jar (31 kB at 149 kB/s)
#15 78.35 [INFO] Downloading from central: https://repo.maven.apache.org/maven2/org/eclipse/aether/aether-impl/1.0.0.v20140518/aether-impl-1.0.0.v20140518.jar
#15 78.38 [INFO] Downloaded from central: https://repo.maven.apache.org/maven2/org/apache/maven/maven-repository-metadata/3.2.5/maven-repository-metadata-3.2.5.jar (26 kB at 111 kB/s)
#15 78.38 [INFO] Downloading from central: https://repo.maven.apache.org/maven2/org/eclipse/aether/aether-api/1.0.0.v20140518/aether-api-1.0.0.v20140518.jar
#15 78.53 [INFO] Downloaded from central: https://repo.maven.apache.org/maven2/org/apache/maven/maven-aether-provider/3.2.5/maven-aether-provider-3.2.5.jar (66 kB at 171 kB/s)
#15 78.53 [INFO] Downloading from central: https://repo.maven.apache.org/maven2/org/eclipse/sisu/org.eclipse.sisu.plexus/0.3.5/org.eclipse.sisu.plexus-0.3.5.jar
#15 78.54 [INFO] Downloaded from central: https://repo.maven.apache.org/maven2/org/eclipse/aether/aether-spi/1.0.0.v20140518/aether-spi-1.0.0.v20140518.jar (31 kB at 78 kB/s)
#15 78.54 [INFO] Downloading from central: https://repo.maven.apache.org/maven2/javax/annotation/javax.annotation-api/1.2/javax.annotation-api-1.2.jar
#15 78.58 [INFO] Downloaded from central: https://repo.maven.apache.org/maven2/org/apache/maven/maven-core/3.2.5/maven-core-3.2.5.jar (608 kB at 1.4 MB/s)
#15 78.58 [INFO] Downloading from central: https://repo.maven.apache.org/maven2/javax/enterprise/cdi-api/1.2/cdi-api-1.2.jar
#15 78.61 [INFO] Downloaded from central: https://repo.maven.apache.org/maven2/org/eclipse/aether/aether-impl/1.0.0.v20140518/aether-impl-1.0.0.v20140518.jar (172 kB at 373 kB/s)
#15 78.61 [INFO] Downloading from central: https://repo.maven.apache.org/maven2/org/eclipse/sisu/org.eclipse.sisu.inject/0.3.5/org.eclipse.sisu.inject-0.3.5.jar
#15 78.63 [INFO] Downloaded from central: https://repo.maven.apache.org/maven2/org/eclipse/aether/aether-api/1.0.0.v20140518/aether-api-1.0.0.v20140518.jar (136 kB at 283 kB/s)
#15 78.63 [INFO] Downloading from central: https://repo.maven.apache.org/maven2/org/sonatype/sisu/sisu-guice/3.2.3/sisu-guice-3.2.3-no_aop.jar
#15 78.72 [INFO] Downloaded from central: https://repo.maven.apache.org/maven2/org/eclipse/sisu/org.eclipse.sisu.plexus/0.3.5/org.eclipse.sisu.plexus-0.3.5.jar (205 kB at 359 kB/s)
#15 78.72 [INFO] Downloading from central: https://repo.maven.apache.org/maven2/aopalliance/aopalliance/1.0/aopalliance-1.0.jar
#15 78.73 [INFO] Downloaded from central: https://repo.maven.apache.org/maven2/javax/annotation/javax.annotation-api/1.2/javax.annotation-api-1.2.jar (26 kB at 45 kB/s)
#15 78.73 [INFO] Downloading from central: https://repo.maven.apache.org/maven2/com/google/guava/guava/16.0.1/guava-16.0.1.jar
#15 78.78 [INFO] Downloaded from central: https://repo.maven.apache.org/maven2/javax/enterprise/cdi-api/1.2/cdi-api-1.2.jar (71 kB at 113 kB/s)
#15 78.78 [INFO] Downloading from central: https://repo.maven.apache.org/maven2/org/apache/maven/maven-model/3.2.5/maven-model-3.2.5.jar
#15 78.91 [INFO] Downloaded from central: https://repo.maven.apache.org/maven2/org/eclipse/sisu/org.eclipse.sisu.inject/0.3.5/org.eclipse.sisu.inject-0.3.5.jar (379 kB at 499 kB/s)
#15 78.91 [INFO] Downloading from central: https://repo.maven.apache.org/maven2/org/apache/maven/maven-plugin-api/3.2.5/maven-plugin-api-3.2.5.jar
#15 78.92 [INFO] Downloaded from central: https://repo.maven.apache.org/maven2/aopalliance/aopalliance/1.0/aopalliance-1.0.jar (4.5 kB at 5.8 kB/s)
#15 78.92 [INFO] Downloading from central: https://repo.maven.apache.org/maven2/org/apache/maven/maven-settings/3.2.5/maven-settings-3.2.5.jar
#15 78.93 [INFO] Downloaded from central: https://repo.maven.apache.org/maven2/org/sonatype/sisu/sisu-guice/3.2.3/sisu-guice-3.2.3-no_aop.jar (398 kB at 509 kB/s)
#15 78.93 [INFO] Downloading from central: https://repo.maven.apache.org/maven2/org/apache/maven/maven-settings-builder/3.2.5/maven-settings-builder-3.2.5.jar
#15 78.97 [INFO] Downloaded from central: https://repo.maven.apache.org/maven2/com/google/guava/guava/16.0.1/guava-16.0.1.jar (2.2 MB at 2.7 MB/s)
#15 78.97 [INFO] Downloading from central: https://repo.maven.apache.org/maven2/org/eclipse/aether/aether-util/1.0.0.v20140518/aether-util-1.0.0.v20140518.jar
#15 78.99 [INFO] Downloaded from central: https://repo.maven.apache.org/maven2/org/apache/maven/maven-model/3.2.5/maven-model-3.2.5.jar (161 kB at 192 kB/s)
#15 78.99 [INFO] Downloading from central: https://repo.maven.apache.org/maven2/org/apache/maven/maven-archiver/3.5.2/maven-archiver-3.5.2.jar
#15 79.10 [INFO] Downloaded from central: https://repo.maven.apache.org/maven2/org/apache/maven/maven-settings/3.2.5/maven-settings-3.2.5.jar (43 kB at 46 kB/s)
#15 79.10 [INFO] Downloading from central: https://repo.maven.apache.org/maven2/org/apache/commons/commons-compress/1.20/commons-compress-1.20.jar
#15 79.13 [INFO] Downloaded from central: https://repo.maven.apache.org/maven2/org/apache/maven/maven-plugin-api/3.2.5/maven-plugin-api-3.2.5.jar (46 kB at 47 kB/s)
#15 79.13 [INFO] Downloading from central: https://repo.maven.apache.org/maven2/org/codehaus/plexus/plexus-archiver/4.2.7/plexus-archiver-4.2.7.jar
#15 79.16 [INFO] Downloaded from central: https://repo.maven.apache.org/maven2/org/apache/maven/maven-settings-builder/3.2.5/maven-settings-builder-3.2.5.jar (44 kB at 43 kB/s)
#15 79.16 [INFO] Downloading from central: https://repo.maven.apache.org/maven2/org/codehaus/plexus/plexus-io/3.2.0/plexus-io-3.2.0.jar
#15 79.16 [INFO] Downloaded from central: https://repo.maven.apache.org/maven2/org/eclipse/aether/aether-util/1.0.0.v20140518/aether-util-1.0.0.v20140518.jar (146 kB at 145 kB/s)
#15 79.16 [INFO] Downloading from central: https://repo.maven.apache.org/maven2/org/codehaus/plexus/plexus-utils/3.4.2/plexus-utils-3.4.2.jar
#15 79.18 [INFO] Downloaded from central: https://repo.maven.apache.org/maven2/org/apache/maven/maven-archiver/3.5.2/maven-archiver-3.5.2.jar (26 kB at 25 kB/s)
#15 79.18 [INFO] Downloading from central: https://repo.maven.apache.org/maven2/org/apache/maven/doxia/doxia-sink-api/1.11.1/doxia-sink-api-1.11.1.jar
#15 79.32 [INFO] Downloaded from central: https://repo.maven.apache.org/maven2/org/apache/commons/commons-compress/1.20/commons-compress-1.20.jar (632 kB at 540 kB/s)
#15 79.32 [INFO] Downloading from central: https://repo.maven.apache.org/maven2/org/apache/maven/doxia/doxia-logging-api/1.11.1/doxia-logging-api-1.11.1.jar
#15 79.36 [INFO] Downloaded from central: https://repo.maven.apache.org/maven2/org/codehaus/plexus/plexus-utils/3.4.2/plexus-utils-3.4.2.jar (267 kB at 221 kB/s)
#15 79.36 [INFO] Downloading from central: https://repo.maven.apache.org/maven2/org/apache/maven/doxia/doxia-core/1.11.1/doxia-core-1.11.1.jar
#15 79.37 [INFO] Downloaded from central: https://repo.maven.apache.org/maven2/org/apache/maven/doxia/doxia-sink-api/1.11.1/doxia-sink-api-1.11.1.jar (12 kB at 9.5 kB/s)
#15 79.37 [INFO] Downloading from central: https://repo.maven.apache.org/maven2/org/codehaus/plexus/plexus-container-default/2.1.0/plexus-container-default-2.1.0.jar
#15 79.39 [INFO] Downloaded from central: https://repo.maven.apache.org/maven2/org/codehaus/plexus/plexus-archiver/4.2.7/plexus-archiver-4.2.7.jar (195 kB at 158 kB/s)
#15 79.39 [INFO] Downloading from central: https://repo.maven.apache.org/maven2/org/apache/xbean/xbean-reflect/3.7/xbean-reflect-3.7.jar
#15 79.39 [INFO] Downloaded from central: https://repo.maven.apache.org/maven2/org/codehaus/plexus/plexus-io/3.2.0/plexus-io-3.2.0.jar (76 kB at 61 kB/s)
#15 79.39 [INFO] Downloading from central: https://repo.maven.apache.org/maven2/com/google/collections/google-collections/1.0/google-collections-1.0.jar
#15 79.50 [INFO] Downloaded from central: https://repo.maven.apache.org/maven2/org/apache/maven/doxia/doxia-logging-api/1.11.1/doxia-logging-api-1.11.1.jar (12 kB at 8.7 kB/s)
#15 79.50 [INFO] Downloading from central: https://repo.maven.apache.org/maven2/org/codehaus/plexus/plexus-component-annotations/2.1.1/plexus-component-annotations-2.1.1.jar
#15 79.55 [INFO] Downloaded from central: https://repo.maven.apache.org/maven2/org/apache/maven/doxia/doxia-core/1.11.1/doxia-core-1.11.1.jar (218 kB at 156 kB/s)
#15 79.55 [INFO] Downloading from central: https://repo.maven.apache.org/maven2/org/apache/commons/commons-lang3/3.8.1/commons-lang3-3.8.1.jar
#15 79.59 [INFO] Downloaded from central: https://repo.maven.apache.org/maven2/org/codehaus/plexus/plexus-container-default/2.1.0/plexus-container-default-2.1.0.jar (230 kB at 160 kB/s)
#15 79.59 [INFO] Downloading from central: https://repo.maven.apache.org/maven2/org/apache/commons/commons-text/1.3/commons-text-1.3.jar
#15 79.63 [INFO] Downloaded from central: https://repo.maven.apache.org/maven2/org/apache/xbean/xbean-reflect/3.7/xbean-reflect-3.7.jar (148 kB at 100 kB/s)
#15 79.63 [INFO] Downloading from central: https://repo.maven.apache.org/maven2/org/apache/httpcomponents/httpclient/4.5.13/httpclient-4.5.13.jar
#15 79.69 [INFO] Downloaded from central: https://repo.maven.apache.org/maven2/org/codehaus/plexus/plexus-component-annotations/2.1.1/plexus-component-annotations-2.1.1.jar (4.1 kB at 2.7 kB/s)
#15 79.69 [INFO] Downloading from central: https://repo.maven.apache.org/maven2/commons-codec/commons-codec/1.11/commons-codec-1.11.jar
#15 79.74 [INFO] Downloaded from central: https://repo.maven.apache.org/maven2/com/google/collections/google-collections/1.0/google-collections-1.0.jar (640 kB at 403 kB/s)
#15 79.74 [INFO] Downloading from central: https://repo.maven.apache.org/maven2/org/apache/httpcomponents/httpcore/4.4.14/httpcore-4.4.14.jar
#15 79.75 [INFO] Downloaded from central: https://repo.maven.apache.org/maven2/org/apache/commons/commons-lang3/3.8.1/commons-lang3-3.8.1.jar (502 kB at 315 kB/s)
#15 79.75 [INFO] Downloading from central: https://repo.maven.apache.org/maven2/org/apache/maven/doxia/doxia-module-xhtml/1.11.1/doxia-module-xhtml-1.11.1.jar
#15 79.81 [INFO] Downloaded from central: https://repo.maven.apache.org/maven2/org/apache/commons/commons-text/1.3/commons-text-1.3.jar (183 kB at 110 kB/s)
#15 79.81 [INFO] Downloading from central: https://repo.maven.apache.org/maven2/org/apache/maven/doxia/doxia-module-xhtml5/1.11.1/doxia-module-xhtml5-1.11.1.jar
#15 79.90 [INFO] Downloaded from central: https://repo.maven.apache.org/maven2/commons-codec/commons-codec/1.11/commons-codec-1.11.jar (335 kB at 192 kB/s)
#15 79.90 [INFO] Downloading from central: https://repo.maven.apache.org/maven2/org/apache/maven/doxia/doxia-module-apt/1.11.1/doxia-module-apt-1.11.1.jar
#15 79.94 [INFO] Downloaded from central: https://repo.maven.apache.org/maven2/org/apache/maven/doxia/doxia-module-xhtml/1.11.1/doxia-module-xhtml-1.11.1.jar (17 kB at 9.8 kB/s)
#15 79.94 [INFO] Downloading from central: https://repo.maven.apache.org/maven2/org/apache/maven/doxia/doxia-module-xdoc/1.11.1/doxia-module-xdoc-1.11.1.jar
#15 80.00 [INFO] Downloaded from central: https://repo.maven.apache.org/maven2/org/apache/maven/doxia/doxia-module-xhtml5/1.11.1/doxia-module-xhtml5-1.11.1.jar (18 kB at 9.7 kB/s)
#15 80.00 [INFO] Downloading from central: https://repo.maven.apache.org/maven2/org/apache/maven/doxia/doxia-module-fml/1.11.1/doxia-module-fml-1.11.1.jar
#15 80.02 [INFO] Downloaded from central: https://repo.maven.apache.org/maven2/org/apache/httpcomponents/httpcore/4.4.14/httpcore-4.4.14.jar (328 kB at 176 kB/s)
#15 80.02 [INFO] Downloading from central: https://repo.maven.apache.org/maven2/org/apache/maven/doxia/doxia-module-markdown/1.11.1/doxia-module-markdown-1.11.1.jar
#15 80.04 [INFO] Downloaded from central: https://repo.maven.apache.org/maven2/org/apache/httpcomponents/httpclient/4.5.13/httpclient-4.5.13.jar (780 kB at 413 kB/s)
#15 80.04 [INFO] Downloading from central: https://repo.maven.apache.org/maven2/com/vladsch/flexmark/flexmark-all/0.42.14/flexmark-all-0.42.14.jar
#15 80.08 [INFO] Downloaded from central: https://repo.maven.apache.org/maven2/org/apache/maven/doxia/doxia-module-apt/1.11.1/doxia-module-apt-1.11.1.jar (55 kB at 28 kB/s)
#15 80.08 [INFO] Downloading from central: https://repo.maven.apache.org/maven2/com/vladsch/flexmark/flexmark/0.42.14/flexmark-0.42.14.jar
#15 80.12 [INFO] Downloaded from central: https://repo.maven.apache.org/maven2/org/apache/maven/doxia/doxia-module-xdoc/1.11.1/doxia-module-xdoc-1.11.1.jar (37 kB at 19 kB/s)
#15 80.12 [INFO] Downloading from central: https://repo.maven.apache.org/maven2/com/vladsch/flexmark/flexmark-ext-abbreviation/0.42.14/flexmark-ext-abbreviation-0.42.14.jar
#15 80.19 [INFO] Downloaded from central: https://repo.maven.apache.org/maven2/org/apache/maven/doxia/doxia-module-fml/1.11.1/doxia-module-fml-1.11.1.jar (38 kB at 19 kB/s)
#15 80.19 [INFO] Downloading from central: https://repo.maven.apache.org/maven2/com/vladsch/flexmark/flexmark-ext-admonition/0.42.14/flexmark-ext-admonition-0.42.14.jar
#15 80.24 [INFO] Downloaded from central: https://repo.maven.apache.org/maven2/org/apache/maven/doxia/doxia-module-markdown/1.11.1/doxia-module-markdown-1.11.1.jar (18 kB at 8.6 kB/s)
#15 80.24 [INFO] Downloading from central: https://repo.maven.apache.org/maven2/com/vladsch/flexmark/flexmark-ext-anchorlink/0.42.14/flexmark-ext-anchorlink-0.42.14.jar
#15 80.24 [INFO] Downloaded from central: https://repo.maven.apache.org/maven2/com/vladsch/flexmark/flexmark-all/0.42.14/flexmark-all-0.42.14.jar (2.2 kB at 1.0 kB/s)
#15 80.24 [INFO] Downloading from central: https://repo.maven.apache.org/maven2/com/vladsch/flexmark/flexmark-ext-aside/0.42.14/flexmark-ext-aside-0.42.14.jar
#15 80.29 [INFO] Downloaded from central: https://repo.maven.apache.org/maven2/com/vladsch/flexmark/flexmark/0.42.14/flexmark-0.42.14.jar (389 kB at 182 kB/s)
#15 80.29 [INFO] Downloading from central: https://repo.maven.apache.org/maven2/com/vladsch/flexmark/flexmark-ext-attributes/0.42.14/flexmark-ext-attributes-0.42.14.jar
#15 80.31 [INFO] Downloaded from central: https://repo.maven.apache.org/maven2/com/vladsch/flexmark/flexmark-ext-abbreviation/0.42.14/flexmark-ext-abbreviation-0.42.14.jar (35 kB at 16 kB/s)
#15 80.31 [INFO] Downloading from central: https://repo.maven.apache.org/maven2/com/vladsch/flexmark/flexmark-ext-autolink/0.42.14/flexmark-ext-autolink-0.42.14.jar
#15 80.42 [INFO] Downloaded from central: https://repo.maven.apache.org/maven2/com/vladsch/flexmark/flexmark-ext-admonition/0.42.14/flexmark-ext-admonition-0.42.14.jar (34 kB at 15 kB/s)
#15 80.42 [INFO] Downloading from central: https://repo.maven.apache.org/maven2/org/nibor/autolink/autolink/0.6.0/autolink-0.6.0.jar
#15 80.44 [INFO] Downloaded from central: https://repo.maven.apache.org/maven2/com/vladsch/flexmark/flexmark-ext-aside/0.42.14/flexmark-ext-aside-0.42.14.jar (16 kB at 7.1 kB/s)
#15 80.44 [INFO] Downloading from central: https://repo.maven.apache.org/maven2/com/vladsch/flexmark/flexmark-ext-definition/0.42.14/flexmark-ext-definition-0.42.14.jar
#15 80.46 [INFO] Downloaded from central: https://repo.maven.apache.org/maven2/com/vladsch/flexmark/flexmark-ext-anchorlink/0.42.14/flexmark-ext-anchorlink-0.42.14.jar (17 kB at 7.2 kB/s)
#15 80.46 [INFO] Downloading from central: https://repo.maven.apache.org/maven2/com/vladsch/flexmark/flexmark-ext-emoji/0.42.14/flexmark-ext-emoji-0.42.14.jar
#15 80.47 [INFO] Downloaded from central: https://repo.maven.apache.org/maven2/com/vladsch/flexmark/flexmark-ext-attributes/0.42.14/flexmark-ext-attributes-0.42.14.jar (36 kB at 15 kB/s)
#15 80.47 [INFO] Downloading from central: https://repo.maven.apache.org/maven2/com/vladsch/flexmark/flexmark-ext-enumerated-reference/0.42.14/flexmark-ext-enumerated-reference-0.42.14.jar
#15 80.50 [INFO] Downloaded from central: https://repo.maven.apache.org/maven2/com/vladsch/flexmark/flexmark-ext-autolink/0.42.14/flexmark-ext-autolink-0.42.14.jar (9.4 kB at 4.0 kB/s)
#15 80.50 [INFO] Downloading from central: https://repo.maven.apache.org/maven2/com/vladsch/flexmark/flexmark-ext-escaped-character/0.42.14/flexmark-ext-escaped-character-0.42.14.jar
#15 80.62 [INFO] Downloaded from central: https://repo.maven.apache.org/maven2/org/nibor/autolink/autolink/0.6.0/autolink-0.6.0.jar (16 kB at 6.5 kB/s)
#15 80.62 [INFO] Downloading from central: https://repo.maven.apache.org/maven2/com/vladsch/flexmark/flexmark-ext-footnotes/0.42.14/flexmark-ext-footnotes-0.42.14.jar
#15 80.64 [INFO] Downloaded from central: https://repo.maven.apache.org/maven2/com/vladsch/flexmark/flexmark-ext-definition/0.42.14/flexmark-ext-definition-0.42.14.jar (40 kB at 16 kB/s)
#15 80.64 [INFO] Downloading from central: https://repo.maven.apache.org/maven2/com/vladsch/flexmark/flexmark-ext-gfm-issues/0.42.14/flexmark-ext-gfm-issues-0.42.14.jar
#15 80.65 [INFO] Downloaded from central: https://repo.maven.apache.org/maven2/com/vladsch/flexmark/flexmark-ext-enumerated-reference/0.42.14/flexmark-ext-enumerated-reference-0.42.14.jar (66 kB at 27 kB/s)
#15 80.65 [INFO] Downloading from central: https://repo.maven.apache.org/maven2/com/vladsch/flexmark/flexmark-ext-gfm-strikethrough/0.42.14/flexmark-ext-gfm-strikethrough-0.42.14.jar
#15 80.69 [INFO] Downloaded from central: https://repo.maven.apache.org/maven2/com/vladsch/flexmark/flexmark-ext-escaped-character/0.42.14/flexmark-ext-escaped-character-0.42.14.jar (13 kB at 5.0 kB/s)
#15 80.69 [INFO] Downloading from central: https://repo.maven.apache.org/maven2/com/vladsch/flexmark/flexmark-ext-gfm-tables/0.42.14/flexmark-ext-gfm-tables-0.42.14.jar
#15 80.69 [INFO] Downloaded from central: https://repo.maven.apache.org/maven2/com/vladsch/flexmark/flexmark-ext-emoji/0.42.14/flexmark-ext-emoji-0.42.14.jar (73 kB at 29 kB/s)
#15 80.69 [INFO] Downloading from central: https://repo.maven.apache.org/maven2/com/vladsch/flexmark/flexmark-ext-gfm-tasklist/0.42.14/flexmark-ext-gfm-tasklist-0.42.14.jar
#15 80.82 [INFO] Downloaded from central: https://repo.maven.apache.org/maven2/com/vladsch/flexmark/flexmark-ext-footnotes/0.42.14/flexmark-ext-footnotes-0.42.14.jar (41 kB at 15 kB/s)
#15 80.82 [INFO] Downloading from central: https://repo.maven.apache.org/maven2/com/vladsch/flexmark/flexmark-ext-gfm-users/0.42.14/flexmark-ext-gfm-users-0.42.14.jar
#15 80.83 [INFO] Downloaded from central: https://repo.maven.apache.org/maven2/com/vladsch/flexmark/flexmark-ext-gfm-strikethrough/0.42.14/flexmark-ext-gfm-strikethrough-0.42.14.jar (29 kB at 11 kB/s)
#15 80.83 [INFO] Downloading from central: https://repo.maven.apache.org/maven2/com/vladsch/flexmark/flexmark-ext-gitlab/0.42.14/flexmark-ext-gitlab-0.42.14.jar
#15 80.84 [INFO] Downloaded from central: https://repo.maven.apache.org/maven2/com/vladsch/flexmark/flexmark-ext-gfm-issues/0.42.14/flexmark-ext-gfm-issues-0.42.14.jar (16 kB at 5.8 kB/s)
#15 80.84 [INFO] Downloading from central: https://repo.maven.apache.org/maven2/com/vladsch/flexmark/flexmark-ext-jekyll-front-matter/0.42.14/flexmark-ext-jekyll-front-matter-0.42.14.jar
#15 80.88 [INFO] Downloaded from central: https://repo.maven.apache.org/maven2/com/vladsch/flexmark/flexmark-ext-gfm-tables/0.42.14/flexmark-ext-gfm-tables-0.42.14.jar (33 kB at 12 kB/s)
#15 80.88 [INFO] Downloading from central: https://repo.maven.apache.org/maven2/com/vladsch/flexmark/flexmark-ext-jekyll-tag/0.42.14/flexmark-ext-jekyll-tag-0.42.14.jar
#15 80.91 [INFO] Downloaded from central: https://repo.maven.apache.org/maven2/com/vladsch/flexmark/flexmark-ext-gfm-tasklist/0.42.14/flexmark-ext-gfm-tasklist-0.42.14.jar (28 kB at 10 kB/s)
#15 80.91 [INFO] Downloading from central: https://repo.maven.apache.org/maven2/com/vladsch/flexmark/flexmark-ext-media-tags/0.42.14/flexmark-ext-media-tags-0.42.14.jar
#15 81.00 [INFO] Downloaded from central: https://repo.maven.apache.org/maven2/com/vladsch/flexmark/flexmark-ext-gitlab/0.42.14/flexmark-ext-gitlab-0.42.14.jar (42 kB at 15 kB/s)
#15 81.00 [INFO] Downloading from central: https://repo.maven.apache.org/maven2/com/vladsch/flexmark/flexmark-ext-macros/0.42.14/flexmark-ext-macros-0.42.14.jar
#15 81.00 [INFO] Downloaded from central: https://repo.maven.apache.org/maven2/com/vladsch/flexmark/flexmark-ext-gfm-users/0.42.14/flexmark-ext-gfm-users-0.42.14.jar (16 kB at 5.5 kB/s)
#15 81.00 [INFO] Downloading from central: https://repo.maven.apache.org/maven2/com/vladsch/flexmark/flexmark-ext-ins/0.42.14/flexmark-ext-ins-0.42.14.jar
#15 81.05 [INFO] Downloaded from central: https://repo.maven.apache.org/maven2/com/vladsch/flexmark/flexmark-ext-jekyll-front-matter/0.42.14/flexmark-ext-jekyll-front-matter-0.42.14.jar (18 kB at 6.3 kB/s)
#15 81.05 [INFO] Downloading from central: https://repo.maven.apache.org/maven2/com/vladsch/flexmark/flexmark-ext-xwiki-macros/0.42.14/flexmark-ext-xwiki-macros-0.42.14.jar
#15 81.06 [INFO] Downloaded from central: https://repo.maven.apache.org/maven2/com/vladsch/flexmark/flexmark-ext-jekyll-tag/0.42.14/flexmark-ext-jekyll-tag-0.42.14.jar (21 kB at 7.3 kB/s)
#15 81.06 [INFO] Downloading from central: https://repo.maven.apache.org/maven2/com/vladsch/flexmark/flexmark-ext-superscript/0.42.14/flexmark-ext-superscript-0.42.14.jar
#15 81.14 [INFO] Downloaded from central: https://repo.maven.apache.org/maven2/com/vladsch/flexmark/flexmark-ext-media-tags/0.42.14/flexmark-ext-media-tags-0.42.14.jar (25 kB at 8.4 kB/s)
#15 81.14 [INFO] Downloading from central: https://repo.maven.apache.org/maven2/com/vladsch/flexmark/flexmark-ext-tables/0.42.14/flexmark-ext-tables-0.42.14.jar
#15 81.18 [INFO] Downloaded from central: https://repo.maven.apache.org/maven2/com/vladsch/flexmark/flexmark-ext-macros/0.42.14/flexmark-ext-macros-0.42.14.jar (35 kB at 12 kB/s)
#15 81.18 [INFO] Downloading from central: https://repo.maven.apache.org/maven2/com/vladsch/flexmark/flexmark-ext-toc/0.42.14/flexmark-ext-toc-0.42.14.jar
#15 81.20 [INFO] Downloaded from central: https://repo.maven.apache.org/maven2/com/vladsch/flexmark/flexmark-ext-ins/0.42.14/flexmark-ext-ins-0.42.14.jar (13 kB at 4.3 kB/s)
#15 81.20 [INFO] Downloading from central: https://repo.maven.apache.org/maven2/com/vladsch/flexmark/flexmark-ext-typographic/0.42.14/flexmark-ext-typographic-0.42.14.jar
#15 81.25 [INFO] Downloaded from central: https://repo.maven.apache.org/maven2/com/vladsch/flexmark/flexmark-ext-xwiki-macros/0.42.14/flexmark-ext-xwiki-macros-0.42.14.jar (31 kB at 10.0 kB/s)
#15 81.25 [INFO] Downloading from central: https://repo.maven.apache.org/maven2/com/vladsch/flexmark/flexmark-ext-wikilink/0.42.14/flexmark-ext-wikilink-0.42.14.jar
#15 81.25 [INFO] Downloaded from central: https://repo.maven.apache.org/maven2/com/vladsch/flexmark/flexmark-ext-superscript/0.42.14/flexmark-ext-superscript-0.42.14.jar (13 kB at 4.3 kB/s)
#15 81.25 [INFO] Downloading from central: https://repo.maven.apache.org/maven2/com/vladsch/flexmark/flexmark-ext-yaml-front-matter/0.42.14/flexmark-ext-yaml-front-matter-0.42.14.jar
#15 81.37 [INFO] Downloaded from central: https://repo.maven.apache.org/maven2/com/vladsch/flexmark/flexmark-ext-tables/0.42.14/flexmark-ext-tables-0.42.14.jar (76 kB at 24 kB/s)
#15 81.37 [INFO] Downloading from central: https://repo.maven.apache.org/maven2/com/vladsch/flexmark/flexmark-ext-youtube-embedded/0.42.14/flexmark-ext-youtube-embedded-0.42.14.jar
#15 81.37 [INFO] Downloaded from central: https://repo.maven.apache.org/maven2/com/vladsch/flexmark/flexmark-ext-toc/0.42.14/flexmark-ext-toc-0.42.14.jar (91 kB at 28 kB/s)
#15 81.37 [INFO] Downloading from central: https://repo.maven.apache.org/maven2/com/vladsch/flexmark/flexmark-formatter/0.42.14/flexmark-formatter-0.42.14.jar
#15 81.39 [INFO] Downloaded from central: https://repo.maven.apache.org/maven2/com/vladsch/flexmark/flexmark-ext-typographic/0.42.14/flexmark-ext-typographic-0.42.14.jar (22 kB at 6.8 kB/s)
#15 81.39 [INFO] Downloading from central: https://repo.maven.apache.org/maven2/com/vladsch/flexmark/flexmark-html-parser/0.42.14/flexmark-html-parser-0.42.14.jar
#15 81.43 [INFO] Downloaded from central: https://repo.maven.apache.org/maven2/com/vladsch/flexmark/flexmark-ext-yaml-front-matter/0.42.14/flexmark-ext-yaml-front-matter-0.42.14.jar (18 kB at 5.6 kB/s)
#15 81.43 [INFO] Downloading from central: https://repo.maven.apache.org/maven2/org/jsoup/jsoup/1.10.2/jsoup-1.10.2.jar
#15 81.45 [INFO] Downloaded from central: https://repo.maven.apache.org/maven2/com/vladsch/flexmark/flexmark-ext-wikilink/0.42.14/flexmark-ext-wikilink-0.42.14.jar (26 kB at 7.8 kB/s)
#15 81.45 [INFO] Downloading from central: https://repo.maven.apache.org/maven2/com/vladsch/flexmark/flexmark-jira-converter/0.42.14/flexmark-jira-converter-0.42.14.jar
#15 81.56 [INFO] Downloaded from central: https://repo.maven.apache.org/maven2/com/vladsch/flexmark/flexmark-formatter/0.42.14/flexmark-formatter-0.42.14.jar (97 kB at 29 kB/s)
#15 81.56 [INFO] Downloading from central: https://repo.maven.apache.org/maven2/com/vladsch/flexmark/flexmark-profile-pegdown/0.42.14/flexmark-profile-pegdown-0.42.14.jar
#15 81.58 [INFO] Downloaded from central: https://repo.maven.apache.org/maven2/com/vladsch/flexmark/flexmark-html-parser/0.42.14/flexmark-html-parser-0.42.14.jar (45 kB at 13 kB/s)
#15 81.58 [INFO] Downloading from central: https://repo.maven.apache.org/maven2/com/vladsch/flexmark/flexmark-util/0.42.14/flexmark-util-0.42.14.jar
#15 81.59 [INFO] Downloaded from central: https://repo.maven.apache.org/maven2/com/vladsch/flexmark/flexmark-ext-youtube-embedded/0.42.14/flexmark-ext-youtube-embedded-0.42.14.jar (13 kB at 3.6 kB/s)
#15 81.59 [INFO] Downloading from central: https://repo.maven.apache.org/maven2/com/vladsch/flexmark/flexmark-youtrack-converter/0.42.14/flexmark-youtrack-converter-0.42.14.jar
#15 81.63 [INFO] Downloaded from central: https://repo.maven.apache.org/maven2/org/jsoup/jsoup/1.10.2/jsoup-1.10.2.jar (351 kB at 101 kB/s)
#15 81.63 [INFO] Downloading from central: https://repo.maven.apache.org/maven2/org/apache/maven/doxia/doxia-module-confluence/1.11.1/doxia-module-confluence-1.11.1.jar
#15 81.65 [INFO] Downloaded from central: https://repo.maven.apache.org/maven2/com/vladsch/flexmark/flexmark-jira-converter/0.42.14/flexmark-jira-converter-0.42.14.jar (40 kB at 11 kB/s)
#15 81.65 [INFO] Downloading from central: https://repo.maven.apache.org/maven2/org/apache/maven/doxia/doxia-module-docbook-simple/1.11.1/doxia-module-docbook-simple-1.11.1.jar
#15 81.75 [INFO] Downloaded from central: https://repo.maven.apache.org/maven2/com/vladsch/flexmark/flexmark-profile-pegdown/0.42.14/flexmark-profile-pegdown-0.42.14.jar (6.3 kB at 1.8 kB/s)
#15 81.75 [INFO] Downloading from central: https://repo.maven.apache.org/maven2/org/apache/maven/doxia/doxia-module-twiki/1.11.1/doxia-module-twiki-1.11.1.jar
#15 81.82 [INFO] Downloaded from central: https://repo.maven.apache.org/maven2/com/vladsch/flexmark/flexmark-youtrack-converter/0.42.14/flexmark-youtrack-converter-0.42.14.jar (41 kB at 11 kB/s)
#15 81.82 [INFO] Downloading from central: https://repo.maven.apache.org/maven2/org/apache/maven/doxia/doxia-decoration-model/1.11.1/doxia-decoration-model-1.11.1.jar
#15 81.82 [INFO] Downloaded from central: https://repo.maven.apache.org/maven2/com/vladsch/flexmark/flexmark-util/0.42.14/flexmark-util-0.42.14.jar (385 kB at 105 kB/s)
#15 81.82 [INFO] Downloading from central: https://repo.maven.apache.org/maven2/org/apache/maven/doxia/doxia-site-renderer/1.11.1/doxia-site-renderer-1.11.1.jar
#15 81.83 [INFO] Downloaded from central: https://repo.maven.apache.org/maven2/org/apache/maven/doxia/doxia-module-confluence/1.11.1/doxia-module-confluence-1.11.1.jar (58 kB at 16 kB/s)
#15 81.83 [INFO] Downloading from central: https://repo.maven.apache.org/maven2/org/apache/maven/doxia/doxia-skin-model/1.11.1/doxia-skin-model-1.11.1.jar
#15 81.86 [INFO] Downloaded from central: https://repo.maven.apache.org/maven2/org/apache/maven/doxia/doxia-module-docbook-simple/1.11.1/doxia-module-docbook-simple-1.11.1.jar (128 kB at 35 kB/s)
#15 81.86 [INFO] Downloading from central: https://repo.maven.apache.org/maven2/org/codehaus/plexus/plexus-velocity/1.2/plexus-velocity-1.2.jar
#15 81.93 [INFO] Downloaded from central: https://repo.maven.apache.org/maven2/org/apache/maven/doxia/doxia-module-twiki/1.11.1/doxia-module-twiki-1.11.1.jar (73 kB at 19 kB/s)
#15 81.93 [INFO] Downloading from central: https://repo.maven.apache.org/maven2/org/apache/velocity/velocity/1.7/velocity-1.7.jar
#15 82.01 [INFO] Downloaded from central: https://repo.maven.apache.org/maven2/org/apache/maven/doxia/doxia-decoration-model/1.11.1/doxia-decoration-model-1.11.1.jar (60 kB at 15 kB/s)
#15 82.01 [INFO] Downloading from central: https://repo.maven.apache.org/maven2/commons-lang/commons-lang/2.4/commons-lang-2.4.jar
#15 82.01 [INFO] Downloaded from central: https://repo.maven.apache.org/maven2/org/apache/maven/doxia/doxia-skin-model/1.11.1/doxia-skin-model-1.11.1.jar (16 kB at 4.2 kB/s)
#15 82.01 [INFO] Downloading from central: https://repo.maven.apache.org/maven2/org/apache/velocity/velocity-tools/2.0/velocity-tools-2.0.jar
#15 82.05 [INFO] Downloaded from central: https://repo.maven.apache.org/maven2/org/apache/maven/doxia/doxia-site-renderer/1.11.1/doxia-site-renderer-1.11.1.jar (65 kB at 17 kB/s)
#15 82.05 [INFO] Downloading from central: https://repo.maven.apache.org/maven2/commons-beanutils/commons-beanutils/1.7.0/commons-beanutils-1.7.0.jar
#15 82.06 [INFO] Downloaded from central: https://repo.maven.apache.org/maven2/org/codehaus/plexus/plexus-velocity/1.2/plexus-velocity-1.2.jar (8.1 kB at 2.1 kB/s)
#15 82.06 [INFO] Downloading from central: https://repo.maven.apache.org/maven2/commons-digester/commons-digester/1.8/commons-digester-1.8.jar
#15 82.14 [INFO] Downloaded from central: https://repo.maven.apache.org/maven2/org/apache/velocity/velocity/1.7/velocity-1.7.jar (450 kB at 113 kB/s)
#15 82.14 [INFO] Downloading from central: https://repo.maven.apache.org/maven2/commons-chain/commons-chain/1.1/commons-chain-1.1.jar
#15 82.21 [INFO] Downloaded from central: https://repo.maven.apache.org/maven2/commons-lang/commons-lang/2.4/commons-lang-2.4.jar (262 kB at 65 kB/s)
#15 82.21 [INFO] Downloading from central: https://repo.maven.apache.org/maven2/dom4j/dom4j/1.1/dom4j-1.1.jar
#15 82.24 [INFO] Downloaded from central: https://repo.maven.apache.org/maven2/org/apache/velocity/velocity-tools/2.0/velocity-tools-2.0.jar (347 kB at 85 kB/s)
#15 82.24 [INFO] Downloading from central: https://repo.maven.apache.org/maven2/oro/oro/2.0.8/oro-2.0.8.jar
#15 82.28 [INFO] Downloaded from central: https://repo.maven.apache.org/maven2/commons-digester/commons-digester/1.8/commons-digester-1.8.jar (144 kB at 35 kB/s)
#15 82.28 [INFO] Downloading from central: https://repo.maven.apache.org/maven2/org/apache/maven/doxia/doxia-integration-tools/1.11.1/doxia-integration-tools-1.11.1.jar
#15 82.31 [INFO] Downloaded from central: https://repo.maven.apache.org/maven2/commons-beanutils/commons-beanutils/1.7.0/commons-beanutils-1.7.0.jar (189 kB at 45 kB/s)
#15 82.31 [INFO] Downloading from central: https://repo.maven.apache.org/maven2/org/eclipse/jetty/jetty-server/9.4.46.v20220331/jetty-server-9.4.46.v20220331.jar
#15 82.32 [INFO] Downloaded from central: https://repo.maven.apache.org/maven2/commons-chain/commons-chain/1.1/commons-chain-1.1.jar (90 kB at 22 kB/s)
#15 82.32 [INFO] Downloading from central: https://repo.maven.apache.org/maven2/javax/servlet/javax.servlet-api/3.1.0/javax.servlet-api-3.1.0.jar
#15 82.41 [INFO] Downloaded from central: https://repo.maven.apache.org/maven2/dom4j/dom4j/1.1/dom4j-1.1.jar (457 kB at 107 kB/s)
#15 82.41 [INFO] Downloading from central: https://repo.maven.apache.org/maven2/org/eclipse/jetty/jetty-http/9.4.46.v20220331/jetty-http-9.4.46.v20220331.jar
#15 82.44 [INFO] Downloaded from central: https://repo.maven.apache.org/maven2/oro/oro/2.0.8/oro-2.0.8.jar (65 kB at 15 kB/s)
#15 82.44 [INFO] Downloading from central: https://repo.maven.apache.org/maven2/org/eclipse/jetty/jetty-io/9.4.46.v20220331/jetty-io-9.4.46.v20220331.jar
#15 82.48 [INFO] Downloaded from central: https://repo.maven.apache.org/maven2/org/apache/maven/doxia/doxia-integration-tools/1.11.1/doxia-integration-tools-1.11.1.jar (47 kB at 11 kB/s)
#15 82.48 [INFO] Downloading from central: https://repo.maven.apache.org/maven2/org/eclipse/jetty/jetty-servlet/9.4.46.v20220331/jetty-servlet-9.4.46.v20220331.jar
#15 82.52 [INFO] Downloaded from central: https://repo.maven.apache.org/maven2/javax/servlet/javax.servlet-api/3.1.0/javax.servlet-api-3.1.0.jar (96 kB at 22 kB/s)
#15 82.52 [INFO] Downloading from central: https://repo.maven.apache.org/maven2/org/eclipse/jetty/jetty-security/9.4.46.v20220331/jetty-security-9.4.46.v20220331.jar
#15 82.61 [INFO] Downloaded from central: https://repo.maven.apache.org/maven2/org/eclipse/jetty/jetty-http/9.4.46.v20220331/jetty-http-9.4.46.v20220331.jar (225 kB at 50 kB/s)
#15 82.61 [INFO] Downloading from central: https://repo.maven.apache.org/maven2/org/eclipse/jetty/jetty-util-ajax/9.4.46.v20220331/jetty-util-ajax-9.4.46.v20220331.jar
#15 82.66 [INFO] Downloaded from central: https://repo.maven.apache.org/maven2/org/eclipse/jetty/jetty-server/9.4.46.v20220331/jetty-server-9.4.46.v20220331.jar (733 kB at 163 kB/s)
#15 82.66 [INFO] Downloading from central: https://repo.maven.apache.org/maven2/org/eclipse/jetty/jetty-webapp/9.4.46.v20220331/jetty-webapp-9.4.46.v20220331.jar
#15 82.66 [INFO] Downloaded from central: https://repo.maven.apache.org/maven2/org/eclipse/jetty/jetty-io/9.4.46.v20220331/jetty-io-9.4.46.v20220331.jar (184 kB at 41 kB/s)
#15 82.66 [INFO] Downloading from central: https://repo.maven.apache.org/maven2/org/eclipse/jetty/jetty-xml/9.4.46.v20220331/jetty-xml-9.4.46.v20220331.jar
#15 82.69 [INFO] Downloaded from central: https://repo.maven.apache.org/maven2/org/eclipse/jetty/jetty-servlet/9.4.46.v20220331/jetty-servlet-9.4.46.v20220331.jar (147 kB at 32 kB/s)
#15 82.69 [INFO] Downloading from central: https://repo.maven.apache.org/maven2/org/eclipse/jetty/jetty-util/9.4.46.v20220331/jetty-util-9.4.46.v20220331.jar
#15 82.71 [INFO] Downloaded from central: https://repo.maven.apache.org/maven2/org/eclipse/jetty/jetty-security/9.4.46.v20220331/jetty-security-9.4.46.v20220331.jar (119 kB at 26 kB/s)
#15 82.80 [INFO] Downloaded from central: https://repo.maven.apache.org/maven2/org/eclipse/jetty/jetty-util-ajax/9.4.46.v20220331/jetty-util-ajax-9.4.46.v20220331.jar (67 kB at 14 kB/s)
#15 82.86 [INFO] Downloaded from central: https://repo.maven.apache.org/maven2/org/eclipse/jetty/jetty-webapp/9.4.46.v20220331/jetty-webapp-9.4.46.v20220331.jar (141 kB at 30 kB/s)
#15 82.88 [INFO] Downloaded from central: https://repo.maven.apache.org/maven2/org/eclipse/jetty/jetty-xml/9.4.46.v20220331/jetty-xml-9.4.46.v20220331.jar (69 kB at 15 kB/s)
#15 82.94 [INFO] Downloaded from central: https://repo.maven.apache.org/maven2/org/eclipse/jetty/jetty-util/9.4.46.v20220331/jetty-util-9.4.46.v20220331.jar (586 kB at 122 kB/s)
#15 83.02 [INFO] Downloading from central: https://repo.maven.apache.org/maven2/com/diffplug/spotless/spotless-lib/2.45.0/spotless-lib-2.45.0.pom
#15 83.23 [INFO] Downloaded from central: https://repo.maven.apache.org/maven2/com/diffplug/spotless/spotless-lib/2.45.0/spotless-lib-2.45.0.pom (1.5 kB at 7.3 kB/s)
#15 83.23 [INFO] Downloading from central: https://repo.maven.apache.org/maven2/com/diffplug/spotless/spotless-lib-extra/2.45.0/spotless-lib-extra-2.45.0.pom
#15 83.44 [INFO] Downloaded from central: https://repo.maven.apache.org/maven2/com/diffplug/spotless/spotless-lib-extra/2.45.0/spotless-lib-extra-2.45.0.pom (2.7 kB at 13 kB/s)
#15 83.44 [INFO] Downloading from central: https://repo.maven.apache.org/maven2/com/diffplug/durian/durian-core/1.2.0/durian-core-1.2.0.pom
#15 83.65 [INFO] Downloaded from central: https://repo.maven.apache.org/maven2/com/diffplug/durian/durian-core/1.2.0/durian-core-1.2.0.pom (2.0 kB at 9.4 kB/s)
#15 83.65 [INFO] Downloading from central: https://repo.maven.apache.org/maven2/com/diffplug/durian/durian-collect/1.2.0/durian-collect-1.2.0.pom
#15 83.85 [INFO] Downloaded from central: https://repo.maven.apache.org/maven2/com/diffplug/durian/durian-collect/1.2.0/durian-collect-1.2.0.pom (2.1 kB at 11 kB/s)
#15 83.86 [INFO] Downloading from central: https://repo.maven.apache.org/maven2/org/eclipse/jgit/org.eclipse.jgit/6.7.0.202309050840-r/org.eclipse.jgit-6.7.0.202309050840-r.pom
#15 84.07 [INFO] Downloaded from central: https://repo.maven.apache.org/maven2/org/eclipse/jgit/org.eclipse.jgit/6.7.0.202309050840-r/org.eclipse.jgit-6.7.0.202309050840-r.pom (7.7 kB at 35 kB/s)
#15 84.08 [INFO] Downloading from central: https://repo.maven.apache.org/maven2/org/eclipse/jgit/org.eclipse.jgit-parent/6.7.0.202309050840-r/org.eclipse.jgit-parent-6.7.0.202309050840-r.pom
#15 84.28 [INFO] Downloaded from central: https://repo.maven.apache.org/maven2/org/eclipse/jgit/org.eclipse.jgit-parent/6.7.0.202309050840-r/org.eclipse.jgit-parent-6.7.0.202309050840-r.pom (34 kB at 168 kB/s)
#15 84.28 [INFO] Downloading from central: https://repo.maven.apache.org/maven2/com/googlecode/javaewah/JavaEWAH/1.2.3/JavaEWAH-1.2.3.pom
#15 84.49 [INFO] Downloaded from central: https://repo.maven.apache.org/maven2/com/googlecode/javaewah/JavaEWAH/1.2.3/JavaEWAH-1.2.3.pom (6.2 kB at 29 kB/s)
#15 84.49 [INFO] Downloading from central: https://repo.maven.apache.org/maven2/org/sonatype/oss/oss-parent/5/oss-parent-5.pom
#15 84.70 [INFO] Downloaded from central: https://repo.maven.apache.org/maven2/org/sonatype/oss/oss-parent/5/oss-parent-5.pom (4.1 kB at 19 kB/s)
#15 84.71 [INFO] Downloading from central: https://repo.maven.apache.org/maven2/commons-codec/commons-codec/1.16.0/commons-codec-1.16.0.pom
#15 84.91 [INFO] Downloaded from central: https://repo.maven.apache.org/maven2/commons-codec/commons-codec/1.16.0/commons-codec-1.16.0.pom (16 kB at 78 kB/s)
#15 84.91 [INFO] Downloading from central: https://repo.maven.apache.org/maven2/org/apache/commons/commons-parent/58/commons-parent-58.pom
#15 85.12 [INFO] Downloaded from central: https://repo.maven.apache.org/maven2/org/apache/commons/commons-parent/58/commons-parent-58.pom (83 kB at 395 kB/s)
#15 85.13 [INFO] Downloading from central: https://repo.maven.apache.org/maven2/org/junit/junit-bom/5.9.3/junit-bom-5.9.3.pom
#15 85.33 [INFO] Downloaded from central: https://repo.maven.apache.org/maven2/org/junit/junit-bom/5.9.3/junit-bom-5.9.3.pom (5.6 kB at 27 kB/s)
#15 85.33 [INFO] Downloading from central: https://repo.maven.apache.org/maven2/com/googlecode/concurrent-trees/concurrent-trees/2.6.1/concurrent-trees-2.6.1.pom
#15 85.54 [INFO] Downloaded from central: https://repo.maven.apache.org/maven2/com/googlecode/concurrent-trees/concurrent-trees/2.6.1/concurrent-trees-2.6.1.pom (9.7 kB at 48 kB/s)
#15 85.54 [INFO] Downloading from central: https://repo.maven.apache.org/maven2/dev/equo/ide/solstice/1.7.5/solstice-1.7.5.pom
#15 85.75 [INFO] Downloaded from central: https://repo.maven.apache.org/maven2/dev/equo/ide/solstice/1.7.5/solstice-1.7.5.pom (2.6 kB at 13 kB/s)
#15 85.75 [INFO] Downloading from central: https://repo.maven.apache.org/maven2/com/diffplug/durian/durian-swt.os/4.2.2/durian-swt.os-4.2.2.pom
#15 85.95 [INFO] Downloaded from central: https://repo.maven.apache.org/maven2/com/diffplug/durian/durian-swt.os/4.2.2/durian-swt.os-4.2.2.pom (1.6 kB at 7.8 kB/s)
#15 85.96 [INFO] Downloading from central: https://repo.maven.apache.org/maven2/org/eclipse/platform/org.eclipse.osgi/3.18.300/org.eclipse.osgi-3.18.300.pom
#15 86.17 [INFO] Downloaded from central: https://repo.maven.apache.org/maven2/org/eclipse/platform/org.eclipse.osgi/3.18.300/org.eclipse.osgi-3.18.300.pom (1.3 kB at 6.0 kB/s)
#15 86.18 [INFO] Downloading from central: https://repo.maven.apache.org/maven2/com/squareup/okhttp3/okhttp/4.12.0/okhttp-4.12.0.pom
#15 86.38 [INFO] Downloaded from central: https://repo.maven.apache.org/maven2/com/squareup/okhttp3/okhttp/4.12.0/okhttp-4.12.0.pom (1.8 kB at 9.0 kB/s)
#15 86.38 [INFO] Downloading from central: https://repo.maven.apache.org/maven2/com/squareup/okio/okio/3.6.0/okio-3.6.0.pom
#15 86.58 [INFO] Downloaded from central: https://repo.maven.apache.org/maven2/com/squareup/okio/okio/3.6.0/okio-3.6.0.pom (1.7 kB at 8.3 kB/s)
#15 86.59 [INFO] Downloading from central: https://repo.maven.apache.org/maven2/com/squareup/okio/okio-jvm/3.6.0/okio-jvm-3.6.0.pom
#15 86.79 [INFO] Downloaded from central: https://repo.maven.apache.org/maven2/com/squareup/okio/okio-jvm/3.6.0/okio-jvm-3.6.0.pom (1.9 kB at 9.1 kB/s)
#15 86.80 [INFO] Downloading from central: https://repo.maven.apache.org/maven2/org/jetbrains/kotlin/kotlin-stdlib-jdk8/1.9.10/kotlin-stdlib-jdk8-1.9.10.pom
#15 87.01 [INFO] Downloaded from central: https://repo.maven.apache.org/maven2/org/jetbrains/kotlin/kotlin-stdlib-jdk8/1.9.10/kotlin-stdlib-jdk8-1.9.10.pom (1.6 kB at 7.5 kB/s)
#15 87.01 [INFO] Downloading from central: https://repo.maven.apache.org/maven2/org/jetbrains/kotlin/kotlin-stdlib/1.9.10/kotlin-stdlib-1.9.10.pom
#15 87.21 [INFO] Downloaded from central: https://repo.maven.apache.org/maven2/org/jetbrains/kotlin/kotlin-stdlib/1.9.10/kotlin-stdlib-1.9.10.pom (1.6 kB at 7.6 kB/s)
#15 87.21 [INFO] Downloading from central: https://repo.maven.apache.org/maven2/org/jetbrains/kotlin/kotlin-stdlib-common/1.9.10/kotlin-stdlib-common-1.9.10.pom
#15 87.42 [INFO] Downloaded from central: https://repo.maven.apache.org/maven2/org/jetbrains/kotlin/kotlin-stdlib-common/1.9.10/kotlin-stdlib-common-1.9.10.pom (1.2 kB at 5.8 kB/s)
#15 87.42 [INFO] Downloading from central: https://repo.maven.apache.org/maven2/org/jetbrains/annotations/13.0/annotations-13.0.pom
#15 87.62 [INFO] Downloaded from central: https://repo.maven.apache.org/maven2/org/jetbrains/annotations/13.0/annotations-13.0.pom (4.9 kB at 24 kB/s)
#15 87.63 [INFO] Downloading from central: https://repo.maven.apache.org/maven2/org/jetbrains/kotlin/kotlin-stdlib-jdk7/1.9.10/kotlin-stdlib-jdk7-1.9.10.pom
#15 87.84 [INFO] Downloaded from central: https://repo.maven.apache.org/maven2/org/jetbrains/kotlin/kotlin-stdlib-jdk7/1.9.10/kotlin-stdlib-jdk7-1.9.10.pom (1.4 kB at 6.7 kB/s)
#15 87.84 [INFO] Downloading from central: https://repo.maven.apache.org/maven2/org/jetbrains/kotlin/kotlin-stdlib-jdk8/1.8.21/kotlin-stdlib-jdk8-1.8.21.pom
#15 88.04 [INFO] Downloaded from central: https://repo.maven.apache.org/maven2/org/jetbrains/kotlin/kotlin-stdlib-jdk8/1.8.21/kotlin-stdlib-jdk8-1.8.21.pom (1.6 kB at 7.9 kB/s)
#15 88.04 [INFO] Downloading from central: https://repo.maven.apache.org/maven2/org/jetbrains/kotlin/kotlin-stdlib/1.8.21/kotlin-stdlib-1.8.21.pom
#15 88.24 [INFO] Downloaded from central: https://repo.maven.apache.org/maven2/org/jetbrains/kotlin/kotlin-stdlib/1.8.21/kotlin-stdlib-1.8.21.pom (1.6 kB at 7.6 kB/s)
#15 88.24 [INFO] Downloading from central: https://repo.maven.apache.org/maven2/org/jetbrains/kotlin/kotlin-stdlib-common/1.8.21/kotlin-stdlib-common-1.8.21.pom
#15 88.45 [INFO] Downloaded from central: https://repo.maven.apache.org/maven2/org/jetbrains/kotlin/kotlin-stdlib-common/1.8.21/kotlin-stdlib-common-1.8.21.pom (1.2 kB at 5.7 kB/s)
#15 88.45 [INFO] Downloading from central: https://repo.maven.apache.org/maven2/org/jetbrains/kotlin/kotlin-stdlib-jdk7/1.8.21/kotlin-stdlib-jdk7-1.8.21.pom
#15 88.66 [INFO] Downloaded from central: https://repo.maven.apache.org/maven2/org/jetbrains/kotlin/kotlin-stdlib-jdk7/1.8.21/kotlin-stdlib-jdk7-1.8.21.pom (1.4 kB at 6.7 kB/s)
#15 88.66 [INFO] Downloading from central: https://repo.maven.apache.org/maven2/com/diffplug/durian/durian-io/1.2.0/durian-io-1.2.0.pom
#15 88.86 [INFO] Downloaded from central: https://repo.maven.apache.org/maven2/com/diffplug/durian/durian-io/1.2.0/durian-io-1.2.0.pom (2.3 kB at 11 kB/s)
#15 88.86 [INFO] Downloading from central: https://repo.maven.apache.org/maven2/org/codehaus/plexus/plexus-resources/1.2.0/plexus-resources-1.2.0.pom
#15 89.06 [INFO] Downloaded from central: https://repo.maven.apache.org/maven2/org/codehaus/plexus/plexus-resources/1.2.0/plexus-resources-1.2.0.pom (4.4 kB at 22 kB/s)
#15 89.06 [INFO] Downloading from central: https://repo.maven.apache.org/maven2/org/codehaus/plexus/plexus-components/6.6/plexus-components-6.6.pom
#15 89.27 [INFO] Downloaded from central: https://repo.maven.apache.org/maven2/org/codehaus/plexus/plexus-components/6.6/plexus-components-6.6.pom (2.7 kB at 13 kB/s)
#15 89.27 [INFO] Downloading from central: https://repo.maven.apache.org/maven2/org/codehaus/plexus/plexus-utils/3.4.1/plexus-utils-3.4.1.pom
#15 89.48 [INFO] Downloaded from central: https://repo.maven.apache.org/maven2/org/codehaus/plexus/plexus-utils/3.4.1/plexus-utils-3.4.1.pom (8.0 kB at 39 kB/s)
#15 89.48 [INFO] Downloading from central: https://repo.maven.apache.org/maven2/org/slf4j/slf4j-api/1.7.32/slf4j-api-1.7.32.pom
#15 89.69 [INFO] Downloaded from central: https://repo.maven.apache.org/maven2/org/slf4j/slf4j-api/1.7.32/slf4j-api-1.7.32.pom (3.8 kB at 19 kB/s)
#15 89.69 [INFO] Downloading from central: https://repo.maven.apache.org/maven2/org/slf4j/slf4j-parent/1.7.32/slf4j-parent-1.7.32.pom
#15 89.89 [INFO] Downloaded from central: https://repo.maven.apache.org/maven2/org/slf4j/slf4j-parent/1.7.32/slf4j-parent-1.7.32.pom (14 kB at 68 kB/s)
#15 89.89 [INFO] Downloading from central: https://repo.maven.apache.org/maven2/org/codehaus/plexus/plexus-utils/1.5.8/plexus-utils-1.5.8.pom
#15 90.10 [INFO] Downloaded from central: https://repo.maven.apache.org/maven2/org/codehaus/plexus/plexus-utils/1.5.8/plexus-utils-1.5.8.pom (8.1 kB at 39 kB/s)
#15 90.10 [INFO] Downloading from central: https://repo.maven.apache.org/maven2/org/codehaus/plexus/plexus/2.0.2/plexus-2.0.2.pom
#15 90.31 [INFO] Downloaded from central: https://repo.maven.apache.org/maven2/org/codehaus/plexus/plexus/2.0.2/plexus-2.0.2.pom (12 kB at 57 kB/s)
#15 90.31 [INFO] Downloading from central: https://repo.maven.apache.org/maven2/com/diffplug/spotless/spotless-lib/2.45.0/spotless-lib-2.45.0.jar
#15 90.56 [INFO] Downloaded from central: https://repo.maven.apache.org/maven2/com/diffplug/spotless/spotless-lib/2.45.0/spotless-lib-2.45.0.jar (485 kB at 2.0 MB/s)
#15 90.56 [INFO] Downloading from central: https://repo.maven.apache.org/maven2/com/diffplug/spotless/spotless-lib-extra/2.45.0/spotless-lib-extra-2.45.0.jar
#15 90.56 [INFO] Downloading from central: https://repo.maven.apache.org/maven2/com/googlecode/concurrent-trees/concurrent-trees/2.6.1/concurrent-trees-2.6.1.jar
#15 90.56 [INFO] Downloading from central: https://repo.maven.apache.org/maven2/dev/equo/ide/solstice/1.7.5/solstice-1.7.5.jar
#15 90.56 [INFO] Downloading from central: https://repo.maven.apache.org/maven2/com/diffplug/durian/durian-swt.os/4.2.2/durian-swt.os-4.2.2.jar
#15 90.56 [INFO] Downloading from central: https://repo.maven.apache.org/maven2/org/eclipse/platform/org.eclipse.osgi/3.18.300/org.eclipse.osgi-3.18.300.jar
#15 90.75 [INFO] Downloaded from central: https://repo.maven.apache.org/maven2/com/diffplug/durian/durian-swt.os/4.2.2/durian-swt.os-4.2.2.jar (13 kB at 68 kB/s)
#15 90.75 [INFO] Downloading from central: https://repo.maven.apache.org/maven2/com/squareup/okhttp3/okhttp/4.12.0/okhttp-4.12.0.jar
#15 90.77 [INFO] Downloaded from central: https://repo.maven.apache.org/maven2/com/diffplug/spotless/spotless-lib-extra/2.45.0/spotless-lib-extra-2.45.0.jar (80 kB at 383 kB/s)
#15 90.77 [INFO] Downloading from central: https://repo.maven.apache.org/maven2/com/squareup/okio/okio/3.6.0/okio-3.6.0.jar
#15 90.80 [INFO] Downloaded from central: https://repo.maven.apache.org/maven2/com/googlecode/concurrent-trees/concurrent-trees/2.6.1/concurrent-trees-2.6.1.jar (120 kB at 499 kB/s)
#15 90.80 [INFO] Downloading from central: https://repo.maven.apache.org/maven2/com/squareup/okio/okio-jvm/3.6.0/okio-jvm-3.6.0.jar
#15 90.81 [INFO] Downloaded from central: https://repo.maven.apache.org/maven2/dev/equo/ide/solstice/1.7.5/solstice-1.7.5.jar (411 kB at 1.7 MB/s)
#15 90.81 [INFO] Downloading from central: https://repo.maven.apache.org/maven2/org/jetbrains/kotlin/kotlin-stdlib-common/1.9.10/kotlin-stdlib-common-1.9.10.jar
#15 90.87 [INFO] Downloaded from central: https://repo.maven.apache.org/maven2/org/eclipse/platform/org.eclipse.osgi/3.18.300/org.eclipse.osgi-3.18.300.jar (1.5 MB at 4.9 MB/s)
#15 90.87 [INFO] Downloading from central: https://repo.maven.apache.org/maven2/org/jetbrains/kotlin/kotlin-stdlib-jdk8/1.8.21/kotlin-stdlib-jdk8-1.8.21.jar
#15 90.96 [INFO] Downloaded from central: https://repo.maven.apache.org/maven2/com/squareup/okhttp3/okhttp/4.12.0/okhttp-4.12.0.jar (790 kB at 2.0 MB/s)
#15 90.96 [INFO] Downloading from central: https://repo.maven.apache.org/maven2/org/jetbrains/kotlin/kotlin-stdlib/1.8.21/kotlin-stdlib-1.8.21.jar
#15 90.97 [INFO] Downloaded from central: https://repo.maven.apache.org/maven2/com/squareup/okio/okio/3.6.0/okio-3.6.0.jar (26 kB at 63 kB/s)
#15 90.97 [INFO] Downloading from central: https://repo.maven.apache.org/maven2/org/jetbrains/annotations/13.0/annotations-13.0.jar
#15 91.02 [INFO] Downloaded from central: https://repo.maven.apache.org/maven2/org/jetbrains/kotlin/kotlin-stdlib-common/1.9.10/kotlin-stdlib-common-1.9.10.jar (225 kB at 491 kB/s)
#15 91.02 [INFO] Downloading from central: https://repo.maven.apache.org/maven2/org/jetbrains/kotlin/kotlin-stdlib-jdk7/1.8.21/kotlin-stdlib-jdk7-1.8.21.jar
#15 91.06 [INFO] Downloaded from central: https://repo.maven.apache.org/maven2/org/jetbrains/kotlin/kotlin-stdlib-jdk8/1.8.21/kotlin-stdlib-jdk8-1.8.21.jar (968 B at 1.9 kB/s)
#15 91.06 [INFO] Downloading from central: https://repo.maven.apache.org/maven2/com/diffplug/durian/durian-core/1.2.0/durian-core-1.2.0.jar
#15 91.08 [INFO] Downloaded from central: https://repo.maven.apache.org/maven2/com/squareup/okio/okio-jvm/3.6.0/okio-jvm-3.6.0.jar (360 kB at 697 kB/s)
#15 91.08 [INFO] Downloading from central: https://repo.maven.apache.org/maven2/com/diffplug/durian/durian-io/1.2.0/durian-io-1.2.0.jar
#15 91.17 [INFO] Downloaded from central: https://repo.maven.apache.org/maven2/org/jetbrains/annotations/13.0/annotations-13.0.jar (18 kB at 29 kB/s)
#15 91.17 [INFO] Downloading from central: https://repo.maven.apache.org/maven2/com/diffplug/durian/durian-collect/1.2.0/durian-collect-1.2.0.jar
#15 91.18 [INFO] Downloaded from central: https://repo.maven.apache.org/maven2/org/jetbrains/kotlin/kotlin-stdlib/1.8.21/kotlin-stdlib-1.8.21.jar (1.7 MB at 2.7 MB/s)
#15 91.18 [INFO] Downloading from central: https://repo.maven.apache.org/maven2/org/codehaus/plexus/plexus-resources/1.2.0/plexus-resources-1.2.0.jar
#15 91.21 [INFO] Downloaded from central: https://repo.maven.apache.org/maven2/org/jetbrains/kotlin/kotlin-stdlib-jdk7/1.8.21/kotlin-stdlib-jdk7-1.8.21.jar (963 B at 1.5 kB/s)
#15 91.21 [INFO] Downloading from central: https://repo.maven.apache.org/maven2/org/codehaus/plexus/plexus-utils/3.4.1/plexus-utils-3.4.1.jar
#15 91.25 [INFO] Downloaded from central: https://repo.maven.apache.org/maven2/com/diffplug/durian/durian-core/1.2.0/durian-core-1.2.0.jar (344 kB at 495 kB/s)
#15 91.25 [INFO] Downloading from central: https://repo.maven.apache.org/maven2/org/slf4j/slf4j-api/1.7.32/slf4j-api-1.7.32.jar
#15 91.33 [INFO] Downloaded from central: https://repo.maven.apache.org/maven2/com/diffplug/durian/durian-io/1.2.0/durian-io-1.2.0.jar (187 kB at 242 kB/s)
#15 91.33 [INFO] Downloading from central: https://repo.maven.apache.org/maven2/org/eclipse/jgit/org.eclipse.jgit/6.7.0.202309050840-r/org.eclipse.jgit-6.7.0.202309050840-r.jar
#15 91.37 [INFO] Downloaded from central: https://repo.maven.apache.org/maven2/org/codehaus/plexus/plexus-resources/1.2.0/plexus-resources-1.2.0.jar (23 kB at 28 kB/s)
#15 91.37 [INFO] Downloading from central: https://repo.maven.apache.org/maven2/com/googlecode/javaewah/JavaEWAH/1.2.3/JavaEWAH-1.2.3.jar
#15 91.43 [INFO] Downloaded from central: https://repo.maven.apache.org/maven2/org/codehaus/plexus/plexus-utils/3.4.1/plexus-utils-3.4.1.jar (264 kB at 302 kB/s)
#15 91.43 [INFO] Downloading from central: https://repo.maven.apache.org/maven2/commons-codec/commons-codec/1.16.0/commons-codec-1.16.0.jar
#15 91.44 [INFO] Downloaded from central: https://repo.maven.apache.org/maven2/org/slf4j/slf4j-api/1.7.32/slf4j-api-1.7.32.jar (42 kB at 47 kB/s)
#15 91.48 [INFO] Downloaded from central: https://repo.maven.apache.org/maven2/com/diffplug/durian/durian-collect/1.2.0/durian-collect-1.2.0.jar (1.2 MB at 1.3 MB/s)
#15 91.56 [INFO] Downloaded from central: https://repo.maven.apache.org/maven2/com/googlecode/javaewah/JavaEWAH/1.2.3/JavaEWAH-1.2.3.jar (171 kB at 171 kB/s)
#15 91.67 [INFO] Downloaded from central: https://repo.maven.apache.org/maven2/commons-codec/commons-codec/1.16.0/commons-codec-1.16.0.jar (361 kB at 326 kB/s)
#15 91.98 [INFO] Downloaded from central: https://repo.maven.apache.org/maven2/org/eclipse/jgit/org.eclipse.jgit/6.7.0.202309050840-r/org.eclipse.jgit-6.7.0.202309050840-r.jar (3.1 MB at 2.2 MB/s)
#15 92.26 [INFO] Downloading from central: https://repo.maven.apache.org/maven2/org/slf4j/slf4j-api/2.0.16/slf4j-api-2.0.16.pom
#15 92.49 [INFO] Downloaded from central: https://repo.maven.apache.org/maven2/org/slf4j/slf4j-api/2.0.16/slf4j-api-2.0.16.pom (2.8 kB at 13 kB/s)
#15 92.49 [INFO] Downloading from central: https://repo.maven.apache.org/maven2/org/slf4j/slf4j-parent/2.0.16/slf4j-parent-2.0.16.pom
#15 92.71 [INFO] Downloaded from central: https://repo.maven.apache.org/maven2/org/slf4j/slf4j-parent/2.0.16/slf4j-parent-2.0.16.pom (13 kB at 60 kB/s)
#15 92.71 [INFO] Downloading from central: https://repo.maven.apache.org/maven2/org/slf4j/slf4j-bom/2.0.16/slf4j-bom-2.0.16.pom
#15 92.94 [INFO] Downloaded from central: https://repo.maven.apache.org/maven2/org/slf4j/slf4j-bom/2.0.16/slf4j-bom-2.0.16.pom (7.3 kB at 32 kB/s)
#15 92.97 [INFO] Downloading from central: https://repo.maven.apache.org/maven2/net/minidev/json-smart/2.5.0/json-smart-2.5.0.pom
#15 93.19 [INFO] Downloaded from central: https://repo.maven.apache.org/maven2/net/minidev/json-smart/2.5.0/json-smart-2.5.0.pom (9.2 kB at 42 kB/s)
#15 93.20 [INFO] Downloading from central: https://repo.maven.apache.org/maven2/net/minidev/accessors-smart/2.5.0/accessors-smart-2.5.0.pom
#15 93.42 [INFO] Downloaded from central: https://repo.maven.apache.org/maven2/net/minidev/accessors-smart/2.5.0/accessors-smart-2.5.0.pom (11 kB at 49 kB/s)
#15 93.42 [INFO] Downloading from central: https://repo.maven.apache.org/maven2/org/ow2/asm/asm/9.3/asm-9.3.pom
#15 93.64 [INFO] Downloaded from central: https://repo.maven.apache.org/maven2/org/ow2/asm/asm/9.3/asm-9.3.pom (2.4 kB at 11 kB/s)
#15 93.65 [INFO] Downloading from central: https://repo.maven.apache.org/maven2/org/ow2/ow2/1.5/ow2-1.5.pom
#15 93.87 [INFO] Downloaded from central: https://repo.maven.apache.org/maven2/org/ow2/ow2/1.5/ow2-1.5.pom (11 kB at 51 kB/s)
#15 93.87 [INFO] Downloading from central: https://repo.maven.apache.org/maven2/org/slf4j/slf4j-api/2.0.11/slf4j-api-2.0.11.pom
#15 94.08 [INFO] Downloaded from central: https://repo.maven.apache.org/maven2/org/slf4j/slf4j-api/2.0.11/slf4j-api-2.0.11.pom (2.8 kB at 13 kB/s)
#15 94.08 [INFO] Downloading from central: https://repo.maven.apache.org/maven2/org/slf4j/slf4j-parent/2.0.11/slf4j-parent-2.0.11.pom
#15 94.31 [INFO] Downloaded from central: https://repo.maven.apache.org/maven2/org/slf4j/slf4j-parent/2.0.11/slf4j-parent-2.0.11.pom (15 kB at 69 kB/s)
#15 94.31 [INFO] Downloading from central: https://repo.maven.apache.org/maven2/org/slf4j/slf4j-bom/2.0.11/slf4j-bom-2.0.11.pom
#15 94.53 [INFO] Downloaded from central: https://repo.maven.apache.org/maven2/org/slf4j/slf4j-bom/2.0.11/slf4j-bom-2.0.11.pom (7.3 kB at 33 kB/s)
#15 94.54 [INFO] Downloading from central: https://repo.maven.apache.org/maven2/net/bytebuddy/byte-buddy/1.17.7/byte-buddy-1.17.7.pom
#15 94.76 [INFO] Downloaded from central: https://repo.maven.apache.org/maven2/net/bytebuddy/byte-buddy/1.17.7/byte-buddy-1.17.7.pom (19 kB at 90 kB/s)
#15 94.76 [INFO] Downloading from central: https://repo.maven.apache.org/maven2/net/bytebuddy/byte-buddy-parent/1.17.7/byte-buddy-parent-1.17.7.pom
#15 94.99 [INFO] Downloaded from central: https://repo.maven.apache.org/maven2/net/bytebuddy/byte-buddy-parent/1.17.7/byte-buddy-parent-1.17.7.pom (65 kB at 291 kB/s)
#15 94.99 [INFO] Downloading from central: https://repo.maven.apache.org/maven2/org/hamcrest/hamcrest/2.1/hamcrest-2.1.pom
#15 95.21 [INFO] Downloaded from central: https://repo.maven.apache.org/maven2/org/hamcrest/hamcrest/2.1/hamcrest-2.1.pom (1.1 kB at 5.1 kB/s)
#15 95.23 [INFO] Downloading from central: https://repo.maven.apache.org/maven2/net/bytebuddy/byte-buddy/1.15.11/byte-buddy-1.15.11.pom
#15 95.44 [INFO] Downloaded from central: https://repo.maven.apache.org/maven2/net/bytebuddy/byte-buddy/1.15.11/byte-buddy-1.15.11.pom (17 kB at 80 kB/s)
#15 95.45 [INFO] Downloading from central: https://repo.maven.apache.org/maven2/net/bytebuddy/byte-buddy-parent/1.15.11/byte-buddy-parent-1.15.11.pom
#15 95.67 [INFO] Downloaded from central: https://repo.maven.apache.org/maven2/net/bytebuddy/byte-buddy-parent/1.15.11/byte-buddy-parent-1.15.11.pom (63 kB at 287 kB/s)
#15 95.67 [INFO] Downloading from central: https://repo.maven.apache.org/maven2/net/bytebuddy/byte-buddy-agent/1.15.11/byte-buddy-agent-1.15.11.pom
#15 95.89 [INFO] Downloaded from central: https://repo.maven.apache.org/maven2/net/bytebuddy/byte-buddy-agent/1.15.11/byte-buddy-agent-1.15.11.pom (12 kB at 53 kB/s)
#15 95.90 [INFO] Downloading from central: https://repo.maven.apache.org/maven2/org/junit/jupiter/junit-jupiter-api/5.11.4/junit-jupiter-api-5.11.4.pom
#15 96.13 [INFO] Downloaded from central: https://repo.maven.apache.org/maven2/org/junit/jupiter/junit-jupiter-api/5.11.4/junit-jupiter-api-5.11.4.pom (3.2 kB at 14 kB/s)
#15 96.13 [INFO] Downloading from central: https://repo.maven.apache.org/maven2/org/junit/platform/junit-platform-commons/1.11.4/junit-platform-commons-1.11.4.pom
#15 96.35 [INFO] Downloaded from central: https://repo.maven.apache.org/maven2/org/junit/platform/junit-platform-commons/1.11.4/junit-platform-commons-1.11.4.pom (2.8 kB at 13 kB/s)
#15 96.36 [INFO] Downloading from central: https://repo.maven.apache.org/maven2/jakarta/xml/bind/jakarta.xml.bind-api/2.3.3/jakarta.xml.bind-api-2.3.3.pom
#15 96.58 [INFO] Downloaded from central: https://repo.maven.apache.org/maven2/jakarta/xml/bind/jakarta.xml.bind-api/2.3.3/jakarta.xml.bind-api-2.3.3.pom (13 kB at 60 kB/s)
#15 96.58 [INFO] Downloading from central: https://repo.maven.apache.org/maven2/jakarta/xml/bind/jakarta.xml.bind-api-parent/2.3.3/jakarta.xml.bind-api-parent-2.3.3.pom
#15 96.80 [INFO] Downloaded from central: https://repo.maven.apache.org/maven2/jakarta/xml/bind/jakarta.xml.bind-api-parent/2.3.3/jakarta.xml.bind-api-parent-2.3.3.pom (9.0 kB at 41 kB/s)
#15 96.81 [INFO] Downloading from central: https://repo.maven.apache.org/maven2/jakarta/activation/jakarta.activation-api/1.2.2/jakarta.activation-api-1.2.2.pom
#15 97.02 [INFO] Downloaded from central: https://repo.maven.apache.org/maven2/jakarta/activation/jakarta.activation-api/1.2.2/jakarta.activation-api-1.2.2.pom (5.3 kB at 24 kB/s)
#15 97.02 [INFO] Downloading from central: https://repo.maven.apache.org/maven2/com/sun/activation/all/1.2.2/all-1.2.2.pom
#15 97.25 [INFO] Downloaded from central: https://repo.maven.apache.org/maven2/com/sun/activation/all/1.2.2/all-1.2.2.pom (15 kB at 67 kB/s)
#15 97.26 [INFO] Downloading from central: https://repo.maven.apache.org/maven2/org/slf4j/slf4j-api/2.0.11/slf4j-api-2.0.11.jar
#15 97.49 [INFO] Downloaded from central: https://repo.maven.apache.org/maven2/org/slf4j/slf4j-api/2.0.11/slf4j-api-2.0.11.jar (68 kB at 294 kB/s)
#15 97.49 [INFO] Downloading from central: https://repo.maven.apache.org/maven2/net/bytebuddy/byte-buddy/1.17.7/byte-buddy-1.17.7.jar
#15 97.49 [INFO] Downloading from central: https://repo.maven.apache.org/maven2/net/bytebuddy/byte-buddy-agent/1.15.11/byte-buddy-agent-1.15.11.jar
#15 97.73 [INFO] Downloaded from central: https://repo.maven.apache.org/maven2/net/bytebuddy/byte-buddy-agent/1.15.11/byte-buddy-agent-1.15.11.jar (365 kB at 1.5 MB/s)
#15 98.23 [INFO] Downloaded from central: https://repo.maven.apache.org/maven2/net/bytebuddy/byte-buddy/1.17.7/byte-buddy-1.17.7.jar (9.0 MB at 12 MB/s)
#15 98.38 [INFO] Downloading from central: https://repo.maven.apache.org/maven2/org/springframework/boot/spring-boot-starter/3.2.4/spring-boot-starter-3.2.4.pom
#15 98.60 [INFO] Downloaded from central: https://repo.maven.apache.org/maven2/org/springframework/boot/spring-boot-starter/3.2.4/spring-boot-starter-3.2.4.pom (3.0 kB at 14 kB/s)
#15 98.60 [INFO] Downloading from central: https://repo.maven.apache.org/maven2/org/springframework/boot/spring-boot/3.2.4/spring-boot-3.2.4.pom
#15 98.82 [INFO] Downloaded from central: https://repo.maven.apache.org/maven2/org/springframework/boot/spring-boot/3.2.4/spring-boot-3.2.4.pom (2.2 kB at 10 kB/s)
#15 98.82 [INFO] Downloading from central: https://repo.maven.apache.org/maven2/org/springframework/spring-core/6.1.5/spring-core-6.1.5.pom
#15 99.04 [INFO] Downloaded from central: https://repo.maven.apache.org/maven2/org/springframework/spring-core/6.1.5/spring-core-6.1.5.pom (2.0 kB at 9.2 kB/s)
#15 99.04 [INFO] Downloading from central: https://repo.maven.apache.org/maven2/org/springframework/spring-jcl/6.1.5/spring-jcl-6.1.5.pom
#15 99.26 [INFO] Downloaded from central: https://repo.maven.apache.org/maven2/org/springframework/spring-jcl/6.1.5/spring-jcl-6.1.5.pom (1.8 kB at 8.4 kB/s)
#15 99.26 [INFO] Downloading from central: https://repo.maven.apache.org/maven2/org/springframework/spring-context/6.1.5/spring-context-6.1.5.pom
#15 99.48 [INFO] Downloaded from central: https://repo.maven.apache.org/maven2/org/springframework/spring-context/6.1.5/spring-context-6.1.5.pom (2.8 kB at 13 kB/s)
#15 99.48 [INFO] Downloading from central: https://repo.maven.apache.org/maven2/org/springframework/spring-aop/6.1.5/spring-aop-6.1.5.pom
#15 99.70 [INFO] Downloaded from central: https://repo.maven.apache.org/maven2/org/springframework/spring-aop/6.1.5/spring-aop-6.1.5.pom (2.2 kB at 10 kB/s)
#15 99.70 [INFO] Downloading from central: https://repo.maven.apache.org/maven2/org/springframework/spring-beans/6.1.5/spring-beans-6.1.5.pom
#15 99.94 [INFO] Downloaded from central: https://repo.maven.apache.org/maven2/org/springframework/spring-beans/6.1.5/spring-beans-6.1.5.pom (2.0 kB at 8.4 kB/s)
#15 99.95 [INFO] Downloading from central: https://repo.maven.apache.org/maven2/org/springframework/spring-expression/6.1.5/spring-expression-6.1.5.pom
#15 100.2 [INFO] Downloaded from central: https://repo.maven.apache.org/maven2/org/springframework/spring-expression/6.1.5/spring-expression-6.1.5.pom (2.1 kB at 9.4 kB/s)
#15 100.2 [INFO] Downloading from central: https://repo.maven.apache.org/maven2/io/micrometer/micrometer-observation/1.12.4/micrometer-observation-1.12.4.pom
#15 100.4 [INFO] Downloaded from central: https://repo.maven.apache.org/maven2/io/micrometer/micrometer-observation/1.12.4/micrometer-observation-1.12.4.pom (3.8 kB at 17 kB/s)
#15 100.4 [INFO] Downloading from central: https://repo.maven.apache.org/maven2/io/micrometer/micrometer-commons/1.12.4/micrometer-commons-1.12.4.pom
#15 100.6 [INFO] Downloaded from central: https://repo.maven.apache.org/maven2/io/micrometer/micrometer-commons/1.12.4/micrometer-commons-1.12.4.pom (3.4 kB at 16 kB/s)
#15 100.6 [INFO] Downloading from central: https://repo.maven.apache.org/maven2/org/springframework/boot/spring-boot-autoconfigure/3.2.4/spring-boot-autoconfigure-3.2.4.pom
#15 100.8 [INFO] Downloaded from central: https://repo.maven.apache.org/maven2/org/springframework/boot/spring-boot-autoconfigure/3.2.4/spring-boot-autoconfigure-3.2.4.pom (2.1 kB at 9.4 kB/s)
#15 100.8 [INFO] Downloading from central: https://repo.maven.apache.org/maven2/org/springframework/boot/spring-boot-starter-logging/3.2.4/spring-boot-starter-logging-3.2.4.pom
#15 101.1 [INFO] Downloaded from central: https://repo.maven.apache.org/maven2/org/springframework/boot/spring-boot-starter-logging/3.2.4/spring-boot-starter-logging-3.2.4.pom (2.5 kB at 11 kB/s)
#15 101.1 [INFO] Downloading from central: https://repo.maven.apache.org/maven2/ch/qos/logback/logback-classic/1.4.14/logback-classic-1.4.14.pom
#15 101.3 [INFO] Downloaded from central: https://repo.maven.apache.org/maven2/ch/qos/logback/logback-classic/1.4.14/logback-classic-1.4.14.pom (13 kB at 58 kB/s)
#15 101.3 [INFO] Downloading from central: https://repo.maven.apache.org/maven2/ch/qos/logback/logback-parent/1.4.14/logback-parent-1.4.14.pom
#15 101.5 [INFO] Downloaded from central: https://repo.maven.apache.org/maven2/ch/qos/logback/logback-parent/1.4.14/logback-parent-1.4.14.pom (20 kB at 90 kB/s)
#15 101.5 [INFO] Downloading from central: https://repo.maven.apache.org/maven2/ch/qos/logback/logback-core/1.4.14/logback-core-1.4.14.pom
#15 101.7 [INFO] Downloaded from central: https://repo.maven.apache.org/maven2/ch/qos/logback/logback-core/1.4.14/logback-core-1.4.14.pom (5.0 kB at 23 kB/s)
#15 101.7 [INFO] Downloading from central: https://repo.maven.apache.org/maven2/org/slf4j/slf4j-api/2.0.12/slf4j-api-2.0.12.pom
#15 101.9 [INFO] Downloaded from central: https://repo.maven.apache.org/maven2/org/slf4j/slf4j-api/2.0.12/slf4j-api-2.0.12.pom (2.8 kB at 13 kB/s)
#15 101.9 [INFO] Downloading from central: https://repo.maven.apache.org/maven2/org/slf4j/slf4j-parent/2.0.12/slf4j-parent-2.0.12.pom
#15 102.2 [INFO] Downloaded from central: https://repo.maven.apache.org/maven2/org/slf4j/slf4j-parent/2.0.12/slf4j-parent-2.0.12.pom (13 kB at 62 kB/s)
#15 102.2 [INFO] Downloading from central: https://repo.maven.apache.org/maven2/org/slf4j/slf4j-bom/2.0.12/slf4j-bom-2.0.12.pom
#15 102.4 [INFO] Downloaded from central: https://repo.maven.apache.org/maven2/org/slf4j/slf4j-bom/2.0.12/slf4j-bom-2.0.12.pom (7.3 kB at 34 kB/s)
#15 102.4 [INFO] Downloading from central: https://repo.maven.apache.org/maven2/org/apache/logging/log4j/log4j-to-slf4j/2.21.1/log4j-to-slf4j-2.21.1.pom
#15 102.6 [INFO] Downloaded from central: https://repo.maven.apache.org/maven2/org/apache/logging/log4j/log4j-to-slf4j/2.21.1/log4j-to-slf4j-2.21.1.pom (4.2 kB at 19 kB/s)
#15 102.6 [INFO] Downloading from central: https://repo.maven.apache.org/maven2/org/apache/logging/log4j/log4j/2.21.1/log4j-2.21.1.pom
#15 102.8 [INFO] Downloaded from central: https://repo.maven.apache.org/maven2/org/apache/logging/log4j/log4j/2.21.1/log4j-2.21.1.pom (35 kB at 161 kB/s)
#15 102.8 [INFO] Downloading from central: https://repo.maven.apache.org/maven2/org/ow2/asm/asm-bom/9.5/asm-bom-9.5.pom
#15 103.0 [INFO] Downloaded from central: https://repo.maven.apache.org/maven2/org/ow2/asm/asm-bom/9.5/asm-bom-9.5.pom (3.2 kB at 15 kB/s)
#15 103.0 [INFO] Downloading from central: https://repo.maven.apache.org/maven2/org/codehaus/groovy/groovy-bom/3.0.19/groovy-bom-3.0.19.pom
#15 103.3 [INFO] Downloaded from central: https://repo.maven.apache.org/maven2/org/codehaus/groovy/groovy-bom/3.0.19/groovy-bom-3.0.19.pom (26 kB at 120 kB/s)
#15 103.3 [INFO] Downloading from central: https://repo.maven.apache.org/maven2/com/fasterxml/jackson/jackson-bom/2.15.2/jackson-bom-2.15.2.pom
#15 103.5 [INFO] Downloaded from central: https://repo.maven.apache.org/maven2/com/fasterxml/jackson/jackson-bom/2.15.2/jackson-bom-2.15.2.pom (18 kB at 80 kB/s)
#15 103.5 [INFO] Downloading from central: https://repo.maven.apache.org/maven2/org/eclipse/jetty/jetty-bom/9.4.53.v20231009/jetty-bom-9.4.53.v20231009.pom
#15 103.7 [INFO] Downloaded from central: https://repo.maven.apache.org/maven2/org/eclipse/jetty/jetty-bom/9.4.53.v20231009/jetty-bom-9.4.53.v20231009.pom (18 kB at 81 kB/s)
#15 103.7 [INFO] Downloading from central: https://repo.maven.apache.org/maven2/io/fabric8/kubernetes-client-bom/5.12.4/kubernetes-client-bom-5.12.4.pom
#15 103.9 [INFO] Downloaded from central: https://repo.maven.apache.org/maven2/io/fabric8/kubernetes-client-bom/5.12.4/kubernetes-client-bom-5.12.4.pom (26 kB at 118 kB/s)
#15 103.9 [INFO] Downloading from central: https://repo.maven.apache.org/maven2/io/netty/netty-bom/4.1.97.Final/netty-bom-4.1.97.Final.pom
#15 104.2 [INFO] Downloaded from central: https://repo.maven.apache.org/maven2/io/netty/netty-bom/4.1.97.Final/netty-bom-4.1.97.Final.pom (13 kB at 61 kB/s)
#15 104.2 [INFO] Downloading from central: https://repo.maven.apache.org/maven2/org/springframework/spring-framework-bom/5.3.29/spring-framework-bom-5.3.29.pom
#15 104.4 [INFO] Downloaded from central: https://repo.maven.apache.org/maven2/org/springframework/spring-framework-bom/5.3.29/spring-framework-bom-5.3.29.pom (5.7 kB at 26 kB/s)
#15 104.4 [INFO] Downloading from central: https://repo.maven.apache.org/maven2/org/apache/logging/log4j/log4j-api/2.21.1/log4j-api-2.21.1.pom
#15 104.6 [INFO] Downloaded from central: https://repo.maven.apache.org/maven2/org/apache/logging/log4j/log4j-api/2.21.1/log4j-api-2.21.1.pom (4.0 kB at 18 kB/s)
#15 104.6 [INFO] Downloading from central: https://repo.maven.apache.org/maven2/org/slf4j/jul-to-slf4j/2.0.12/jul-to-slf4j-2.0.12.pom
#15 104.8 [INFO] Downloaded from central: https://repo.maven.apache.org/maven2/org/slf4j/jul-to-slf4j/2.0.12/jul-to-slf4j-2.0.12.pom (1.1 kB at 5.0 kB/s)
#15 104.8 [INFO] Downloading from central: https://repo.maven.apache.org/maven2/org/yaml/snakeyaml/2.2/snakeyaml-2.2.pom
#15 105.0 [INFO] Downloaded from central: https://repo.maven.apache.org/maven2/org/yaml/snakeyaml/2.2/snakeyaml-2.2.pom (21 kB at 97 kB/s)
#15 105.0 [INFO] Downloading from central: https://repo.maven.apache.org/maven2/com/google/guava/guava/33.1.0-jre/guava-33.1.0-jre.pom
#15 105.3 [INFO] Downloaded from central: https://repo.maven.apache.org/maven2/com/google/guava/guava/33.1.0-jre/guava-33.1.0-jre.pom (9.1 kB at 40 kB/s)
#15 105.3 [INFO] Downloading from central: https://repo.maven.apache.org/maven2/com/google/guava/guava-parent/33.1.0-jre/guava-parent-33.1.0-jre.pom
#15 105.5 [INFO] Downloaded from central: https://repo.maven.apache.org/maven2/com/google/guava/guava-parent/33.1.0-jre/guava-parent-33.1.0-jre.pom (19 kB at 90 kB/s)
#15 105.5 [INFO] Downloading from central: https://repo.maven.apache.org/maven2/org/checkerframework/checker-qual/3.42.0/checker-qual-3.42.0.pom
#15 105.7 [INFO] Downloaded from central: https://repo.maven.apache.org/maven2/org/checkerframework/checker-qual/3.42.0/checker-qual-3.42.0.pom (2.1 kB at 9.6 kB/s)
#15 105.7 [INFO] Downloading from central: https://repo.maven.apache.org/maven2/com/google/errorprone/error_prone_annotations/2.26.1/error_prone_annotations-2.26.1.pom
#15 105.9 [INFO] Downloaded from central: https://repo.maven.apache.org/maven2/com/google/errorprone/error_prone_annotations/2.26.1/error_prone_annotations-2.26.1.pom (4.3 kB at 20 kB/s)
#15 105.9 [INFO] Downloading from central: https://repo.maven.apache.org/maven2/com/google/errorprone/error_prone_parent/2.26.1/error_prone_parent-2.26.1.pom
#15 106.2 [INFO] Downloaded from central: https://repo.maven.apache.org/maven2/com/google/errorprone/error_prone_parent/2.26.1/error_prone_parent-2.26.1.pom (13 kB at 59 kB/s)
#15 106.2 [INFO] Downloading from central: https://repo.maven.apache.org/maven2/com/google/code/gson/gson/2.10.1/gson-2.10.1.pom
#15 106.4 [INFO] Downloaded from central: https://repo.maven.apache.org/maven2/com/google/code/gson/gson/2.10.1/gson-2.10.1.pom (9.4 kB at 42 kB/s)
#15 106.4 [INFO] Downloading from central: https://repo.maven.apache.org/maven2/com/google/code/gson/gson-parent/2.10.1/gson-parent-2.10.1.pom
#15 106.6 [INFO] Downloaded from central: https://repo.maven.apache.org/maven2/com/google/code/gson/gson-parent/2.10.1/gson-parent-2.10.1.pom (13 kB at 56 kB/s)
#15 106.6 [INFO] Downloading from central: https://repo.maven.apache.org/maven2/com/google/protobuf/protobuf-java/3.25.3/protobuf-java-3.25.3.pom
#15 106.8 [INFO] Downloaded from central: https://repo.maven.apache.org/maven2/com/google/protobuf/protobuf-java/3.25.3/protobuf-java-3.25.3.pom (1.6 kB at 7.0 kB/s)
#15 106.9 [INFO] Downloading from central: https://repo.maven.apache.org/maven2/com/google/protobuf/protobuf-parent/3.25.3/protobuf-parent-3.25.3.pom
#15 107.1 [INFO] Downloaded from central: https://repo.maven.apache.org/maven2/com/google/protobuf/protobuf-parent/3.25.3/protobuf-parent-3.25.3.pom (9.0 kB at 40 kB/s)
#15 107.1 [INFO] Downloading from central: https://repo.maven.apache.org/maven2/com/google/protobuf/protobuf-java-util/3.25.3/protobuf-java-util-3.25.3.pom
#15 107.3 [INFO] Downloaded from central: https://repo.maven.apache.org/maven2/com/google/protobuf/protobuf-java-util/3.25.3/protobuf-java-util-3.25.3.pom (2.5 kB at 11 kB/s)
#15 107.3 [INFO] Downloading from central: https://repo.maven.apache.org/maven2/io/grpc/grpc-core/1.63.0/grpc-core-1.63.0.jar
#15 107.6 [INFO] Downloaded from central: https://repo.maven.apache.org/maven2/io/grpc/grpc-core/1.63.0/grpc-core-1.63.0.jar (634 kB at 2.7 MB/s)
#15 107.6 [INFO] Downloading from central: https://repo.maven.apache.org/maven2/org/codehaus/mojo/animal-sniffer-annotations/1.23/animal-sniffer-annotations-1.23.jar
#15 107.6 [INFO] Downloading from central: https://repo.maven.apache.org/maven2/io/grpc/grpc-context/1.63.0/grpc-context-1.63.0.jar
#15 107.6 [INFO] Downloading from central: https://repo.maven.apache.org/maven2/org/springframework/boot/spring-boot-starter/3.2.4/spring-boot-starter-3.2.4.jar
#15 107.6 [INFO] Downloading from central: https://repo.maven.apache.org/maven2/org/springframework/boot/spring-boot/3.2.4/spring-boot-3.2.4.jar
#15 107.6 [INFO] Downloading from central: https://repo.maven.apache.org/maven2/org/springframework/spring-context/6.1.5/spring-context-6.1.5.jar
#15 107.8 [INFO] Downloaded from central: https://repo.maven.apache.org/maven2/io/grpc/grpc-context/1.63.0/grpc-context-1.63.0.jar (293 B at 1.5 kB/s)
#15 107.8 [INFO] Downloaded from central: https://repo.maven.apache.org/maven2/org/springframework/boot/spring-boot-starter/3.2.4/spring-boot-starter-3.2.4.jar (4.8 kB at 25 kB/s)
#15 107.8 [INFO] Downloading from central: https://repo.maven.apache.org/maven2/org/springframework/spring-aop/6.1.5/spring-aop-6.1.5.jar
#15 107.8 [INFO] Downloading from central: https://repo.maven.apache.org/maven2/org/springframework/spring-beans/6.1.5/spring-beans-6.1.5.jar
#15 107.8 [INFO] Downloaded from central: https://repo.maven.apache.org/maven2/org/codehaus/mojo/animal-sniffer-annotations/1.23/animal-sniffer-annotations-1.23.jar (3.1 kB at 14 kB/s)
#15 107.8 [INFO] Downloading from central: https://repo.maven.apache.org/maven2/org/springframework/spring-expression/6.1.5/spring-expression-6.1.5.jar
#15 107.8 [INFO] Downloaded from central: https://repo.maven.apache.org/maven2/org/springframework/spring-context/6.1.5/spring-context-6.1.5.jar (1.3 MB at 4.9 MB/s)
#15 107.8 [INFO] Downloading from central: https://repo.maven.apache.org/maven2/io/micrometer/micrometer-observation/1.12.4/micrometer-observation-1.12.4.jar
#15 107.9 [INFO] Downloaded from central: https://repo.maven.apache.org/maven2/org/springframework/boot/spring-boot/3.2.4/spring-boot-3.2.4.jar (1.6 MB at 4.8 MB/s)
#15 107.9 [INFO] Downloading from central: https://repo.maven.apache.org/maven2/io/micrometer/micrometer-commons/1.12.4/micrometer-commons-1.12.4.jar
#15 107.9 [INFO] Downloaded from central: https://repo.maven.apache.org/maven2/org/springframework/spring-aop/6.1.5/spring-aop-6.1.5.jar (416 kB at 1.1 MB/s)
#15 107.9 [INFO] Downloading from central: https://repo.maven.apache.org/maven2/org/springframework/boot/spring-boot-autoconfigure/3.2.4/spring-boot-autoconfigure-3.2.4.jar
#15 108.0 [INFO] Downloaded from central: https://repo.maven.apache.org/maven2/io/micrometer/micrometer-observation/1.12.4/micrometer-observation-1.12.4.jar (72 kB at 162 kB/s)
#15 108.0 [INFO] Downloading from central: https://repo.maven.apache.org/maven2/org/springframework/boot/spring-boot-starter-logging/3.2.4/spring-boot-starter-logging-3.2.4.jar
#15 108.0 [INFO] Downloaded from central: https://repo.maven.apache.org/maven2/org/springframework/spring-expression/6.1.5/spring-expression-6.1.5.jar (303 kB at 671 kB/s)
#15 108.0 [INFO] Downloading from central: https://repo.maven.apache.org/maven2/ch/qos/logback/logback-classic/1.4.14/logback-classic-1.4.14.jar
#15 108.1 [INFO] Downloaded from central: https://repo.maven.apache.org/maven2/org/springframework/spring-beans/6.1.5/spring-beans-6.1.5.jar (858 kB at 1.7 MB/s)
#15 108.1 [INFO] Downloading from central: https://repo.maven.apache.org/maven2/ch/qos/logback/logback-core/1.4.14/logback-core-1.4.14.jar
#15 108.1 [INFO] Downloaded from central: https://repo.maven.apache.org/maven2/io/micrometer/micrometer-commons/1.12.4/micrometer-commons-1.12.4.jar (47 kB at 82 kB/s)
#15 108.1 [INFO] Downloading from central: https://repo.maven.apache.org/maven2/org/slf4j/slf4j-api/2.0.12/slf4j-api-2.0.12.jar
#15 108.2 [INFO] Downloaded from central: https://repo.maven.apache.org/maven2/org/springframework/boot/spring-boot-autoconfigure/3.2.4/spring-boot-autoconfigure-3.2.4.jar (1.9 MB at 3.2 MB/s)
#15 108.2 [INFO] Downloading from central: https://repo.maven.apache.org/maven2/org/apache/logging/log4j/log4j-to-slf4j/2.21.1/log4j-to-slf4j-2.21.1.jar
#15 108.2 [INFO] Downloaded from central: https://repo.maven.apache.org/maven2/org/springframework/boot/spring-boot-starter-logging/3.2.4/spring-boot-starter-logging-3.2.4.jar (4.8 kB at 7.7 kB/s)
#15 108.2 [INFO] Downloading from central: https://repo.maven.apache.org/maven2/org/apache/logging/log4j/log4j-api/2.21.1/log4j-api-2.21.1.jar
#15 108.3 [INFO] Downloaded from central: https://repo.maven.apache.org/maven2/ch/qos/logback/logback-classic/1.4.14/logback-classic-1.4.14.jar (284 kB at 399 kB/s)
#15 108.3 [INFO] Downloading from central: https://repo.maven.apache.org/maven2/org/slf4j/jul-to-slf4j/2.0.12/jul-to-slf4j-2.0.12.jar
#15 108.3 [INFO] Downloaded from central: https://repo.maven.apache.org/maven2/ch/qos/logback/logback-core/1.4.14/logback-core-1.4.14.jar (597 kB at 792 kB/s)
#15 108.3 [INFO] Downloading from central: https://repo.maven.apache.org/maven2/org/springframework/spring-core/6.1.5/spring-core-6.1.5.jar
#15 108.3 [INFO] Downloaded from central: https://repo.maven.apache.org/maven2/org/slf4j/slf4j-api/2.0.12/slf4j-api-2.0.12.jar (68 kB at 87 kB/s)
#15 108.3 [INFO] Downloading from central: https://repo.maven.apache.org/maven2/org/springframework/spring-jcl/6.1.5/spring-jcl-6.1.5.jar
#15 108.4 [INFO] Downloaded from central: https://repo.maven.apache.org/maven2/org/apache/logging/log4j/log4j-to-slf4j/2.21.1/log4j-to-slf4j-2.21.1.jar (23 kB at 29 kB/s)
#15 108.4 [INFO] Downloading from central: https://repo.maven.apache.org/maven2/org/yaml/snakeyaml/2.2/snakeyaml-2.2.jar
#15 108.4 [INFO] Downloaded from central: https://repo.maven.apache.org/maven2/org/apache/logging/log4j/log4j-api/2.21.1/log4j-api-2.21.1.jar (317 kB at 387 kB/s)
#15 108.4 [INFO] Downloading from central: https://repo.maven.apache.org/maven2/com/google/guava/guava/33.1.0-jre/guava-33.1.0-jre.jar
#15 108.5 [INFO] Downloaded from central: https://repo.maven.apache.org/maven2/org/slf4j/jul-to-slf4j/2.0.12/jul-to-slf4j-2.0.12.jar (6.3 kB at 6.8 kB/s)
#15 108.5 [INFO] Downloading from central: https://repo.maven.apache.org/maven2/org/checkerframework/checker-qual/3.42.0/checker-qual-3.42.0.jar
#15 108.5 [INFO] Downloaded from central: https://repo.maven.apache.org/maven2/org/springframework/spring-jcl/6.1.5/spring-jcl-6.1.5.jar (25 kB at 25 kB/s)
#15 108.5 [INFO] Downloading from central: https://repo.maven.apache.org/maven2/com/google/errorprone/error_prone_annotations/2.23.0/error_prone_annotations-2.23.0.jar
#15 108.6 [INFO] Downloaded from central: https://repo.maven.apache.org/maven2/org/yaml/snakeyaml/2.2/snakeyaml-2.2.jar (334 kB at 337 kB/s)
#15 108.6 [INFO] Downloading from central: https://repo.maven.apache.org/maven2/io/perfmark/perfmark-api/0.26.0/perfmark-api-0.26.0.jar
#15 108.7 [INFO] Downloaded from central: https://repo.maven.apache.org/maven2/org/checkerframework/checker-qual/3.42.0/checker-qual-3.42.0.jar (231 kB at 201 kB/s)
#15 108.7 [INFO] Downloading from central: https://repo.maven.apache.org/maven2/io/grpc/grpc-protobuf/1.63.0/grpc-protobuf-1.63.0.jar
#15 108.7 [INFO] Downloaded from central: https://repo.maven.apache.org/maven2/org/springframework/spring-core/6.1.5/spring-core-6.1.5.jar (1.9 MB at 1.6 MB/s)
#15 108.7 [INFO] Downloading from central: https://repo.maven.apache.org/maven2/com/google/protobuf/protobuf-java/3.25.3/protobuf-java-3.25.3.jar
#15 108.7 [INFO] Downloaded from central: https://repo.maven.apache.org/maven2/io/perfmark/perfmark-api/0.26.0/perfmark-api-0.26.0.jar (6.8 kB at 5.8 kB/s)
#15 108.7 [INFO] Downloading from central: https://repo.maven.apache.org/maven2/com/google/api/grpc/proto-google-common-protos/2.29.0/proto-google-common-protos-2.29.0.jar
#15 108.7 [INFO] Downloaded from central: https://repo.maven.apache.org/maven2/com/google/errorprone/error_prone_annotations/2.23.0/error_prone_annotations-2.23.0.jar (17 kB at 14 kB/s)
#15 108.7 [INFO] Downloading from central: https://repo.maven.apache.org/maven2/io/grpc/grpc-protobuf-lite/1.63.0/grpc-protobuf-lite-1.63.0.jar
#15 108.8 [INFO] Downloaded from central: https://repo.maven.apache.org/maven2/com/google/guava/guava/33.1.0-jre/guava-33.1.0-jre.jar (3.1 MB at 2.6 MB/s)
#15 108.8 [INFO] Downloading from central: https://repo.maven.apache.org/maven2/io/grpc/grpc-stub/1.63.0/grpc-stub-1.63.0.jar
#15 108.9 [INFO] Downloaded from central: https://repo.maven.apache.org/maven2/io/grpc/grpc-stub/1.63.0/grpc-stub-1.63.0.jar (50 kB at 36 kB/s)
#15 108.9 [INFO] Downloading from central: https://repo.maven.apache.org/maven2/com/google/protobuf/protobuf-java-util/3.25.3/protobuf-java-util-3.25.3.jar
#15 108.9 [INFO] Downloaded from central: https://repo.maven.apache.org/maven2/io/grpc/grpc-protobuf/1.63.0/grpc-protobuf-1.63.0.jar (5.2 kB at 3.8 kB/s)
#15 108.9 [INFO] Downloading from central: https://repo.maven.apache.org/maven2/com/google/j2objc/j2objc-annotations/2.8/j2objc-annotations-2.8.jar
#15 108.9 [INFO] Downloaded from central: https://repo.maven.apache.org/maven2/io/grpc/grpc-protobuf-lite/1.63.0/grpc-protobuf-lite-1.63.0.jar (7.9 kB at 5.7 kB/s)
#15 108.9 [INFO] Downloading from central: https://repo.maven.apache.org/maven2/com/google/code/gson/gson/2.10.1/gson-2.10.1.jar
#15 109.0 [INFO] Downloaded from central: https://repo.maven.apache.org/maven2/com/google/api/grpc/proto-google-common-protos/2.29.0/proto-google-common-protos-2.29.0.jar (2.0 MB at 1.4 MB/s)
#15 109.0 [INFO] Downloading from central: https://repo.maven.apache.org/maven2/io/grpc/grpc-api/1.63.0/grpc-api-1.63.0.jar
#15 109.0 [INFO] Downloaded from central: https://repo.maven.apache.org/maven2/com/google/protobuf/protobuf-java/3.25.3/protobuf-java-3.25.3.jar (1.9 MB at 1.3 MB/s)
#15 109.1 [INFO] Downloaded from central: https://repo.maven.apache.org/maven2/com/google/protobuf/protobuf-java-util/3.25.3/protobuf-java-util-3.25.3.jar (73 kB at 47 kB/s)
#15 109.2 [INFO] Downloaded from central: https://repo.maven.apache.org/maven2/com/google/j2objc/j2objc-annotations/2.8/j2objc-annotations-2.8.jar (9.3 kB at 5.8 kB/s)
#15 109.2 [INFO] Downloaded from central: https://repo.maven.apache.org/maven2/io/grpc/grpc-api/1.63.0/grpc-api-1.63.0.jar (298 kB at 186 kB/s)
#15 109.2 [INFO] Downloaded from central: https://repo.maven.apache.org/maven2/com/google/code/gson/gson/2.10.1/gson-2.10.1.jar (283 kB at 177 kB/s)
#15 109.2 [INFO] Downloading from central: https://repo.maven.apache.org/maven2/com/google/guava/guava/33.5.0-android/guava-33.5.0-android.pom
#15 109.4 [INFO] Downloaded from central: https://repo.maven.apache.org/maven2/com/google/guava/guava/33.5.0-android/guava-33.5.0-android.pom (9.9 kB at 49 kB/s)
#15 109.4 [INFO] Downloading from central: https://repo.maven.apache.org/maven2/com/google/guava/guava-parent/33.5.0-android/guava-parent-33.5.0-android.pom
#15 109.6 [INFO] Downloaded from central: https://repo.maven.apache.org/maven2/com/google/guava/guava-parent/33.5.0-android/guava-parent-33.5.0-android.pom (24 kB at 117 kB/s)
#15 109.6 [INFO] Downloading from central: https://repo.maven.apache.org/maven2/com/google/j2objc/j2objc-annotations/3.1/j2objc-annotations-3.1.pom
#15 109.8 [INFO] Downloaded from central: https://repo.maven.apache.org/maven2/com/google/j2objc/j2objc-annotations/3.1/j2objc-annotations-3.1.pom (5.4 kB at 27 kB/s)
#15 109.8 [INFO] Downloading from central: https://repo.maven.apache.org/maven2/com/google/protobuf/protobuf-java/3.25.8/protobuf-java-3.25.8.jar
#15 110.2 [INFO] Downloaded from central: https://repo.maven.apache.org/maven2/com/google/protobuf/protobuf-java/3.25.8/protobuf-java-3.25.8.jar (1.9 MB at 5.7 MB/s)
#15 110.2 [INFO] Downloading from central: https://repo.maven.apache.org/maven2/com/google/guava/guava/33.5.0-android/guava-33.5.0-android.jar
#15 110.2 [INFO] Downloading from central: https://repo.maven.apache.org/maven2/com/google/j2objc/j2objc-annotations/3.1/j2objc-annotations-3.1.jar
#15 110.4 [INFO] Downloaded from central: https://repo.maven.apache.org/maven2/com/google/j2objc/j2objc-annotations/3.1/j2objc-annotations-3.1.jar (17 kB at 82 kB/s)
#15 110.5 [INFO] Downloaded from central: https://repo.maven.apache.org/maven2/com/google/guava/guava/33.5.0-android/guava-33.5.0-android.jar (2.9 MB at 7.9 MB/s)
#15 110.6 [INFO] Downloading from central: https://repo.maven.apache.org/maven2/org/springframework/boot/spring-boot-actuator/3.5.0/spring-boot-actuator-3.5.0.pom
#15 110.8 [INFO] Downloaded from central: https://repo.maven.apache.org/maven2/org/springframework/boot/spring-boot-actuator/3.5.0/spring-boot-actuator-3.5.0.pom (2.0 kB at 10 kB/s)
#15 110.8 [INFO] Downloading from central: https://repo.maven.apache.org/maven2/org/springframework/boot/spring-boot/3.5.0/spring-boot-3.5.0.pom
#15 111.0 [INFO] Downloaded from central: https://repo.maven.apache.org/maven2/org/springframework/boot/spring-boot/3.5.0/spring-boot-3.5.0.pom (2.2 kB at 11 kB/s)
#15 111.0 [INFO] Downloading from central: https://repo.maven.apache.org/maven2/org/springframework/spring-core/6.2.7/spring-core-6.2.7.pom
#15 111.2 [INFO] Downloaded from central: https://repo.maven.apache.org/maven2/org/springframework/spring-core/6.2.7/spring-core-6.2.7.pom (2.0 kB at 10 kB/s)
#15 111.2 [INFO] Downloading from central: https://repo.maven.apache.org/maven2/org/springframework/spring-jcl/6.2.7/spring-jcl-6.2.7.pom
#15 111.4 [INFO] Downloaded from central: https://repo.maven.apache.org/maven2/org/springframework/spring-jcl/6.2.7/spring-jcl-6.2.7.pom (1.8 kB at 9.2 kB/s)
#15 111.5 [INFO] Downloading from central: https://repo.maven.apache.org/maven2/org/springframework/spring-context/6.2.7/spring-context-6.2.7.pom
#15 111.7 [INFO] Downloaded from central: https://repo.maven.apache.org/maven2/org/springframework/spring-context/6.2.7/spring-context-6.2.7.pom (2.8 kB at 14 kB/s)
#15 111.7 [INFO] Downloading from central: https://repo.maven.apache.org/maven2/org/springframework/spring-aop/6.2.7/spring-aop-6.2.7.pom
#15 111.9 [INFO] Downloaded from central: https://repo.maven.apache.org/maven2/org/springframework/spring-aop/6.2.7/spring-aop-6.2.7.pom (2.2 kB at 11 kB/s)
#15 111.9 [INFO] Downloading from central: https://repo.maven.apache.org/maven2/org/springframework/spring-beans/6.2.7/spring-beans-6.2.7.pom
#15 112.1 [INFO] Downloaded from central: https://repo.maven.apache.org/maven2/org/springframework/spring-beans/6.2.7/spring-beans-6.2.7.pom (2.0 kB at 8.5 kB/s)
#15 112.1 [INFO] Downloading from central: https://repo.maven.apache.org/maven2/org/springframework/spring-expression/6.2.7/spring-expression-6.2.7.pom
#15 112.3 [INFO] Downloaded from central: https://repo.maven.apache.org/maven2/org/springframework/spring-expression/6.2.7/spring-expression-6.2.7.pom (2.1 kB at 10 kB/s)
#15 112.3 [INFO] Downloading from central: https://repo.maven.apache.org/maven2/io/micrometer/micrometer-observation/1.15.0/micrometer-observation-1.15.0.pom
#15 112.5 [INFO] Downloaded from central: https://repo.maven.apache.org/maven2/io/micrometer/micrometer-observation/1.15.0/micrometer-observation-1.15.0.pom (3.8 kB at 19 kB/s)
#15 112.5 [INFO] Downloading from central: https://repo.maven.apache.org/maven2/io/micrometer/micrometer-commons/1.15.0/micrometer-commons-1.15.0.pom
#15 112.7 [INFO] Downloaded from central: https://repo.maven.apache.org/maven2/io/micrometer/micrometer-commons/1.15.0/micrometer-commons-1.15.0.pom (3.4 kB at 15 kB/s)
#15 112.7 [INFO] Downloading from central: https://repo.maven.apache.org/maven2/org/springframework/boot/spring-boot-actuator-autoconfigure/3.5.0/spring-boot-actuator-autoconfigure-3.5.0.pom
#15 112.9 [INFO] Downloaded from central: https://repo.maven.apache.org/maven2/org/springframework/boot/spring-boot-actuator-autoconfigure/3.5.0/spring-boot-actuator-autoconfigure-3.5.0.pom (2.9 kB at 14 kB/s)
#15 112.9 [INFO] Downloading from central: https://repo.maven.apache.org/maven2/org/springframework/boot/spring-boot-autoconfigure/3.5.0/spring-boot-autoconfigure-3.5.0.pom
#15 113.1 [INFO] Downloaded from central: https://repo.maven.apache.org/maven2/org/springframework/boot/spring-boot-autoconfigure/3.5.0/spring-boot-autoconfigure-3.5.0.pom (2.1 kB at 10 kB/s)
#15 113.1 [INFO] Downloading from central: https://repo.maven.apache.org/maven2/com/fasterxml/jackson/core/jackson-databind/2.19.0/jackson-databind-2.19.0.pom
#15 113.3 [INFO] Downloaded from central: https://repo.maven.apache.org/maven2/com/fasterxml/jackson/core/jackson-databind/2.19.0/jackson-databind-2.19.0.pom (23 kB at 111 kB/s)
#15 113.3 [INFO] Downloading from central: https://repo.maven.apache.org/maven2/com/fasterxml/jackson/jackson-base/2.19.0/jackson-base-2.19.0.pom
#15 113.6 [INFO] Downloaded from central: https://repo.maven.apache.org/maven2/com/fasterxml/jackson/jackson-base/2.19.0/jackson-base-2.19.0.pom (13 kB at 60 kB/s)
#15 113.6 [INFO] Downloading from central: https://repo.maven.apache.org/maven2/com/fasterxml/jackson/core/jackson-annotations/2.19.0/jackson-annotations-2.19.0.pom
#15 113.8 [INFO] Downloaded from central: https://repo.maven.apache.org/maven2/com/fasterxml/jackson/core/jackson-annotations/2.19.0/jackson-annotations-2.19.0.pom (7.2 kB at 35 kB/s)
#15 113.8 [INFO] Downloading from central: https://repo.maven.apache.org/maven2/com/fasterxml/jackson/core/jackson-core/2.19.0/jackson-core-2.19.0.pom
#15 114.0 [INFO] Downloaded from central: https://repo.maven.apache.org/maven2/com/fasterxml/jackson/core/jackson-core/2.19.0/jackson-core-2.19.0.pom (9.5 kB at 47 kB/s)
#15 114.0 [INFO] Downloading from central: https://repo.maven.apache.org/maven2/com/fasterxml/jackson/datatype/jackson-datatype-jsr310/2.19.0/jackson-datatype-jsr310-2.19.0.pom
#15 114.2 [INFO] Downloaded from central: https://repo.maven.apache.org/maven2/com/fasterxml/jackson/datatype/jackson-datatype-jsr310/2.19.0/jackson-datatype-jsr310-2.19.0.pom (5.4 kB at 27 kB/s)
#15 114.2 [INFO] Downloading from central: https://repo.maven.apache.org/maven2/com/fasterxml/jackson/module/jackson-modules-java8/2.19.0/jackson-modules-java8-2.19.0.pom
#15 114.4 [INFO] Downloaded from central: https://repo.maven.apache.org/maven2/com/fasterxml/jackson/module/jackson-modules-java8/2.19.0/jackson-modules-java8-2.19.0.pom (3.0 kB at 15 kB/s)
#15 114.4 [INFO] Downloading from central: https://repo.maven.apache.org/maven2/org/springframework/boot/spring-boot-configuration-processor/3.5.0/spring-boot-configuration-processor-3.5.0.pom
#15 114.6 [INFO] Downloaded from central: https://repo.maven.apache.org/maven2/org/springframework/boot/spring-boot-configuration-processor/3.5.0/spring-boot-configuration-processor-3.5.0.pom (1.9 kB at 9.3 kB/s)
#15 114.6 [INFO] Downloading from central: https://repo.maven.apache.org/maven2/org/springframework/boot/spring-boot-starter-webflux/3.5.0/spring-boot-starter-webflux-3.5.0.pom
#15 114.8 [INFO] Downloaded from central: https://repo.maven.apache.org/maven2/org/springframework/boot/spring-boot-starter-webflux/3.5.0/spring-boot-starter-webflux-3.5.0.pom (2.9 kB at 14 kB/s)
#15 114.8 [INFO] Downloading from central: https://repo.maven.apache.org/maven2/org/springframework/boot/spring-boot-starter/3.5.0/spring-boot-starter-3.5.0.pom
#15 115.0 [INFO] Downloaded from central: https://repo.maven.apache.org/maven2/org/springframework/boot/spring-boot-starter/3.5.0/spring-boot-starter-3.5.0.pom (3.0 kB at 14 kB/s)
#15 115.0 [INFO] Downloading from central: https://repo.maven.apache.org/maven2/org/springframework/boot/spring-boot-starter-logging/3.5.0/spring-boot-starter-logging-3.5.0.pom
#15 115.2 [INFO] Downloaded from central: https://repo.maven.apache.org/maven2/org/springframework/boot/spring-boot-starter-logging/3.5.0/spring-boot-starter-logging-3.5.0.pom (2.5 kB at 12 kB/s)
#15 115.2 [INFO] Downloading from central: https://repo.maven.apache.org/maven2/ch/qos/logback/logback-classic/1.5.18/logback-classic-1.5.18.pom
#15 115.4 [INFO] Downloaded from central: https://repo.maven.apache.org/maven2/ch/qos/logback/logback-classic/1.5.18/logback-classic-1.5.18.pom (13 kB at 63 kB/s)
#15 115.4 [INFO] Downloading from central: https://repo.maven.apache.org/maven2/ch/qos/logback/logback-parent/1.5.18/logback-parent-1.5.18.pom
#15 115.6 [INFO] Downloaded from central: https://repo.maven.apache.org/maven2/ch/qos/logback/logback-parent/1.5.18/logback-parent-1.5.18.pom (19 kB at 91 kB/s)
#15 115.6 [INFO] Downloading from central: https://repo.maven.apache.org/maven2/ch/qos/logback/logback-core/1.5.18/logback-core-1.5.18.pom
#15 115.8 [INFO] Downloaded from central: https://repo.maven.apache.org/maven2/ch/qos/logback/logback-core/1.5.18/logback-core-1.5.18.pom (9.1 kB at 45 kB/s)
#15 115.8 [INFO] Downloading from central: https://repo.maven.apache.org/maven2/org/springframework/boot/spring-boot-starter-json/3.5.0/spring-boot-starter-json-3.5.0.pom
#15 116.0 [INFO] Downloaded from central: https://repo.maven.apache.org/maven2/org/springframework/boot/spring-boot-starter-json/3.5.0/spring-boot-starter-json-3.5.0.pom (3.1 kB at 15 kB/s)
#15 116.0 [INFO] Downloading from central: https://repo.maven.apache.org/maven2/org/springframework/spring-web/6.2.7/spring-web-6.2.7.pom
#15 116.2 [INFO] Downloaded from central: https://repo.maven.apache.org/maven2/org/springframework/spring-web/6.2.7/spring-web-6.2.7.pom (2.4 kB at 12 kB/s)
#15 116.2 [INFO] Downloading from central: https://repo.maven.apache.org/maven2/com/fasterxml/jackson/datatype/jackson-datatype-jdk8/2.19.0/jackson-datatype-jdk8-2.19.0.pom
#15 116.4 [INFO] Downloaded from central: https://repo.maven.apache.org/maven2/com/fasterxml/jackson/datatype/jackson-datatype-jdk8/2.19.0/jackson-datatype-jdk8-2.19.0.pom (2.8 kB at 14 kB/s)
#15 116.4 [INFO] Downloading from central: https://repo.maven.apache.org/maven2/com/fasterxml/jackson/module/jackson-module-parameter-names/2.19.0/jackson-module-parameter-names-2.19.0.pom
#15 116.6 [INFO] Downloaded from central: https://repo.maven.apache.org/maven2/com/fasterxml/jackson/module/jackson-module-parameter-names/2.19.0/jackson-module-parameter-names-2.19.0.pom (4.4 kB at 22 kB/s)
#15 116.6 [INFO] Downloading from central: https://repo.maven.apache.org/maven2/org/springframework/boot/spring-boot-starter-reactor-netty/3.5.0/spring-boot-starter-reactor-netty-3.5.0.pom
#15 116.8 [INFO] Downloaded from central: https://repo.maven.apache.org/maven2/org/springframework/boot/spring-boot-starter-reactor-netty/3.5.0/spring-boot-starter-reactor-netty-3.5.0.pom (2.1 kB at 11 kB/s)
#15 116.8 [INFO] Downloading from central: https://repo.maven.apache.org/maven2/io/projectreactor/netty/reactor-netty-http/1.2.6/reactor-netty-http-1.2.6.pom
#15 117.1 [INFO] Downloaded from central: https://repo.maven.apache.org/maven2/io/projectreactor/netty/reactor-netty-http/1.2.6/reactor-netty-http-1.2.6.pom (4.3 kB at 20 kB/s)
#15 117.1 [INFO] Downloading from central: https://repo.maven.apache.org/maven2/io/netty/netty-codec-http/4.1.121.Final/netty-codec-http-4.1.121.Final.pom
#15 117.3 [INFO] Downloaded from central: https://repo.maven.apache.org/maven2/io/netty/netty-codec-http/4.1.121.Final/netty-codec-http-4.1.121.Final.pom (4.4 kB at 21 kB/s)
#15 117.3 [INFO] Downloading from central: https://repo.maven.apache.org/maven2/io/netty/netty-parent/4.1.121.Final/netty-parent-4.1.121.Final.pom
#15 117.5 [INFO] Downloaded from central: https://repo.maven.apache.org/maven2/io/netty/netty-parent/4.1.121.Final/netty-parent-4.1.121.Final.pom (97 kB at 426 kB/s)
#15 117.5 [INFO] Downloading from central: https://repo.maven.apache.org/maven2/io/netty/netty-common/4.1.121.Final/netty-common-4.1.121.Final.pom
#15 117.7 [INFO] Downloaded from central: https://repo.maven.apache.org/maven2/io/netty/netty-common/4.1.121.Final/netty-common-4.1.121.Final.pom (12 kB at 57 kB/s)
#15 117.7 [INFO] Downloading from central: https://repo.maven.apache.org/maven2/io/netty/netty-buffer/4.1.121.Final/netty-buffer-4.1.121.Final.pom
#15 117.9 [INFO] Downloaded from central: https://repo.maven.apache.org/maven2/io/netty/netty-buffer/4.1.121.Final/netty-buffer-4.1.121.Final.pom (1.6 kB at 7.8 kB/s)
#15 117.9 [INFO] Downloading from central: https://repo.maven.apache.org/maven2/io/netty/netty-transport/4.1.121.Final/netty-transport-4.1.121.Final.pom
#15 118.1 [INFO] Downloaded from central: https://repo.maven.apache.org/maven2/io/netty/netty-transport/4.1.121.Final/netty-transport-4.1.121.Final.pom (2.2 kB at 11 kB/s)
#15 118.1 [INFO] Downloading from central: https://repo.maven.apache.org/maven2/io/netty/netty-resolver/4.1.121.Final/netty-resolver-4.1.121.Final.pom
#15 118.3 [INFO] Downloaded from central: https://repo.maven.apache.org/maven2/io/netty/netty-resolver/4.1.121.Final/netty-resolver-4.1.121.Final.pom (1.6 kB at 7.6 kB/s)
#15 118.3 [INFO] Downloading from central: https://repo.maven.apache.org/maven2/io/netty/netty-codec/4.1.121.Final/netty-codec-4.1.121.Final.pom
#15 118.5 [INFO] Downloaded from central: https://repo.maven.apache.org/maven2/io/netty/netty-codec/4.1.121.Final/netty-codec-4.1.121.Final.pom (5.5 kB at 25 kB/s)
#15 118.6 [INFO] Downloading from central: https://repo.maven.apache.org/maven2/io/netty/netty-handler/4.1.121.Final/netty-handler-4.1.121.Final.pom
#15 118.8 [INFO] Downloaded from central: https://repo.maven.apache.org/maven2/io/netty/netty-handler/4.1.121.Final/netty-handler-4.1.121.Final.pom (4.6 kB at 23 kB/s)
#15 118.8 [INFO] Downloading from central: https://repo.maven.apache.org/maven2/io/netty/netty-transport-native-unix-common/4.1.121.Final/netty-transport-native-unix-common-4.1.121.Final.pom
#15 119.0 [INFO] Downloaded from central: https://repo.maven.apache.org/maven2/io/netty/netty-transport-native-unix-common/4.1.121.Final/netty-transport-native-unix-common-4.1.121.Final.pom (33 kB at 160 kB/s)
#15 119.0 [INFO] Downloading from central: https://repo.maven.apache.org/maven2/io/netty/netty-codec-http2/4.1.121.Final/netty-codec-http2-4.1.121.Final.pom
#15 119.2 [INFO] Downloaded from central: https://repo.maven.apache.org/maven2/io/netty/netty-codec-http2/4.1.121.Final/netty-codec-http2-4.1.121.Final.pom (5.2 kB at 25 kB/s)
#15 119.2 [INFO] Downloading from central: https://repo.maven.apache.org/maven2/io/netty/netty-resolver-dns/4.1.121.Final/netty-resolver-dns-4.1.121.Final.pom
#15 119.4 [INFO] Downloaded from central: https://repo.maven.apache.org/maven2/io/netty/netty-resolver-dns/4.1.121.Final/netty-resolver-dns-4.1.121.Final.pom (3.7 kB at 18 kB/s)
#15 119.4 [INFO] Downloading from central: https://repo.maven.apache.org/maven2/io/netty/netty-codec-dns/4.1.121.Final/netty-codec-dns-4.1.121.Final.pom
#15 119.6 [INFO] Downloaded from central: https://repo.maven.apache.org/maven2/io/netty/netty-codec-dns/4.1.121.Final/netty-codec-dns-4.1.121.Final.pom (2.7 kB at 13 kB/s)
#15 119.6 [INFO] Downloading from central: https://repo.maven.apache.org/maven2/io/netty/netty-resolver-dns-native-macos/4.1.121.Final/netty-resolver-dns-native-macos-4.1.121.Final.pom
#15 119.8 [INFO] Downloaded from central: https://repo.maven.apache.org/maven2/io/netty/netty-resolver-dns-native-macos/4.1.121.Final/netty-resolver-dns-native-macos-4.1.121.Final.pom (19 kB at 95 kB/s)
#15 119.8 [INFO] Downloading from central: https://repo.maven.apache.org/maven2/io/netty/netty-resolver-dns-classes-macos/4.1.121.Final/netty-resolver-dns-classes-macos-4.1.121.Final.pom
#15 120.0 [INFO] Downloaded from central: https://repo.maven.apache.org/maven2/io/netty/netty-resolver-dns-classes-macos/4.1.121.Final/netty-resolver-dns-classes-macos-4.1.121.Final.pom (2.0 kB at 9.6 kB/s)
#15 120.0 [INFO] Downloading from central: https://repo.maven.apache.org/maven2/io/netty/netty-transport-native-epoll/4.1.121.Final/netty-transport-native-epoll-4.1.121.Final.pom
#15 120.2 [INFO] Downloaded from central: https://repo.maven.apache.org/maven2/io/netty/netty-transport-native-epoll/4.1.121.Final/netty-transport-native-epoll-4.1.121.Final.pom (30 kB at 147 kB/s)
#15 120.2 [INFO] Downloading from central: https://repo.maven.apache.org/maven2/io/netty/netty-transport-classes-epoll/4.1.121.Final/netty-transport-classes-epoll-4.1.121.Final.pom
#15 120.4 [INFO] Downloaded from central: https://repo.maven.apache.org/maven2/io/netty/netty-transport-classes-epoll/4.1.121.Final/netty-transport-classes-epoll-4.1.121.Final.pom (2.1 kB at 11 kB/s)
#15 120.4 [INFO] Downloading from central: https://repo.maven.apache.org/maven2/io/projectreactor/netty/reactor-netty-core/1.2.6/reactor-netty-core-1.2.6.pom
#15 120.6 [INFO] Downloaded from central: https://repo.maven.apache.org/maven2/io/projectreactor/netty/reactor-netty-core/1.2.6/reactor-netty-core-1.2.6.pom (3.9 kB at 19 kB/s)
#15 120.6 [INFO] Downloading from central: https://repo.maven.apache.org/maven2/io/netty/netty-handler-proxy/4.1.121.Final/netty-handler-proxy-4.1.121.Final.pom
#15 120.8 [INFO] Downloaded from central: https://repo.maven.apache.org/maven2/io/netty/netty-handler-proxy/4.1.121.Final/netty-handler-proxy-4.1.121.Final.pom (3.6 kB at 17 kB/s)
#15 120.8 [INFO] Downloading from central: https://repo.maven.apache.org/maven2/io/netty/netty-codec-socks/4.1.121.Final/netty-codec-socks-4.1.121.Final.pom
#15 121.0 [INFO] Downloaded from central: https://repo.maven.apache.org/maven2/io/netty/netty-codec-socks/4.1.121.Final/netty-codec-socks-4.1.121.Final.pom (2.5 kB at 12 kB/s)
#15 121.0 [INFO] Downloading from central: https://repo.maven.apache.org/maven2/io/projectreactor/reactor-core/3.7.6/reactor-core-3.7.6.pom
#15 121.3 [INFO] Downloaded from central: https://repo.maven.apache.org/maven2/io/projectreactor/reactor-core/3.7.6/reactor-core-3.7.6.pom (2.1 kB at 11 kB/s)
#15 121.3 [INFO] Downloading from central: https://repo.maven.apache.org/maven2/org/reactivestreams/reactive-streams/1.0.4/reactive-streams-1.0.4.pom
#15 121.5 [INFO] Downloaded from central: https://repo.maven.apache.org/maven2/org/reactivestreams/reactive-streams/1.0.4/reactive-streams-1.0.4.pom (1.1 kB at 5.6 kB/s)
#15 121.5 [INFO] Downloading from central: https://repo.maven.apache.org/maven2/org/springframework/spring-webflux/6.2.7/spring-webflux-6.2.7.pom
#15 121.7 [INFO] Downloaded from central: https://repo.maven.apache.org/maven2/org/springframework/spring-webflux/6.2.7/spring-webflux-6.2.7.pom (2.6 kB at 12 kB/s)
#15 121.7 [INFO] Downloading from central: https://repo.maven.apache.org/maven2/org/apache/httpcomponents/client5/httpclient5/5.4.4/httpclient5-5.4.4.pom
#15 121.9 [INFO] Downloaded from central: https://repo.maven.apache.org/maven2/org/apache/httpcomponents/client5/httpclient5/5.4.4/httpclient5-5.4.4.pom (6.1 kB at 29 kB/s)
#15 121.9 [INFO] Downloading from central: https://repo.maven.apache.org/maven2/org/apache/httpcomponents/client5/httpclient5-parent/5.4.4/httpclient5-parent-5.4.4.pom
#15 122.1 [INFO] Downloaded from central: https://repo.maven.apache.org/maven2/org/apache/httpcomponents/client5/httpclient5-parent/5.4.4/httpclient5-parent-5.4.4.pom (16 kB at 81 kB/s)
#15 122.1 [INFO] Downloading from central: https://repo.maven.apache.org/maven2/org/apache/httpcomponents/core5/httpcore5/5.3.4/httpcore5-5.3.4.pom
#15 122.3 [INFO] Downloaded from central: https://repo.maven.apache.org/maven2/org/apache/httpcomponents/core5/httpcore5/5.3.4/httpcore5-5.3.4.pom (3.9 kB at 19 kB/s)
#15 122.3 [INFO] Downloading from central: https://repo.maven.apache.org/maven2/org/apache/httpcomponents/core5/httpcore5-parent/5.3.4/httpcore5-parent-5.3.4.pom
#15 122.5 [INFO] Downloaded from central: https://repo.maven.apache.org/maven2/org/apache/httpcomponents/core5/httpcore5-parent/5.3.4/httpcore5-parent-5.3.4.pom (14 kB at 67 kB/s)
#15 122.5 [INFO] Downloading from central: https://repo.maven.apache.org/maven2/org/apache/httpcomponents/core5/httpcore5-h2/5.3.4/httpcore5-h2-5.3.4.pom
#15 122.7 [INFO] Downloaded from central: https://repo.maven.apache.org/maven2/org/apache/httpcomponents/core5/httpcore5-h2/5.3.4/httpcore5-h2-5.3.4.pom (3.6 kB at 18 kB/s)
#15 122.7 [INFO] Downloading from central: https://repo.maven.apache.org/maven2/io/micrometer/micrometer-core/1.15.0/micrometer-core-1.15.0.pom
#15 122.9 [INFO] Downloaded from central: https://repo.maven.apache.org/maven2/io/micrometer/micrometer-core/1.15.0/micrometer-core-1.15.0.pom (11 kB at 54 kB/s)
#15 122.9 [INFO] Downloading from central: https://repo.maven.apache.org/maven2/org/springframework/cloud/spring-cloud-commons/4.3.0/spring-cloud-commons-4.3.0.pom
#15 123.1 [INFO] Downloaded from central: https://repo.maven.apache.org/maven2/org/springframework/cloud/spring-cloud-commons/4.3.0/spring-cloud-commons-4.3.0.pom (7.2 kB at 35 kB/s)
#15 123.1 [INFO] Downloading from central: https://repo.maven.apache.org/maven2/org/springframework/cloud/spring-cloud-commons-parent/4.3.0/spring-cloud-commons-parent-4.3.0.pom
#15 123.4 [INFO] Downloaded from central: https://repo.maven.apache.org/maven2/org/springframework/cloud/spring-cloud-commons-parent/4.3.0/spring-cloud-commons-parent-4.3.0.pom (4.5 kB at 21 kB/s)
#15 123.4 [INFO] Downloading from central: https://repo.maven.apache.org/maven2/org/springframework/security/spring-security-crypto/6.5.0/spring-security-crypto-6.5.0.pom
#15 123.6 [INFO] Downloaded from central: https://repo.maven.apache.org/maven2/org/springframework/security/spring-security-crypto/6.5.0/spring-security-crypto-6.5.0.pom (1.9 kB at 9.1 kB/s)
#15 123.6 [INFO] Downloading from central: https://repo.maven.apache.org/maven2/org/springframework/cloud/spring-cloud-context/4.3.0/spring-cloud-context-4.3.0.pom
#15 123.8 [INFO] Downloaded from central: https://repo.maven.apache.org/maven2/org/springframework/cloud/spring-cloud-context/4.3.0/spring-cloud-context-4.3.0.pom (5.9 kB at 28 kB/s)
#15 123.8 [INFO] Downloading from central: https://repo.maven.apache.org/maven2/org/springframework/cloud/spring-cloud-config-client/4.3.0/spring-cloud-config-client-4.3.0.pom
#15 124.0 [INFO] Downloaded from central: https://repo.maven.apache.org/maven2/org/springframework/cloud/spring-cloud-config-client/4.3.0/spring-cloud-config-client-4.3.0.pom (6.3 kB at 31 kB/s)
#15 124.0 [INFO] Downloading from central: https://repo.maven.apache.org/maven2/org/springframework/cloud/spring-cloud-config/4.3.0/spring-cloud-config-4.3.0.pom
#15 124.2 [INFO] Downloaded from central: https://repo.maven.apache.org/maven2/org/springframework/cloud/spring-cloud-config/4.3.0/spring-cloud-config-4.3.0.pom (4.5 kB at 22 kB/s)
#15 124.2 [INFO] Downloading from central: https://repo.maven.apache.org/maven2/org/springframework/cloud/spring-cloud-starter/4.3.0/spring-cloud-starter-4.3.0.pom
#15 124.4 [INFO] Downloaded from central: https://repo.maven.apache.org/maven2/org/springframework/cloud/spring-cloud-starter/4.3.0/spring-cloud-starter-4.3.0.pom (4.4 kB at 22 kB/s)
#15 124.4 [INFO] Downloading from central: https://repo.maven.apache.org/maven2/org/bouncycastle/bcprov-jdk18on/1.80/bcprov-jdk18on-1.80.pom
#15 124.6 [INFO] Downloaded from central: https://repo.maven.apache.org/maven2/org/bouncycastle/bcprov-jdk18on/1.80/bcprov-jdk18on-1.80.pom (1.2 kB at 5.6 kB/s)
#15 124.6 [INFO] Downloading from central: https://repo.maven.apache.org/maven2/org/springframework/cloud/spring-cloud-config-server/4.3.0/spring-cloud-config-server-4.3.0.pom
#15 124.8 [INFO] Downloaded from central: https://repo.maven.apache.org/maven2/org/springframework/cloud/spring-cloud-config-server/4.3.0/spring-cloud-config-server-4.3.0.pom (10 kB at 49 kB/s)
#15 124.8 [INFO] Downloading from central: https://repo.maven.apache.org/maven2/org/springframework/boot/spring-boot-starter-web/3.5.0/spring-boot-starter-web-3.5.0.pom
#15 125.0 [INFO] Downloaded from central: https://repo.maven.apache.org/maven2/org/springframework/boot/spring-boot-starter-web/3.5.0/spring-boot-starter-web-3.5.0.pom (2.9 kB at 15 kB/s)
#15 125.0 [INFO] Downloading from central: https://repo.maven.apache.org/maven2/org/springframework/boot/spring-boot-starter-tomcat/3.5.0/spring-boot-starter-tomcat-3.5.0.pom
#15 125.2 [INFO] Downloaded from central: https://repo.maven.apache.org/maven2/org/springframework/boot/spring-boot-starter-tomcat/3.5.0/spring-boot-starter-tomcat-3.5.0.pom (3.1 kB at 15 kB/s)
#15 125.2 [INFO] Downloading from central: https://repo.maven.apache.org/maven2/org/apache/tomcat/embed/tomcat-embed-core/10.1.41/tomcat-embed-core-10.1.41.pom
#15 125.4 [INFO] Downloaded from central: https://repo.maven.apache.org/maven2/org/apache/tomcat/embed/tomcat-embed-core/10.1.41/tomcat-embed-core-10.1.41.pom (1.7 kB at 8.5 kB/s)
#15 125.4 [INFO] Downloading from central: https://repo.maven.apache.org/maven2/org/apache/tomcat/embed/tomcat-embed-el/10.1.41/tomcat-embed-el-10.1.41.pom
#15 125.6 [INFO] Downloaded from central: https://repo.maven.apache.org/maven2/org/apache/tomcat/embed/tomcat-embed-el/10.1.41/tomcat-embed-el-10.1.41.pom (1.5 kB at 7.5 kB/s)
#15 125.6 [INFO] Downloading from central: https://repo.maven.apache.org/maven2/org/apache/tomcat/embed/tomcat-embed-websocket/10.1.41/tomcat-embed-websocket-10.1.41.pom
#15 125.8 [INFO] Downloaded from central: https://repo.maven.apache.org/maven2/org/apache/tomcat/embed/tomcat-embed-websocket/10.1.41/tomcat-embed-websocket-10.1.41.pom (1.7 kB at 8.2 kB/s)
#15 125.8 [INFO] Downloading from central: https://repo.maven.apache.org/maven2/org/springframework/spring-webmvc/6.2.7/spring-webmvc-6.2.7.pom
#15 126.1 [INFO] Downloaded from central: https://repo.maven.apache.org/maven2/org/springframework/spring-webmvc/6.2.7/spring-webmvc-6.2.7.pom (3.0 kB at 14 kB/s)
#15 126.1 [INFO] Downloading from central: https://repo.maven.apache.org/maven2/org/springframework/boot/spring-boot-starter-validation/3.5.0/spring-boot-starter-validation-3.5.0.pom
#15 126.3 [INFO] Downloaded from central: https://repo.maven.apache.org/maven2/org/springframework/boot/spring-boot-starter-validation/3.5.0/spring-boot-starter-validation-3.5.0.pom (2.5 kB at 12 kB/s)
#15 126.3 [INFO] Downloading from central: https://repo.maven.apache.org/maven2/org/hibernate/validator/hibernate-validator/8.0.2.Final/hibernate-validator-8.0.2.Final.pom
#15 126.5 [INFO] Downloaded from central: https://repo.maven.apache.org/maven2/org/hibernate/validator/hibernate-validator/8.0.2.Final/hibernate-validator-8.0.2.Final.pom (15 kB at 71 kB/s)
#15 126.5 [INFO] Downloading from central: https://repo.maven.apache.org/maven2/org/hibernate/validator/hibernate-validator-parent/8.0.2.Final/hibernate-validator-parent-8.0.2.Final.pom
#15 126.7 [INFO] Downloaded from central: https://repo.maven.apache.org/maven2/org/hibernate/validator/hibernate-validator-parent/8.0.2.Final/hibernate-validator-parent-8.0.2.Final.pom (82 kB at 394 kB/s)
#15 126.7 [INFO] Downloading from central: https://repo.maven.apache.org/maven2/org/jboss/arquillian/arquillian-bom/1.7.0.Alpha10/arquillian-bom-1.7.0.Alpha10.pom
#15 126.9 [INFO] Downloaded from central: https://repo.maven.apache.org/maven2/org/jboss/arquillian/arquillian-bom/1.7.0.Alpha10/arquillian-bom-1.7.0.Alpha10.pom (10 kB at 51 kB/s)
#15 126.9 [INFO] Downloading from central: https://repo.maven.apache.org/maven2/org/jboss/shrinkwrap/shrinkwrap-bom/1.2.6/shrinkwrap-bom-1.2.6.pom
#15 127.1 [INFO] Downloaded from central: https://repo.maven.apache.org/maven2/org/jboss/shrinkwrap/shrinkwrap-bom/1.2.6/shrinkwrap-bom-1.2.6.pom (4.0 kB at 20 kB/s)
#15 127.1 [INFO] Downloading from central: https://repo.maven.apache.org/maven2/org/jboss/shrinkwrap/resolver/shrinkwrap-resolver-bom/3.1.4/shrinkwrap-resolver-bom-3.1.4.pom
#15 127.3 [INFO] Downloaded from central: https://repo.maven.apache.org/maven2/org/jboss/shrinkwrap/resolver/shrinkwrap-resolver-bom/3.1.4/shrinkwrap-resolver-bom-3.1.4.pom (7.0 kB at 34 kB/s)
#15 127.3 [INFO] Downloading from central: https://repo.maven.apache.org/maven2/org/apache/maven/maven/3.6.3/maven-3.6.3.pom
#15 127.5 [INFO] Downloaded from central: https://repo.maven.apache.org/maven2/org/apache/maven/maven/3.6.3/maven-3.6.3.pom (26 kB at 125 kB/s)
#15 127.5 [INFO] Downloading from central: https://repo.maven.apache.org/maven2/org/jboss/shrinkwrap/descriptors/shrinkwrap-descriptors-bom/2.0.0/shrinkwrap-descriptors-bom-2.0.0.pom
#15 127.7 [INFO] Downloaded from central: https://repo.maven.apache.org/maven2/org/jboss/shrinkwrap/descriptors/shrinkwrap-descriptors-bom/2.0.0/shrinkwrap-descriptors-bom-2.0.0.pom (5.2 kB at 25 kB/s)
#15 127.7 [INFO] Downloading from central: https://repo.maven.apache.org/maven2/org/jboss/logging/jboss-logging/3.6.1.Final/jboss-logging-3.6.1.Final.pom
#15 127.9 [INFO] Downloaded from central: https://repo.maven.apache.org/maven2/org/jboss/logging/jboss-logging/3.6.1.Final/jboss-logging-3.6.1.Final.pom (18 kB at 89 kB/s)
#15 127.9 [INFO] Downloading from central: https://repo.maven.apache.org/maven2/org/jboss/logging/logging-parent/1.0.3.Final/logging-parent-1.0.3.Final.pom
#15 128.1 [INFO] Downloaded from central: https://repo.maven.apache.org/maven2/org/jboss/logging/logging-parent/1.0.3.Final/logging-parent-1.0.3.Final.pom (5.7 kB at 28 kB/s)
#15 128.1 [INFO] Downloading from central: https://repo.maven.apache.org/maven2/org/jboss/jboss-parent/42/jboss-parent-42.pom
#15 128.3 [INFO] Downloaded from central: https://repo.maven.apache.org/maven2/org/jboss/jboss-parent/42/jboss-parent-42.pom (76 kB at 369 kB/s)
#15 128.3 [INFO] Downloading from central: https://repo.maven.apache.org/maven2/com/fasterxml/classmate/1.7.0/classmate-1.7.0.pom
#15 128.6 [INFO] Downloaded from central: https://repo.maven.apache.org/maven2/com/fasterxml/classmate/1.7.0/classmate-1.7.0.pom (7.0 kB at 34 kB/s)
#15 128.6 [INFO] Downloading from central: https://repo.maven.apache.org/maven2/com/fasterxml/oss-parent/56/oss-parent-56.pom
#15 128.8 [INFO] Downloaded from central: https://repo.maven.apache.org/maven2/com/fasterxml/oss-parent/56/oss-parent-56.pom (24 kB at 116 kB/s)
#15 128.8 [INFO] Downloading from central: https://repo.maven.apache.org/maven2/org/eclipse/jgit/org.eclipse.jgit/6.10.1.202505221210-r/org.eclipse.jgit-6.10.1.202505221210-r.pom
#15 129.0 [INFO] Downloaded from central: https://repo.maven.apache.org/maven2/org/eclipse/jgit/org.eclipse.jgit/6.10.1.202505221210-r/org.eclipse.jgit-6.10.1.202505221210-r.pom (7.7 kB at 36 kB/s)
#15 129.0 [INFO] Downloading from central: https://repo.maven.apache.org/maven2/org/eclipse/jgit/org.eclipse.jgit-parent/6.10.1.202505221210-r/org.eclipse.jgit-parent-6.10.1.202505221210-r.pom
#15 129.2 [INFO] Downloaded from central: https://repo.maven.apache.org/maven2/org/eclipse/jgit/org.eclipse.jgit-parent/6.10.1.202505221210-r/org.eclipse.jgit-parent-6.10.1.202505221210-r.pom (42 kB at 203 kB/s)
#15 129.2 [INFO] Downloading from central: https://repo.maven.apache.org/maven2/commons-codec/commons-codec/1.18.0/commons-codec-1.18.0.pom
#15 129.4 [INFO] Downloaded from central: https://repo.maven.apache.org/maven2/commons-codec/commons-codec/1.18.0/commons-codec-1.18.0.pom (18 kB at 88 kB/s)
#15 129.4 [INFO] Downloading from central: https://repo.maven.apache.org/maven2/org/apache/commons/commons-parent/79/commons-parent-79.pom
#15 129.6 [INFO] Downloaded from central: https://repo.maven.apache.org/maven2/org/apache/commons/commons-parent/79/commons-parent-79.pom (77 kB at 377 kB/s)
#15 129.6 [INFO] Downloading from central: https://repo.maven.apache.org/maven2/org/eclipse/jgit/org.eclipse.jgit.http.apache/6.10.1.202505221210-r/org.eclipse.jgit.http.apache-6.10.1.202505221210-r.pom
#15 129.8 [INFO] Downloaded from central: https://repo.maven.apache.org/maven2/org/eclipse/jgit/org.eclipse.jgit.http.apache/6.10.1.202505221210-r/org.eclipse.jgit.http.apache-6.10.1.202505221210-r.pom (7.1 kB at 36 kB/s)
#15 129.8 [INFO] Downloading from central: https://repo.maven.apache.org/maven2/org/apache/httpcomponents/httpclient/4.5.14/httpclient-4.5.14.pom
#15 130.0 [INFO] Downloaded from central: https://repo.maven.apache.org/maven2/org/apache/httpcomponents/httpclient/4.5.14/httpclient-4.5.14.pom (6.6 kB at 32 kB/s)
#15 130.0 [INFO] Downloading from central: https://repo.maven.apache.org/maven2/org/apache/httpcomponents/httpcomponents-client/4.5.14/httpcomponents-client-4.5.14.pom
#15 130.2 [INFO] Downloaded from central: https://repo.maven.apache.org/maven2/org/apache/httpcomponents/httpcomponents-client/4.5.14/httpcomponents-client-4.5.14.pom (15 kB at 74 kB/s)
#15 130.2 [INFO] Downloading from central: https://repo.maven.apache.org/maven2/org/apache/httpcomponents/httpcore/4.4.16/httpcore-4.4.16.pom
#15 130.6 [INFO] Downloaded from central: https://repo.maven.apache.org/maven2/org/apache/httpcomponents/httpcore/4.4.16/httpcore-4.4.16.pom (5.0 kB at 12 kB/s)
#15 130.6 [INFO] Downloading from central: https://repo.maven.apache.org/maven2/org/apache/httpcomponents/httpcomponents-core/4.4.16/httpcomponents-core-4.4.16.pom
#15 130.8 [INFO] Downloaded from central: https://repo.maven.apache.org/maven2/org/apache/httpcomponents/httpcomponents-core/4.4.16/httpcomponents-core-4.4.16.pom (12 kB at 60 kB/s)
#15 130.8 [INFO] Downloading from central: https://repo.maven.apache.org/maven2/org/eclipse/jgit/org.eclipse.jgit.ssh.apache/6.10.1.202505221210-r/org.eclipse.jgit.ssh.apache-6.10.1.202505221210-r.pom
#15 131.0 [INFO] Downloaded from central: https://repo.maven.apache.org/maven2/org/eclipse/jgit/org.eclipse.jgit.ssh.apache/6.10.1.202505221210-r/org.eclipse.jgit.ssh.apache-6.10.1.202505221210-r.pom (8.1 kB at 39 kB/s)
#15 131.0 [INFO] Downloading from central: https://repo.maven.apache.org/maven2/org/apache/sshd/sshd-osgi/2.14.0/sshd-osgi-2.14.0.pom
#15 131.2 [INFO] Downloaded from central: https://repo.maven.apache.org/maven2/org/apache/sshd/sshd-osgi/2.14.0/sshd-osgi-2.14.0.pom (17 kB at 83 kB/s)
#15 131.2 [INFO] Downloading from central: https://repo.maven.apache.org/maven2/org/slf4j/jcl-over-slf4j/2.0.17/jcl-over-slf4j-2.0.17.pom
#15 131.5 [INFO] Downloaded from central: https://repo.maven.apache.org/maven2/org/slf4j/jcl-over-slf4j/2.0.17/jcl-over-slf4j-2.0.17.pom (1.7 kB at 7.9 kB/s)
#15 131.5 [INFO] Downloading from central: https://repo.maven.apache.org/maven2/org/apache/sshd/sshd-sftp/2.14.0/sshd-sftp-2.14.0.pom
#15 131.7 [INFO] Downloaded from central: https://repo.maven.apache.org/maven2/org/apache/sshd/sshd-sftp/2.14.0/sshd-sftp-2.14.0.pom (28 kB at 136 kB/s)
#15 131.7 [INFO] Downloading from central: https://repo.maven.apache.org/maven2/net/i2p/crypto/eddsa/0.3.0/eddsa-0.3.0.pom
#15 131.9 [INFO] Downloaded from central: https://repo.maven.apache.org/maven2/net/i2p/crypto/eddsa/0.3.0/eddsa-0.3.0.pom (6.8 kB at 33 kB/s)
#15 131.9 [INFO] Downloading from central: https://repo.maven.apache.org/maven2/com/fasterxml/jackson/dataformat/jackson-dataformat-yaml/2.19.0/jackson-dataformat-yaml-2.19.0.pom
#15 132.1 [INFO] Downloaded from central: https://repo.maven.apache.org/maven2/com/fasterxml/jackson/dataformat/jackson-dataformat-yaml/2.19.0/jackson-dataformat-yaml-2.19.0.pom (3.0 kB at 15 kB/s)
#15 132.1 [INFO] Downloading from central: https://repo.maven.apache.org/maven2/com/fasterxml/jackson/dataformat/jackson-dataformats-text/2.19.0/jackson-dataformats-text-2.19.0.pom
#15 132.3 [INFO] Downloaded from central: https://repo.maven.apache.org/maven2/com/fasterxml/jackson/dataformat/jackson-dataformats-text/2.19.0/jackson-dataformats-text-2.19.0.pom (3.4 kB at 17 kB/s)
#15 132.3 [INFO] Downloading from central: https://repo.maven.apache.org/maven2/org/springframework/cloud/spring-cloud-loadbalancer/4.3.0/spring-cloud-loadbalancer-4.3.0.pom
#15 132.5 [INFO] Downloaded from central: https://repo.maven.apache.org/maven2/org/springframework/cloud/spring-cloud-loadbalancer/4.3.0/spring-cloud-loadbalancer-4.3.0.pom (6.9 kB at 35 kB/s)
#15 132.5 [INFO] Downloading from central: https://repo.maven.apache.org/maven2/io/projectreactor/addons/reactor-extra/3.5.2/reactor-extra-3.5.2.pom
#15 132.7 [INFO] Downloaded from central: https://repo.maven.apache.org/maven2/io/projectreactor/addons/reactor-extra/3.5.2/reactor-extra-3.5.2.pom (2.0 kB at 9.9 kB/s)
#15 132.7 [INFO] Downloading from central: https://repo.maven.apache.org/maven2/org/springframework/boot/spring-boot-actuator/3.5.0/spring-boot-actuator-3.5.0.jar
#15 132.9 [INFO] Downloaded from central: https://repo.maven.apache.org/maven2/org/springframework/boot/spring-boot-actuator/3.5.0/spring-boot-actuator-3.5.0.jar (703 kB at 3.1 MB/s)
#15 132.9 [INFO] Downloading from central: https://repo.maven.apache.org/maven2/org/springframework/boot/spring-boot/3.5.0/spring-boot-3.5.0.jar
#15 132.9 [INFO] Downloading from central: https://repo.maven.apache.org/maven2/org/springframework/spring-core/6.2.7/spring-core-6.2.7.jar
#15 132.9 [INFO] Downloading from central: https://repo.maven.apache.org/maven2/org/springframework/spring-jcl/6.2.7/spring-jcl-6.2.7.jar
#15 132.9 [INFO] Downloading from central: https://repo.maven.apache.org/maven2/org/springframework/spring-context/6.2.7/spring-context-6.2.7.jar
#15 132.9 [INFO] Downloading from central: https://repo.maven.apache.org/maven2/org/springframework/spring-aop/6.2.7/spring-aop-6.2.7.jar
#15 133.1 [INFO] Downloaded from central: https://repo.maven.apache.org/maven2/org/springframework/spring-context/6.2.7/spring-context-6.2.7.jar (1.4 MB at 6.6 MB/s)
#15 133.1 [INFO] Downloading from central: https://repo.maven.apache.org/maven2/org/springframework/spring-expression/6.2.7/spring-expression-6.2.7.jar
#15 133.1 [INFO] Downloaded from central: https://repo.maven.apache.org/maven2/org/springframework/spring-aop/6.2.7/spring-aop-6.2.7.jar (420 kB at 2.0 MB/s)
#15 133.1 [INFO] Downloading from central: https://repo.maven.apache.org/maven2/org/springframework/boot/spring-boot-actuator-autoconfigure/3.5.0/spring-boot-actuator-autoconfigure-3.5.0.jar
#15 133.2 [INFO] Downloaded from central: https://repo.maven.apache.org/maven2/org/springframework/spring-jcl/6.2.7/spring-jcl-6.2.7.jar (25 kB at 111 kB/s)
#15 133.2 [INFO] Downloading from central: https://repo.maven.apache.org/maven2/org/springframework/boot/spring-boot-autoconfigure/3.5.0/spring-boot-autoconfigure-3.5.0.jar
#15 133.2 [INFO] Downloaded from central: https://repo.maven.apache.org/maven2/org/springframework/spring-core/6.2.7/spring-core-6.2.7.jar (2.0 MB at 8.7 MB/s)
#15 133.2 [INFO] Downloading from central: https://repo.maven.apache.org/maven2/com/fasterxml/jackson/core/jackson-databind/2.19.0/jackson-databind-2.19.0.jar
#15 133.2 [INFO] Downloaded from central: https://repo.maven.apache.org/maven2/org/springframework/boot/spring-boot/3.5.0/spring-boot-3.5.0.jar (1.9 MB at 6.8 MB/s)
#15 133.2 [INFO] Downloading from central: https://repo.maven.apache.org/maven2/com/fasterxml/jackson/datatype/jackson-datatype-jsr310/2.19.0/jackson-datatype-jsr310-2.19.0.jar
#15 133.3 [INFO] Downloaded from central: https://repo.maven.apache.org/maven2/org/springframework/spring-expression/6.2.7/spring-expression-6.2.7.jar (318 kB at 781 kB/s)
#15 133.3 [INFO] Downloading from central: https://repo.maven.apache.org/maven2/org/springframework/boot/spring-boot-configuration-processor/3.5.0/spring-boot-configuration-processor-3.5.0.jar
#15 133.3 [INFO] Downloaded from central: https://repo.maven.apache.org/maven2/org/springframework/boot/spring-boot-actuator-autoconfigure/3.5.0/spring-boot-actuator-autoconfigure-3.5.0.jar (834 kB at 2.0 MB/s)
#15 133.3 [INFO] Downloading from central: https://repo.maven.apache.org/maven2/org/springframework/boot/spring-boot-starter-webflux/3.5.0/spring-boot-starter-webflux-3.5.0.jar
#15 133.4 [INFO] Downloaded from central: https://repo.maven.apache.org/maven2/com/fasterxml/jackson/core/jackson-databind/2.19.0/jackson-databind-2.19.0.jar (1.7 MB at 3.8 MB/s)
#15 133.4 [INFO] Downloading from central: https://repo.maven.apache.org/maven2/org/springframework/boot/spring-boot-starter/3.5.0/spring-boot-starter-3.5.0.jar
#15 133.4 [INFO] Downloaded from central: https://repo.maven.apache.org/maven2/com/fasterxml/jackson/datatype/jackson-datatype-jsr310/2.19.0/jackson-datatype-jsr310-2.19.0.jar (137 kB at 285 kB/s)
#15 133.4 [INFO] Downloading from central: https://repo.maven.apache.org/maven2/org/springframework/boot/spring-boot-starter-logging/3.5.0/spring-boot-starter-logging-3.5.0.jar
#15 133.4 [INFO] Downloaded from central: https://repo.maven.apache.org/maven2/org/springframework/boot/spring-boot-autoconfigure/3.5.0/spring-boot-autoconfigure-3.5.0.jar (2.1 MB at 4.3 MB/s)
#15 133.4 [INFO] Downloading from central: https://repo.maven.apache.org/maven2/ch/qos/logback/logback-classic/1.5.18/logback-classic-1.5.18.jar
#15 133.5 [INFO] Downloaded from central: https://repo.maven.apache.org/maven2/org/springframework/boot/spring-boot-configuration-processor/3.5.0/spring-boot-configuration-processor-3.5.0.jar (135 kB at 232 kB/s)
#15 133.5 [INFO] Downloading from central: https://repo.maven.apache.org/maven2/ch/qos/logback/logback-core/1.5.18/logback-core-1.5.18.jar
#15 133.5 [INFO] Downloaded from central: https://repo.maven.apache.org/maven2/org/springframework/boot/spring-boot-starter-webflux/3.5.0/spring-boot-starter-webflux-3.5.0.jar (4.8 kB at 8.0 kB/s)
#15 133.5 [INFO] Downloading from central: https://repo.maven.apache.org/maven2/org/springframework/boot/spring-boot-starter-json/3.5.0/spring-boot-starter-json-3.5.0.jar
#15 133.6 [INFO] Downloaded from central: https://repo.maven.apache.org/maven2/org/springframework/boot/spring-boot-starter/3.5.0/spring-boot-starter-3.5.0.jar (4.8 kB at 7.6 kB/s)
#15 133.6 [INFO] Downloading from central: https://repo.maven.apache.org/maven2/com/fasterxml/jackson/datatype/jackson-datatype-jdk8/2.19.0/jackson-datatype-jdk8-2.19.0.jar
#15 133.6 [INFO] Downloaded from central: https://repo.maven.apache.org/maven2/org/springframework/boot/spring-boot-starter-logging/3.5.0/spring-boot-starter-logging-3.5.0.jar (4.8 kB at 7.0 kB/s)
#15 133.6 [INFO] Downloading from central: https://repo.maven.apache.org/maven2/com/fasterxml/jackson/module/jackson-module-parameter-names/2.19.0/jackson-module-parameter-names-2.19.0.jar
#15 133.6 [INFO] Downloaded from central: https://repo.maven.apache.org/maven2/ch/qos/logback/logback-classic/1.5.18/logback-classic-1.5.18.jar (307 kB at 433 kB/s)
#15 133.6 [INFO] Downloading from central: https://repo.maven.apache.org/maven2/org/springframework/boot/spring-boot-starter-reactor-netty/3.5.0/spring-boot-starter-reactor-netty-3.5.0.jar
#15 133.7 [INFO] Downloaded from central: https://repo.maven.apache.org/maven2/ch/qos/logback/logback-core/1.5.18/logback-core-1.5.18.jar (627 kB at 807 kB/s)
#15 133.7 [INFO] Downloading from central: https://repo.maven.apache.org/maven2/io/projectreactor/netty/reactor-netty-http/1.2.6/reactor-netty-http-1.2.6.jar
#15 133.7 [INFO] Downloaded from central: https://repo.maven.apache.org/maven2/org/springframework/boot/spring-boot-starter-json/3.5.0/spring-boot-starter-json-3.5.0.jar (4.7 kB at 6.0 kB/s)
#15 133.7 [INFO] Downloading from central: https://repo.maven.apache.org/maven2/io/netty/netty-codec-http/4.1.121.Final/netty-codec-http-4.1.121.Final.jar
#15 133.8 [INFO] Downloaded from central: https://repo.maven.apache.org/maven2/com/fasterxml/jackson/datatype/jackson-datatype-jdk8/2.19.0/jackson-datatype-jdk8-2.19.0.jar (36 kB at 42 kB/s)
#15 133.8 [INFO] Downloading from central: https://repo.maven.apache.org/maven2/io/netty/netty-common/4.1.121.Final/netty-common-4.1.121.Final.jar
#15 133.8 [INFO] Downloaded from central: https://repo.maven.apache.org/maven2/com/fasterxml/jackson/module/jackson-module-parameter-names/2.19.0/jackson-module-parameter-names-2.19.0.jar (10 kB at 12 kB/s)
#15 133.8 [INFO] Downloading from central: https://repo.maven.apache.org/maven2/io/netty/netty-buffer/4.1.121.Final/netty-buffer-4.1.121.Final.jar
#15 133.9 [INFO] Downloaded from central: https://repo.maven.apache.org/maven2/org/springframework/boot/spring-boot-starter-reactor-netty/3.5.0/spring-boot-starter-reactor-netty-3.5.0.jar (4.8 kB at 5.1 kB/s)
#15 133.9 [INFO] Downloading from central: https://repo.maven.apache.org/maven2/io/netty/netty-transport/4.1.121.Final/netty-transport-4.1.121.Final.jar
#15 133.9 [INFO] Downloaded from central: https://repo.maven.apache.org/maven2/io/projectreactor/netty/reactor-netty-http/1.2.6/reactor-netty-http-1.2.6.jar (598 kB at 618 kB/s)
#15 133.9 [INFO] Downloading from central: https://repo.maven.apache.org/maven2/io/netty/netty-codec/4.1.121.Final/netty-codec-4.1.121.Final.jar
#15 133.9 [INFO] Downloaded from central: https://repo.maven.apache.org/maven2/io/netty/netty-codec-http/4.1.121.Final/netty-codec-http-4.1.121.Final.jar (676 kB at 674 kB/s)
#15 133.9 [INFO] Downloading from central: https://repo.maven.apache.org/maven2/io/netty/netty-handler/4.1.121.Final/netty-handler-4.1.121.Final.jar
#15 134.0 [INFO] Downloaded from central: https://repo.maven.apache.org/maven2/io/netty/netty-common/4.1.121.Final/netty-common-4.1.121.Final.jar (721 kB at 677 kB/s)
#15 134.0 [INFO] Downloading from central: https://repo.maven.apache.org/maven2/io/netty/netty-codec-http2/4.1.121.Final/netty-codec-http2-4.1.121.Final.jar
#15 134.0 [INFO] Downloaded from central: https://repo.maven.apache.org/maven2/io/netty/netty-buffer/4.1.121.Final/netty-buffer-4.1.121.Final.jar (339 kB at 308 kB/s)
#15 134.0 [INFO] Downloading from central: https://repo.maven.apache.org/maven2/io/netty/netty-resolver-dns/4.1.121.Final/netty-resolver-dns-4.1.121.Final.jar
#15 134.1 [INFO] Downloaded from central: https://repo.maven.apache.org/maven2/io/netty/netty-codec/4.1.121.Final/netty-codec-4.1.121.Final.jar (355 kB at 309 kB/s)
#15 134.1 [INFO] Downloading from central: https://repo.maven.apache.org/maven2/io/netty/netty-resolver/4.1.121.Final/netty-resolver-4.1.121.Final.jar
#15 134.1 [INFO] Downloaded from central: https://repo.maven.apache.org/maven2/io/netty/netty-transport/4.1.121.Final/netty-transport-4.1.121.Final.jar (521 kB at 451 kB/s)
#15 134.1 [INFO] Downloading from central: https://repo.maven.apache.org/maven2/io/netty/netty-codec-dns/4.1.121.Final/netty-codec-dns-4.1.121.Final.jar
#15 134.1 [INFO] Downloaded from central: https://repo.maven.apache.org/maven2/io/netty/netty-handler/4.1.121.Final/netty-handler-4.1.121.Final.jar (581 kB at 480 kB/s)
#15 134.1 [INFO] Downloading from central: https://repo.maven.apache.org/maven2/io/netty/netty-resolver-dns-native-macos/4.1.121.Final/netty-resolver-dns-native-macos-4.1.121.Final-osx-x86_64.jar
#15 134.2 [INFO] Downloaded from central: https://repo.maven.apache.org/maven2/io/netty/netty-codec-http2/4.1.121.Final/netty-codec-http2-4.1.121.Final.jar (496 kB at 392 kB/s)
#15 134.2 [INFO] Downloading from central: https://repo.maven.apache.org/maven2/io/netty/netty-resolver-dns-classes-macos/4.1.121.Final/netty-resolver-dns-classes-macos-4.1.121.Final.jar
#15 134.2 [INFO] Downloaded from central: https://repo.maven.apache.org/maven2/io/netty/netty-resolver-dns/4.1.121.Final/netty-resolver-dns-4.1.121.Final.jar (188 kB at 144 kB/s)
#15 134.2 [INFO] Downloading from central: https://repo.maven.apache.org/maven2/io/netty/netty-transport-native-epoll/4.1.121.Final/netty-transport-native-epoll-4.1.121.Final-linux-x86_64.jar
#15 134.3 [INFO] Downloaded from central: https://repo.maven.apache.org/maven2/io/netty/netty-resolver/4.1.121.Final/netty-resolver-4.1.121.Final.jar (38 kB at 28 kB/s)
#15 134.3 [INFO] Downloading from central: https://repo.maven.apache.org/maven2/io/netty/netty-transport-native-unix-common/4.1.121.Final/netty-transport-native-unix-common-4.1.121.Final.jar
#15 134.3 [INFO] Downloaded from central: https://repo.maven.apache.org/maven2/io/netty/netty-codec-dns/4.1.121.Final/netty-codec-dns-4.1.121.Final.jar (67 kB at 49 kB/s)
#15 134.3 [INFO] Downloading from central: https://repo.maven.apache.org/maven2/io/netty/netty-transport-classes-epoll/4.1.121.Final/netty-transport-classes-epoll-4.1.121.Final.jar
#15 134.3 [INFO] Downloaded from central: https://repo.maven.apache.org/maven2/io/netty/netty-resolver-dns-native-macos/4.1.121.Final/netty-resolver-dns-native-macos-4.1.121.Final-osx-x86_64.jar (20 kB at 14 kB/s)
#15 134.3 [INFO] Downloading from central: https://repo.maven.apache.org/maven2/io/projectreactor/netty/reactor-netty-core/1.2.6/reactor-netty-core-1.2.6.jar
#15 134.4 [INFO] Downloaded from central: https://repo.maven.apache.org/maven2/io/netty/netty-resolver-dns-classes-macos/4.1.121.Final/netty-resolver-dns-classes-macos-4.1.121.Final.jar (9.1 kB at 6.3 kB/s)
#15 134.4 [INFO] Downloading from central: https://repo.maven.apache.org/maven2/io/netty/netty-handler-proxy/4.1.121.Final/netty-handler-proxy-4.1.121.Final.jar
#15 134.4 [INFO] Downloaded from central: https://repo.maven.apache.org/maven2/io/netty/netty-transport-native-epoll/4.1.121.Final/netty-transport-native-epoll-4.1.121.Final-linux-x86_64.jar (41 kB at 27 kB/s)
#15 134.4 [INFO] Downloading from central: https://repo.maven.apache.org/maven2/io/netty/netty-codec-socks/4.1.121.Final/netty-codec-socks-4.1.121.Final.jar
#15 134.4 [INFO] Downloaded from central: https://repo.maven.apache.org/maven2/io/netty/netty-transport-native-unix-common/4.1.121.Final/netty-transport-native-unix-common-4.1.121.Final.jar (44 kB at 29 kB/s)
#15 134.4 [INFO] Downloading from central: https://repo.maven.apache.org/maven2/org/springframework/spring-web/6.2.7/spring-web-6.2.7.jar
#15 134.5 [INFO] Downloaded from central: https://repo.maven.apache.org/maven2/io/netty/netty-transport-classes-epoll/4.1.121.Final/netty-transport-classes-epoll-4.1.121.Final.jar (148 kB at 92 kB/s)
#15 134.5 [INFO] Downloading from central: https://repo.maven.apache.org/maven2/org/springframework/spring-beans/6.2.7/spring-beans-6.2.7.jar
#15 134.5 [INFO] Downloaded from central: https://repo.maven.apache.org/maven2/io/projectreactor/netty/reactor-netty-core/1.2.6/reactor-netty-core-1.2.6.jar (532 kB at 329 kB/s)
#15 134.5 [INFO] Downloading from central: https://repo.maven.apache.org/maven2/org/springframework/spring-webflux/6.2.7/spring-webflux-6.2.7.jar
#15 134.6 [INFO] Downloaded from central: https://repo.maven.apache.org/maven2/io/netty/netty-handler-proxy/4.1.121.Final/netty-handler-proxy-4.1.121.Final.jar (26 kB at 16 kB/s)
#15 134.6 [INFO] Downloading from central: https://repo.maven.apache.org/maven2/com/fasterxml/jackson/core/jackson-core/2.19.0/jackson-core-2.19.0.jar
#15 134.6 [INFO] Downloaded from central: https://repo.maven.apache.org/maven2/io/netty/netty-codec-socks/4.1.121.Final/netty-codec-socks-4.1.121.Final.jar (121 kB at 71 kB/s)
#15 134.6 [INFO] Downloading from central: https://repo.maven.apache.org/maven2/org/apache/httpcomponents/client5/httpclient5/5.4.4/httpclient5-5.4.4.jar
#15 134.7 [INFO] Downloaded from central: https://repo.maven.apache.org/maven2/org/springframework/spring-web/6.2.7/spring-web-6.2.7.jar (2.1 MB at 1.2 MB/s)
#15 134.7 [INFO] Downloading from central: https://repo.maven.apache.org/maven2/org/apache/httpcomponents/core5/httpcore5-h2/5.3.4/httpcore5-h2-5.3.4.jar
#15 134.8 [INFO] Downloaded from central: https://repo.maven.apache.org/maven2/com/fasterxml/jackson/core/jackson-core/2.19.0/jackson-core-2.19.0.jar (600 kB at 327 kB/s)
#15 134.8 [INFO] Downloading from central: https://repo.maven.apache.org/maven2/org/apache/httpcomponents/core5/httpcore5/5.3.4/httpcore5-5.3.4.jar
#15 134.8 [INFO] Downloaded from central: https://repo.maven.apache.org/maven2/org/springframework/spring-beans/6.2.7/spring-beans-6.2.7.jar (886 kB at 483 kB/s)
#15 134.8 [INFO] Downloading from central: https://repo.maven.apache.org/maven2/io/micrometer/micrometer-core/1.15.0/micrometer-core-1.15.0.jar
#15 134.8 [INFO] Downloaded from central: https://repo.maven.apache.org/maven2/org/springframework/spring-webflux/6.2.7/spring-webflux-6.2.7.jar (1.0 MB at 550 kB/s)
#15 134.8 [INFO] Downloading from central: https://repo.maven.apache.org/maven2/io/micrometer/micrometer-commons/1.15.0/micrometer-commons-1.15.0.jar
#15 134.9 [INFO] Downloaded from central: https://repo.maven.apache.org/maven2/org/apache/httpcomponents/core5/httpcore5-h2/5.3.4/httpcore5-h2-5.3.4.jar (242 kB at 126 kB/s)
#15 134.9 [INFO] Downloading from central: https://repo.maven.apache.org/maven2/org/springframework/cloud/spring-cloud-commons/4.3.0/spring-cloud-commons-4.3.0.jar
#15 134.9 [INFO] Downloaded from central: https://repo.maven.apache.org/maven2/org/apache/httpcomponents/client5/httpclient5/5.4.4/httpclient5-5.4.4.jar (912 kB at 467 kB/s)
#15 134.9 [INFO] Downloading from central: https://repo.maven.apache.org/maven2/org/springframework/security/spring-security-crypto/6.5.0/spring-security-crypto-6.5.0.jar
#15 135.0 [INFO] Downloaded from central: https://repo.maven.apache.org/maven2/org/apache/httpcomponents/core5/httpcore5/5.3.4/httpcore5-5.3.4.jar (909 kB at 446 kB/s)
#15 135.0 [INFO] Downloading from central: https://repo.maven.apache.org/maven2/org/springframework/cloud/spring-cloud-context/4.3.0/spring-cloud-context-4.3.0.jar
#15 135.0 [INFO] Downloaded from central: https://repo.maven.apache.org/maven2/io/micrometer/micrometer-commons/1.15.0/micrometer-commons-1.15.0.jar (49 kB at 24 kB/s)
#15 135.0 [INFO] Downloading from central: https://repo.maven.apache.org/maven2/org/springframework/cloud/spring-cloud-config-client/4.3.0/spring-cloud-config-client-4.3.0.jar
#15 135.0 [INFO] Downloaded from central: https://repo.maven.apache.org/maven2/io/micrometer/micrometer-core/1.15.0/micrometer-core-1.15.0.jar (864 kB at 417 kB/s)
#15 135.0 [INFO] Downloading from central: https://repo.maven.apache.org/maven2/org/springframework/cloud/spring-cloud-starter/4.3.0/spring-cloud-starter-4.3.0.jar
#15 135.0 [INFO] Downloaded from central: https://repo.maven.apache.org/maven2/org/springframework/cloud/spring-cloud-commons/4.3.0/spring-cloud-commons-4.3.0.jar (268 kB at 127 kB/s)
#15 135.0 [INFO] Downloading from central: https://repo.maven.apache.org/maven2/org/bouncycastle/bcprov-jdk18on/1.80/bcprov-jdk18on-1.80.jar
#15 135.1 [INFO] Downloaded from central: https://repo.maven.apache.org/maven2/org/springframework/security/spring-security-crypto/6.5.0/spring-security-crypto-6.5.0.jar (101 kB at 47 kB/s)
#15 135.1 [INFO] Downloading from central: https://repo.maven.apache.org/maven2/com/fasterxml/jackson/core/jackson-annotations/2.19.0/jackson-annotations-2.19.0.jar
#15 135.2 [INFO] Downloaded from central: https://repo.maven.apache.org/maven2/org/springframework/cloud/spring-cloud-config-client/4.3.0/spring-cloud-config-client-4.3.0.jar (89 kB at 40 kB/s)
#15 135.2 [INFO] Downloading from central: https://repo.maven.apache.org/maven2/org/springframework/cloud/spring-cloud-config-server/4.3.0/spring-cloud-config-server-4.3.0.jar
#15 135.2 [INFO] Downloaded from central: https://repo.maven.apache.org/maven2/org/springframework/cloud/spring-cloud-context/4.3.0/spring-cloud-context-4.3.0.jar (189 kB at 85 kB/s)
#15 135.2 [INFO] Downloading from central: https://repo.maven.apache.org/maven2/io/micrometer/micrometer-observation/1.15.0/micrometer-observation-1.15.0.jar
#15 135.2 [INFO] Downloaded from central: https://repo.maven.apache.org/maven2/org/springframework/cloud/spring-cloud-starter/4.3.0/spring-cloud-starter-4.3.0.jar (2.5 kB at 1.1 kB/s)
#15 135.2 [INFO] Downloading from central: https://repo.maven.apache.org/maven2/org/springframework/boot/spring-boot-starter-web/3.5.0/spring-boot-starter-web-3.5.0.jar
#15 135.3 [INFO] Downloaded from central: https://repo.maven.apache.org/maven2/com/fasterxml/jackson/core/jackson-annotations/2.19.0/jackson-annotations-2.19.0.jar (79 kB at 33 kB/s)
#15 135.3 [INFO] Downloading from central: https://repo.maven.apache.org/maven2/org/springframework/boot/spring-boot-starter-tomcat/3.5.0/spring-boot-starter-tomcat-3.5.0.jar
#15 135.4 [INFO] Downloaded from central: https://repo.maven.apache.org/maven2/org/springframework/cloud/spring-cloud-config-server/4.3.0/spring-cloud-config-server-4.3.0.jar (444 kB at 183 kB/s)
#15 135.4 [INFO] Downloading from central: https://repo.maven.apache.org/maven2/org/apache/tomcat/embed/tomcat-embed-core/10.1.41/tomcat-embed-core-10.1.41.jar
#15 135.4 [INFO] Downloaded from central: https://repo.maven.apache.org/maven2/io/micrometer/micrometer-observation/1.15.0/micrometer-observation-1.15.0.jar (75 kB at 31 kB/s)
#15 135.4 [INFO] Downloading from central: https://repo.maven.apache.org/maven2/org/apache/tomcat/embed/tomcat-embed-websocket/10.1.41/tomcat-embed-websocket-10.1.41.jar
#15 135.4 [INFO] Downloaded from central: https://repo.maven.apache.org/maven2/org/springframework/boot/spring-boot-starter-web/3.5.0/spring-boot-starter-web-3.5.0.jar (4.8 kB at 1.9 kB/s)
#15 135.4 [INFO] Downloading from central: https://repo.maven.apache.org/maven2/org/springframework/spring-webmvc/6.2.7/spring-webmvc-6.2.7.jar
#15 135.5 [INFO] Downloaded from central: https://repo.maven.apache.org/maven2/org/springframework/boot/spring-boot-starter-tomcat/3.5.0/spring-boot-starter-tomcat-3.5.0.jar (4.8 kB at 1.9 kB/s)
#15 135.5 [INFO] Downloading from central: https://repo.maven.apache.org/maven2/org/springframework/boot/spring-boot-starter-validation/3.5.0/spring-boot-starter-validation-3.5.0.jar
#15 135.6 [INFO] Downloaded from central: https://repo.maven.apache.org/maven2/org/apache/tomcat/embed/tomcat-embed-websocket/10.1.41/tomcat-embed-websocket-10.1.41.jar (282 kB at 107 kB/s)
#15 135.6 [INFO] Downloading from central: https://repo.maven.apache.org/maven2/org/apache/tomcat/embed/tomcat-embed-el/10.1.41/tomcat-embed-el-10.1.41.jar
#15 135.6 [INFO] Downloaded from central: https://repo.maven.apache.org/maven2/org/bouncycastle/bcprov-jdk18on/1.80/bcprov-jdk18on-1.80.jar (8.7 MB at 3.3 MB/s)
#15 135.6 [INFO] Downloading from central: https://repo.maven.apache.org/maven2/org/hibernate/validator/hibernate-validator/8.0.2.Final/hibernate-validator-8.0.2.Final.jar
#15 135.7 [INFO] Downloaded from central: https://repo.maven.apache.org/maven2/org/springframework/spring-webmvc/6.2.7/spring-webmvc-6.2.7.jar (1.1 MB at 396 kB/s)
#15 135.7 [INFO] Downloading from central: https://repo.maven.apache.org/maven2/org/jboss/logging/jboss-logging/3.6.1.Final/jboss-logging-3.6.1.Final.jar
#15 135.7 [INFO] Downloaded from central: https://repo.maven.apache.org/maven2/org/springframework/boot/spring-boot-starter-validation/3.5.0/spring-boot-starter-validation-3.5.0.jar (4.8 kB at 1.7 kB/s)
#15 135.7 [INFO] Downloading from central: https://repo.maven.apache.org/maven2/com/fasterxml/classmate/1.7.0/classmate-1.7.0.jar
#15 135.7 [INFO] Downloaded from central: https://repo.maven.apache.org/maven2/org/apache/tomcat/embed/tomcat-embed-core/10.1.41/tomcat-embed-core-10.1.41.jar (3.6 MB at 1.3 MB/s)
#15 135.7 [INFO] Downloading from central: https://repo.maven.apache.org/maven2/org/eclipse/jgit/org.eclipse.jgit/6.10.1.202505221210-r/org.eclipse.jgit-6.10.1.202505221210-r.jar
#15 135.8 [INFO] Downloaded from central: https://repo.maven.apache.org/maven2/org/apache/tomcat/embed/tomcat-embed-el/10.1.41/tomcat-embed-el-10.1.41.jar (266 kB at 94 kB/s)
#15 135.8 [INFO] Downloading from central: https://repo.maven.apache.org/maven2/commons-codec/commons-codec/1.18.0/commons-codec-1.18.0.jar
#15 135.8 [INFO] Downloaded from central: https://repo.maven.apache.org/maven2/org/hibernate/validator/hibernate-validator/8.0.2.Final/hibernate-validator-8.0.2.Final.jar (1.3 MB at 461 kB/s)
#15 135.8 [INFO] Downloading from central: https://repo.maven.apache.org/maven2/org/eclipse/jgit/org.eclipse.jgit.http.apache/6.10.1.202505221210-r/org.eclipse.jgit.http.apache-6.10.1.202505221210-r.jar
#15 135.9 [INFO] Downloaded from central: https://repo.maven.apache.org/maven2/com/fasterxml/classmate/1.7.0/classmate-1.7.0.jar (69 kB at 23 kB/s)
#15 135.9 [INFO] Downloading from central: https://repo.maven.apache.org/maven2/org/apache/httpcomponents/httpclient/4.5.14/httpclient-4.5.14.jar
#15 135.9 [INFO] Downloaded from central: https://repo.maven.apache.org/maven2/org/jboss/logging/jboss-logging/3.6.1.Final/jboss-logging-3.6.1.Final.jar (62 kB at 21 kB/s)
#15 135.9 [INFO] Downloading from central: https://repo.maven.apache.org/maven2/org/apache/httpcomponents/httpcore/4.4.16/httpcore-4.4.16.jar
#15 136.0 [INFO] Downloaded from central: https://repo.maven.apache.org/maven2/commons-codec/commons-codec/1.18.0/commons-codec-1.18.0.jar (373 kB at 122 kB/s)
#15 136.0 [INFO] Downloading from central: https://repo.maven.apache.org/maven2/org/eclipse/jgit/org.eclipse.jgit.ssh.apache/6.10.1.202505221210-r/org.eclipse.jgit.ssh.apache-6.10.1.202505221210-r.jar
#15 136.0 [INFO] Downloaded from central: https://repo.maven.apache.org/maven2/org/eclipse/jgit/org.eclipse.jgit.http.apache/6.10.1.202505221210-r/org.eclipse.jgit.http.apache-6.10.1.202505221210-r.jar (30 kB at 9.7 kB/s)
#15 136.0 [INFO] Downloading from central: https://repo.maven.apache.org/maven2/org/apache/sshd/sshd-osgi/2.14.0/sshd-osgi-2.14.0.jar
#15 136.1 [INFO] Downloaded from central: https://repo.maven.apache.org/maven2/org/eclipse/jgit/org.eclipse.jgit/6.10.1.202505221210-r/org.eclipse.jgit-6.10.1.202505221210-r.jar (3.2 MB at 1.0 MB/s)
#15 136.1 [INFO] Downloading from central: https://repo.maven.apache.org/maven2/org/slf4j/jcl-over-slf4j/2.0.17/jcl-over-slf4j-2.0.17.jar
#15 136.1 [INFO] Downloaded from central: https://repo.maven.apache.org/maven2/org/apache/httpcomponents/httpclient/4.5.14/httpclient-4.5.14.jar (786 kB at 245 kB/s)
#15 136.1 [INFO] Downloading from central: https://repo.maven.apache.org/maven2/org/apache/sshd/sshd-sftp/2.14.0/sshd-sftp-2.14.0.jar
#15 136.2 [INFO] Downloaded from central: https://repo.maven.apache.org/maven2/org/apache/httpcomponents/httpcore/4.4.16/httpcore-4.4.16.jar (328 kB at 101 kB/s)
#15 136.2 [INFO] Downloading from central: https://repo.maven.apache.org/maven2/net/i2p/crypto/eddsa/0.3.0/eddsa-0.3.0.jar
#15 136.2 [INFO] Downloaded from central: https://repo.maven.apache.org/maven2/org/eclipse/jgit/org.eclipse.jgit.ssh.apache/6.10.1.202505221210-r/org.eclipse.jgit.ssh.apache-6.10.1.202505221210-r.jar (238 kB at 73 kB/s)
#15 136.2 [INFO] Downloading from central: https://repo.maven.apache.org/maven2/com/fasterxml/jackson/dataformat/jackson-dataformat-yaml/2.19.0/jackson-dataformat-yaml-2.19.0.jar
#15 136.2 [INFO] Downloaded from central: https://repo.maven.apache.org/maven2/org/apache/sshd/sshd-osgi/2.14.0/sshd-osgi-2.14.0.jar (1.9 MB at 574 kB/s)
#15 136.2 [INFO] Downloading from central: https://repo.maven.apache.org/maven2/org/springframework/cloud/spring-cloud-loadbalancer/4.3.0/spring-cloud-loadbalancer-4.3.0.jar
#15 136.3 [INFO] Downloaded from central: https://repo.maven.apache.org/maven2/org/slf4j/jcl-over-slf4j/2.0.17/jcl-over-slf4j-2.0.17.jar (18 kB at 5.5 kB/s)
#15 136.3 [INFO] Downloading from central: https://repo.maven.apache.org/maven2/io/projectreactor/reactor-core/3.7.6/reactor-core-3.7.6.jar
#15 136.4 [INFO] Downloaded from central: https://repo.maven.apache.org/maven2/org/apache/sshd/sshd-sftp/2.14.0/sshd-sftp-2.14.0.jar (389 kB at 113 kB/s)
#15 136.4 [INFO] Downloading from central: https://repo.maven.apache.org/maven2/org/reactivestreams/reactive-streams/1.0.4/reactive-streams-1.0.4.jar
#15 136.4 [INFO] Downloaded from central: https://repo.maven.apache.org/maven2/org/springframework/cloud/spring-cloud-loadbalancer/4.3.0/spring-cloud-loadbalancer-4.3.0.jar (141 kB at 41 kB/s)
#15 136.4 [INFO] Downloading from central: https://repo.maven.apache.org/maven2/io/projectreactor/addons/reactor-extra/3.5.2/reactor-extra-3.5.2.jar
#15 136.4 [INFO] Downloaded from central: https://repo.maven.apache.org/maven2/com/fasterxml/jackson/dataformat/jackson-dataformat-yaml/2.19.0/jackson-dataformat-yaml-2.19.0.jar (60 kB at 17 kB/s)
#15 136.4 [INFO] Downloaded from central: https://repo.maven.apache.org/maven2/net/i2p/crypto/eddsa/0.3.0/eddsa-0.3.0.jar (63 kB at 18 kB/s)
#15 136.5 [INFO] Downloaded from central: https://repo.maven.apache.org/maven2/io/projectreactor/reactor-core/3.7.6/reactor-core-3.7.6.jar (1.9 MB at 535 kB/s)
#15 136.6 [INFO] Downloaded from central: https://repo.maven.apache.org/maven2/org/reactivestreams/reactive-streams/1.0.4/reactive-streams-1.0.4.jar (12 kB at 3.2 kB/s)
#15 136.6 [INFO] Downloaded from central: https://repo.maven.apache.org/maven2/io/projectreactor/addons/reactor-extra/3.5.2/reactor-extra-3.5.2.jar (104 kB at 29 kB/s)
#15 136.6 [INFO] Downloading from central: https://repo.maven.apache.org/maven2/com/google/code/gson/gson/2.12.1/gson-2.12.1.pom
#15 136.8 [INFO] Downloaded from central: https://repo.maven.apache.org/maven2/com/google/code/gson/gson/2.12.1/gson-2.12.1.pom (13 kB at 74 kB/s)
#15 136.8 [INFO] Downloading from central: https://repo.maven.apache.org/maven2/com/google/code/gson/gson-parent/2.12.1/gson-parent-2.12.1.pom
#15 137.0 [INFO] Downloaded from central: https://repo.maven.apache.org/maven2/com/google/code/gson/gson-parent/2.12.1/gson-parent-2.12.1.pom (27 kB at 149 kB/s)
#15 137.0 [INFO] Downloading from central: https://repo.maven.apache.org/maven2/com/google/code/gson/gson/2.12.1/gson-2.12.1.jar
#15 137.2 [INFO] Downloaded from central: https://repo.maven.apache.org/maven2/com/google/code/gson/gson/2.12.1/gson-2.12.1.jar (286 kB at 1.5 MB/s)
#15 137.2 [INFO] Resolved plugin: jetty-servlet-9.4.46.v20220331.jar
#15 137.2 [INFO] Resolved plugin: maven-install-plugin-3.1.4.jar
#15 137.2 [INFO] Resolved plugin: durian-collect-1.2.0.jar
#15 137.2 [INFO] Resolved plugin: maven-compiler-plugin-3.11.0.jar
#15 137.2 [INFO] Resolved plugin: asm-9.7.jar
#15 137.2 [INFO] Resolved plugin: doxia-module-twiki-1.11.1.jar
#15 137.2 [INFO] Resolved plugin: velocity-tools-2.0.jar
#15 137.2 [INFO] Resolved plugin: flexmark-ext-gfm-tasklist-0.42.14.jar
#15 137.2 [INFO] Resolved plugin: maven-resolver-api-1.9.22.jar
#15 137.2 [INFO] Resolved plugin: flexmark-ext-admonition-0.42.14.jar
#15 137.2 [INFO] Resolved plugin: org.eclipse.jgit-6.7.0.202309050840-r.jar
#15 137.2 [INFO] Resolved plugin: spotless-maven-plugin-2.43.0.jar
#15 137.2 [INFO] Resolved plugin: maven-core-3.2.5.jar
#15 137.2 [INFO] Resolved plugin: flexmark-ext-footnotes-0.42.14.jar
#15 137.2 [INFO] Resolved plugin: flexmark-ext-gfm-strikethrough-0.42.14.jar
#15 137.2 [INFO] Resolved plugin: okhttp-4.12.0.jar
#15 137.2 [INFO] Resolved plugin: maven-repository-metadata-3.0.jar
#15 137.2 [INFO] Resolved plugin: flexmark-ext-media-tags-0.42.14.jar
#15 137.2 [INFO] Resolved plugin: doxia-module-xhtml-1.11.1.jar
#15 137.2 [INFO] Resolved plugin: maven-shared-utils-3.0.0.jar
#15 137.2 [INFO] Resolved plugin: maven-shared-io-3.0.0.jar
#15 137.2 [INFO] Resolved plugin: flexmark-util-0.42.14.jar
#15 137.2 [INFO] Resolved plugin: flexmark-ext-anchorlink-0.42.14.jar
#15 137.2 [INFO] Resolved plugin: aether-api-1.7.jar
#15 137.2 [INFO] Resolved plugin: maven-resolver-util-1.9.22.jar
#15 137.2 [INFO] Resolved plugin: aether-api-1.0.0.v20140518.jar
#15 137.2 [INFO] Resolved plugin: autolink-0.6.0.jar
#15 137.2 [INFO] Resolved plugin: maven-filtering-3.3.1.jar
#15 137.2 [INFO] Resolved plugin: sisu-guice-2.1.7-noaop.jar
#15 137.2 [INFO] Resolved plugin: asm-commons-9.7.jar
#15 137.2 [INFO] Resolved plugin: maven-archiver-3.6.2.jar
#15 137.2 [INFO] Resolved plugin: doxia-skin-model-1.11.1.jar
#15 137.2 [INFO] Resolved plugin: dom4j-1.1.jar
#15 137.2 [INFO] Resolved plugin: bsh-2.0b6.jar
#15 137.2 [INFO] Resolved plugin: commons-io-2.16.1.jar
#15 137.2 [INFO] Resolved plugin: spring-boot-buildpack-platform-3.5.10.jar
#15 137.2 [INFO] Resolved plugin: flexmark-youtrack-converter-0.42.14.jar
#15 137.2 [INFO] Resolved plugin: maven-aether-provider-3.0.jar
#15 137.2 [INFO] Resolved plugin: surefire-extensions-api-3.5.4.jar
#15 137.2 [INFO] Resolved plugin: tomlj-1.0.0.jar
#15 137.2 [INFO] Resolved plugin: httpclient-4.5.13.jar
#15 137.2 [INFO] Resolved plugin: flexmark-ext-toc-0.42.14.jar
#15 137.2 [INFO] Resolved plugin: qdox-2.0.3.jar
#15 137.2 [INFO] Resolved plugin: plexus-interpolation-1.14.jar
#15 137.2 [INFO] Resolved plugin: surefire-api-3.5.4.jar
#15 137.2 [INFO] Resolved plugin: plexus-compiler-manager-2.13.0.jar
#15 137.2 [INFO] Resolved plugin: asm-9.8.jar
#15 137.2 [INFO] Resolved plugin: spotless-lib-extra-2.45.0.jar
#15 137.2 [INFO] Resolved plugin: jetty-http-9.4.46.v20220331.jar
#15 137.2 [INFO] Resolved plugin: plexus-classworlds-2.2.3.jar
#15 137.2 [INFO] Resolved plugin: flexmark-jira-converter-0.42.14.jar
#15 137.2 [INFO] Resolved plugin: maven-reporting-api-3.1.1.jar
#15 137.2 [INFO] Resolved plugin: maven-plugin-api-3.2.5.jar
#15 137.2 [INFO] Resolved plugin: sisu-guice-3.2.3-no_aop.jar
#15 137.2 [INFO] Resolved plugin: commons-codec-1.17.1.jar
#15 137.2 [INFO] Resolved plugin: flexmark-ext-attributes-0.42.14.jar
#15 137.2 [INFO] Resolved plugin: commons-lang3-3.8.1.jar
#15 137.2 [INFO] Resolved plugin: maven-aether-provider-3.2.5.jar
#15 137.2 [INFO] Resolved plugin: aether-util-1.0.0.v20140518.jar
#15 137.2 [INFO] Resolved plugin: jetty-security-9.4.46.v20220331.jar
#15 137.2 [INFO] Resolved plugin: httpclient5-5.5.2.jar
#15 137.2 [INFO] Resolved plugin: JavaEWAH-1.2.3.jar
#15 137.2 [INFO] Resolved plugin: maven-common-artifact-filters-3.4.0.jar
#15 137.2 [INFO] Resolved plugin: plexus-compiler-api-2.13.0.jar
#15 137.2 [INFO] Resolved plugin: aether-impl-1.7.jar
#15 137.2 [INFO] Resolved plugin: org.eclipse.sisu.plexus-0.3.5.jar
#15 137.2 [INFO] Resolved plugin: jsr305-2.0.1.jar
#15 137.2 [INFO] Resolved plugin: doxia-core-1.11.1.jar
#15 137.2 [INFO] Resolved plugin: kotlin-stdlib-jdk8-1.8.21.jar
#15 137.2 [INFO] Resolved plugin: flexmark-ext-ins-0.42.14.jar
#15 137.2 [INFO] Resolved plugin: maven-artifact-3.0.jar
#15 137.2 [INFO] Resolved plugin: google-collections-1.0.jar
#15 137.2 [INFO] Resolved plugin: plexus-java-1.1.2.jar
#15 137.2 [INFO] Resolved plugin: flexmark-ext-emoji-0.42.14.jar
#15 137.2 [INFO] Resolved plugin: doxia-integration-tools-1.11.1.jar
#15 137.2 [INFO] Resolved plugin: maven-resolver-api-1.4.1.jar
#15 137.2 [INFO] Resolved plugin: durian-io-1.2.0.jar
#15 137.2 [INFO] Resolved plugin: plexus-component-annotations-1.5.5.jar
#15 137.2 [INFO] Resolved plugin: spring-core-6.2.15.jar
#15 137.2 [INFO] Resolved plugin: maven-repository-metadata-3.2.5.jar
#15 137.2 [INFO] Resolved plugin: flexmark-ext-jekyll-front-matter-0.42.14.jar
#15 137.2 [INFO] Resolved plugin: doxia-decoration-model-1.11.1.jar
#15 137.2 [INFO] Resolved plugin: flexmark-all-0.42.14.jar
#15 137.2 [INFO] Resolved plugin: plexus-utils-3.5.0.jar
#15 137.2 [INFO] Resolved plugin: maven-shared-incremental-1.1.jar
#15 137.2 [INFO] Resolved plugin: file-management-3.1.0.jar
#15 137.2 [INFO] Resolved plugin: commons-compress-1.26.1.jar
#15 137.2 [INFO] Resolved plugin: jetty-webapp-9.4.46.v20220331.jar
#15 137.2 [INFO] Resolved plugin: solstice-1.7.5.jar
#15 137.2 [INFO] Resolved plugin: spring-jcl-6.2.15.jar
#15 137.2 [INFO] Resolved plugin: kotlin-stdlib-jdk7-1.8.21.jar
#15 137.2 [INFO] Resolved plugin: wagon-provider-api-2.10.jar
#15 137.2 [INFO] Resolved plugin: plexus-io-3.2.0.jar
#15 137.2 [INFO] Resolved plugin: xbean-reflect-3.7.jar
#15 137.2 [INFO] Resolved plugin: maven-reporting-exec-1.6.0.jar
#15 137.2 [INFO] Resolved plugin: doxia-sink-api-1.11.1.jar
#15 137.2 [INFO] Resolved plugin: jetty-xml-9.4.46.v20220331.jar
#15 137.2 [INFO] Resolved plugin: plexus-velocity-1.2.jar
#15 137.2 [INFO] Resolved plugin: plexus-container-default-2.1.0.jar
#15 137.2 [INFO] Resolved plugin: commons-codec-1.11.jar
#15 137.2 [INFO] Resolved plugin: jackson-core-2.19.4.jar
#15 137.2 [INFO] Resolved plugin: plexus-resources-1.2.0.jar
#15 137.2 [INFO] Resolved plugin: snappy-0.4.jar
#15 137.2 [INFO] Resolved plugin: maven-deploy-plugin-3.1.4.jar
#15 137.2 [INFO] Resolved plugin: jsr305-3.0.2.jar
#15 137.2 [INFO] Resolved plugin: plexus-compiler-javac-2.13.0.jar
#15 137.2 [INFO] Resolved plugin: plexus-build-api-0.0.7.jar
#15 137.2 [INFO] Resolved plugin: doxia-module-fml-1.11.1.jar
#15 137.2 [INFO] Resolved plugin: commons-digester-1.8.jar
#15 137.2 [INFO] Resolved plugin: jetty-server-9.4.46.v20220331.jar
#15 137.2 [INFO] Resolved plugin: org.eclipse.osgi-3.18.300.jar
#15 137.2 [INFO] Resolved plugin: flexmark-ext-abbreviation-0.42.14.jar
#15 137.2 [INFO] Resolved plugin: maven-archiver-3.5.2.jar
#15 137.2 [INFO] Resolved plugin: jackson-databind-2.19.4.jar
#15 137.2 [INFO] Resolved plugin: flexmark-ext-definition-0.42.14.jar
#15 137.2 [INFO] Resolved plugin: zstd-jni-1.5.5-11.jar
#15 137.2 [INFO] Resolved plugin: doxia-logging-api-1.11.1.jar
#15 137.2 [INFO] Resolved plugin: plexus-xml-3.0.1.jar
#15 137.2 [INFO] Resolved plugin: flexmark-ext-yaml-front-matter-0.42.14.jar
#15 137.2 [INFO] Resolved plugin: maven-surefire-plugin-3.5.4.jar
#15 137.2 [INFO] Resolved plugin: maven-site-plugin-3.12.1.jar
#15 137.2 [INFO] Resolved plugin: jna-5.17.0.jar
#15 137.2 [INFO] Resolved plugin: flexmark-ext-superscript-0.42.14.jar
#15 137.2 [INFO] Resolved plugin: commons-collections-3.2.2.jar
#15 137.2 [INFO] Resolved plugin: surefire-shared-utils-3.5.4.jar
#15 137.2 [INFO] Resolved plugin: doxia-module-markdown-1.11.1.jar
#15 137.2 [INFO] Resolved plugin: flexmark-ext-xwiki-macros-0.42.14.jar
#15 137.2 [INFO] Resolved plugin: concurrent-trees-2.6.1.jar
#15 137.2 [INFO] Resolved plugin: commons-compress-1.20.jar
#15 137.2 [INFO] Resolved plugin: velocity-1.7.jar
#15 137.2 [INFO] Resolved plugin: asm-9.4.jar
#15 137.2 [INFO] Resolved plugin: maven-resources-plugin-3.3.1.jar
#15 137.2 [INFO] Resolved plugin: plexus-utils-3.5.1.jar
#15 137.2 [INFO] Resolved plugin: slf4j-api-1.7.32.jar
#15 137.2 [INFO] Resolved plugin: surefire-extensions-spi-3.5.4.jar
#15 137.2 [INFO] Resolved plugin: aopalliance-1.0.jar
#15 137.2 [INFO] Resolved plugin: aether-spi-1.0.0.v20140518.jar
#15 137.2 [INFO] Resolved plugin: maven-model-3.0.jar
#15 137.2 [INFO] Resolved plugin: plexus-interpolation-1.26.jar
#15 137.2 [INFO] Resolved plugin: maven-settings-builder-3.2.5.jar
#15 137.2 [INFO] Resolved plugin: httpcore-4.4.14.jar
#15 137.2 [INFO] Resolved plugin: commons-lang3-3.12.0.jar
#15 137.2 [INFO] Resolved plugin: maven-surefire-common-3.5.4.jar
#15 137.2 [INFO] Resolved plugin: maven-model-builder-3.0.jar
#15 137.2 [INFO] Resolved plugin: maven-artifact-3.2.5.jar
#15 137.2 [INFO] Resolved plugin: flexmark-ext-enumerated-reference-0.42.14.jar
#15 137.2 [INFO] Resolved plugin: plexus-component-annotations-2.1.1.jar
#15 137.2 [INFO] Resolved plugin: commons-io-2.4.jar
#15 137.2 [INFO] Resolved plugin: jackson-module-parameter-names-2.19.4.jar
#15 137.2 [INFO] Resolved plugin: durian-swt.os-4.2.2.jar
#15 137.2 [INFO] Resolved plugin: plexus-utils-3.0.24.jar
#15 137.2 [INFO] Resolved plugin: asm-tree-9.7.jar
#15 137.2 [INFO] Resolved plugin: okio-jvm-3.6.0.jar
#15 137.2 [INFO] Resolved plugin: commons-logging-1.2.jar
#15 137.2 [INFO] Resolved plugin: flexmark-ext-escaped-character-0.42.14.jar
#15 137.2 [INFO] Resolved plugin: jdependency-2.10.jar
#15 137.2 [INFO] Resolved plugin: plexus-cipher-1.4.jar
#15 137.2 [INFO] Resolved plugin: httpcore5-h2-5.3.6.jar
#15 137.2 [INFO] Resolved plugin: spring-boot-maven-plugin-3.5.10.jar
#15 137.2 [INFO] Resolved plugin: flexmark-0.42.14.jar
#15 137.2 [INFO] Resolved plugin: spring-context-6.2.15.jar
#15 137.2 [INFO] Resolved plugin: plexus-utils-3.4.2.jar
#15 137.2 [INFO] Resolved plugin: flexmark-ext-aside-0.42.14.jar
#15 137.2 [INFO] Resolved plugin: flexmark-ext-wikilink-0.42.14.jar
#15 137.2 [INFO] Resolved plugin: spring-expression-6.2.15.jar
#15 137.2 [INFO] Resolved plugin: surefire-logger-api-3.5.4.jar
#15 137.2 [INFO] Resolved plugin: org.eclipse.sisu.inject-0.3.5.jar
#15 137.2 [INFO] Resolved plugin: plexus-io-3.4.2.jar
#15 137.2 [INFO] Resolved plugin: maven-settings-3.0.jar
#15 137.2 [INFO] Resolved plugin: flexmark-ext-gfm-tables-0.42.14.jar
#15 137.2 [INFO] Resolved plugin: maven-plugin-api-3.0.jar
#15 137.2 [INFO] Resolved plugin: spring-aop-6.2.15.jar
#15 137.2 [INFO] Resolved plugin: spring-beans-6.2.15.jar
#15 137.2 [INFO] Resolved plugin: sisu-inject-bean-1.4.2.jar
#15 137.2 [INFO] Resolved plugin: antlr4-runtime-4.7.2.jar
#15 137.2 [INFO] Resolved plugin: plexus-interpolation-1.27.jar
#15 137.2 [INFO] Resolved plugin: okio-3.6.0.jar
#15 137.2 [INFO] Resolved plugin: commons-io-2.11.0.jar
#15 137.2 [INFO] Resolved plugin: jetty-io-9.4.46.v20220331.jar
#15 137.2 [INFO] Resolved plugin: cdi-api-1.2.jar
#15 137.2 [INFO] Resolved plugin: commons-chain-1.1.jar
#15 137.2 [INFO] Resolved plugin: commons-codec-1.16.1.jar
#15 137.2 [INFO] Resolved plugin: flexmark-html-parser-0.42.14.jar
#15 137.2 [INFO] Resolved plugin: javax.inject-1.jar
#15 137.2 [INFO] Resolved plugin: kotlin-stdlib-common-1.9.10.jar
#15 137.2 [INFO] Resolved plugin: maven-shared-utils-3.3.4.jar
#15 137.2 [INFO] Resolved plugin: javax.servlet-api-3.1.0.jar
#15 137.2 [INFO] Resolved plugin: jetty-util-ajax-9.4.46.v20220331.jar
#15 137.2 [INFO] Resolved plugin: maven-settings-3.2.5.jar
#15 137.2 [INFO] Resolved plugin: jsoup-1.10.2.jar
#15 137.2 [INFO] Resolved plugin: oro-2.0.8.jar
#15 137.2 [INFO] Resolved plugin: annotations-13.0.jar
#15 137.2 [INFO] Resolved plugin: commons-codec-1.16.0.jar
#15 137.2 [INFO] Resolved plugin: spring-boot-loader-tools-3.5.10.jar
#15 137.2 [INFO] Resolved plugin: xz-1.9.jar
#15 137.2 [INFO] Resolved plugin: maven-compat-3.0.jar
#15 137.2 [INFO] Resolved plugin: aether-impl-1.0.0.v20140518.jar
#15 137.2 [INFO] Resolved plugin: maven-settings-builder-3.0.jar
#15 137.2 [INFO] Resolved plugin: commons-text-1.3.jar
#15 137.2 [INFO] Resolved plugin: aether-util-1.7.jar
#15 137.2 [INFO] Resolved plugin: maven-core-3.0.jar
#15 137.2 [INFO] Resolved plugin: commons-lang-2.4.jar
#15 137.2 [INFO] Resolved plugin: slf4j-api-1.7.36.jar
#15 137.2 [INFO] Resolved plugin: doxia-module-apt-1.11.1.jar
#15 137.2 [INFO] Resolved plugin: maven-resolver-util-1.4.1.jar
#15 137.2 [INFO] Resolved plugin: flexmark-ext-gfm-issues-0.42.14.jar
#15 137.2 [INFO] Resolved plugin: jetty-util-9.4.46.v20220331.jar
#15 137.2 [INFO] Resolved plugin: maven-model-builder-3.2.5.jar
#15 137.2 [INFO] Resolved plugin: plexus-archiver-4.2.7.jar
#15 137.2 [INFO] Resolved plugin: maven-jar-plugin-3.4.2.jar
#15 137.2 [INFO] Resolved plugin: kotlin-stdlib-1.8.21.jar
#15 137.2 [INFO] Resolved plugin: commons-io-2.6.jar
#15 137.2 [INFO] Resolved plugin: maven-shade-plugin-3.6.0.jar
#15 137.2 [INFO] Resolved plugin: flexmark-ext-youtube-embedded-0.42.14.jar
#15 137.2 [INFO] Resolved plugin: flexmark-formatter-0.42.14.jar
#15 137.2 [INFO] Resolved plugin: maven-model-3.2.5.jar
#15 137.2 [INFO] Resolved plugin: micrometer-commons-1.14.14.jar
#15 137.2 [INFO] Resolved plugin: plexus-utils-4.0.1.jar
#15 137.2 [INFO] Resolved plugin: jdom2-2.0.6.1.jar
#15 137.2 [INFO] Resolved plugin: flexmark-profile-pegdown-0.42.14.jar
#15 137.2 [INFO] Resolved plugin: doxia-module-docbook-simple-1.11.1.jar
#15 137.2 [INFO] Resolved plugin: commons-lang3-3.16.0.jar
#15 137.2 [INFO] Resolved plugin: guava-16.0.1.jar
#15 137.2 [INFO] Resolved plugin: file-management-3.0.0.jar
#15 137.2 [INFO] Resolved plugin: flexmark-ext-typographic-0.42.14.jar
#15 137.2 [INFO] Resolved plugin: flexmark-ext-autolink-0.42.14.jar
#15 137.2 [INFO] Resolved plugin: flexmark-ext-jekyll-tag-0.42.14.jar
#15 137.2 [INFO] Resolved plugin: build-helper-maven-plugin-3.3.0.jar
#15 137.2 [INFO] Resolved plugin: flexmark-ext-gitlab-0.42.14.jar
#15 137.2 [INFO] Resolved plugin: commons-compress-1.27.1.jar
#15 137.2 [INFO] Resolved plugin: doxia-module-xdoc-1.11.1.jar
#15 137.2 [INFO] Resolved plugin: spotless-lib-2.45.0.jar
#15 137.2 [INFO] Resolved plugin: doxia-site-renderer-1.11.1.jar
#15 137.2 [INFO] Resolved plugin: commons-beanutils-1.7.0.jar
#15 137.2 [INFO] Resolved plugin: sisu-inject-plexus-1.4.2.jar
#15 137.2 [INFO] Resolved plugin: httpcore5-5.3.6.jar
#15 137.2 [INFO] Resolved plugin: commons-lang3-3.14.0.jar
#15 137.2 [INFO] Resolved plugin: plexus-classworlds-2.5.2.jar
#15 137.2 [INFO] Resolved plugin: doxia-module-confluence-1.11.1.jar
#15 137.2 [INFO] Resolved plugin: doxia-module-xhtml5-1.11.1.jar
#15 137.2 [INFO] Resolved plugin: flexmark-ext-tables-0.42.14.jar
#15 137.2 [INFO] Resolved plugin: micrometer-observation-1.14.14.jar
#15 137.2 [INFO] Resolved plugin: javax.annotation-api-1.2.jar
#15 137.2 [INFO] Resolved plugin: plexus-utils-3.4.1.jar
#15 137.2 [INFO] Resolved plugin: flexmark-ext-macros-0.42.14.jar
#15 137.2 [INFO] Resolved plugin: jna-platform-5.17.0.jar
#15 137.2 [INFO] Resolved plugin: plexus-sec-dispatcher-1.3.jar
#15 137.2 [INFO] Resolved plugin: aether-spi-1.7.jar
#15 137.2 [INFO] Resolved plugin: plexus-java-1.5.0.jar
#15 137.2 [INFO] Resolved plugin: plexus-i18n-1.0-beta-10.jar
#15 137.2 [INFO] Resolved plugin: flexmark-ext-gfm-users-0.42.14.jar
#15 137.2 [INFO] Resolved plugin: qdox-2.2.0.jar
#15 137.2 [INFO] Resolved plugin: durian-core-1.2.0.jar
#15 137.2 [INFO] Resolved plugin: maven-clean-plugin-3.4.1.jar
#15 137.2 [INFO] Resolved plugin: plexus-archiver-4.9.2.jar
#15 137.2 [INFO] Resolved plugin: jackson-annotations-2.19.4.jar
#15 137.2 [INFO] Resolved plugin: surefire-booter-3.5.4.jar
#15 137.2 [INFO] Resolved dependency: guava-33.1.0-jre.jar
#15 137.2 [INFO] Resolved dependency: reactor-extra-3.5.2.jar
#15 137.2 [INFO] Resolved dependency: spring-boot-starter-3.2.4.jar
#15 137.2 [INFO] Resolved dependency: assertj-core-3.27.6.jar
#15 137.2 [INFO] Resolved dependency: grpc-spring-boot-starter-3.1.0.RELEASE.jar
#15 137.2 [INFO] Resolved dependency: hamcrest-3.0.jar
#15 137.2 [INFO] Resolved dependency: netty-transport-native-unix-common-4.1.121.Final.jar
#15 137.2 [INFO] Resolved dependency: json-smart-2.5.2.jar
#15 137.2 [INFO] Resolved dependency: log4j-to-slf4j-2.24.3.jar
#15 137.2 [INFO] Resolved dependency: junit-jupiter-params-5.12.2.jar
#15 137.2 [INFO] Resolved dependency: jspecify-1.0.0.jar
#15 137.2 [INFO] Resolved dependency: jackson-datatype-jdk8-2.19.0.jar
#15 137.2 [INFO] Resolved dependency: gson-2.12.1.jar
#15 137.2 [INFO] Resolved dependency: spring-beans-6.2.7.jar
#15 137.2 [INFO] Resolved dependency: grpc-api-1.63.0.jar
#15 137.2 [INFO] Resolved dependency: accessors-smart-2.5.2.jar
#15 137.2 [INFO] Resolved dependency: spring-expression-6.2.7.jar
#15 137.2 [INFO] Resolved dependency: junit-jupiter-api-5.12.2.jar
#15 137.2 [INFO] Resolved dependency: spring-cloud-starter-alibaba-nacos-discovery-2025.0.0.0.jar
#15 137.2 [INFO] Resolved dependency: spring-boot-starter-json-3.5.10.jar
#15 137.2 [INFO] Resolved dependency: netty-handler-4.1.121.Final.jar
#15 137.2 [INFO] Resolved dependency: jboss-logging-3.6.1.Final.jar
#15 137.2 [INFO] Resolved dependency: spring-boot-starter-tomcat-3.5.10.jar
#15 137.2 [INFO] Resolved dependency: spring-aop-6.2.7.jar
#15 137.2 [INFO] Resolved dependency: snakeyaml-2.2.jar
#15 137.2 [INFO] Resolved dependency: spring-boot-starter-web-3.5.10.jar
#15 137.2 [INFO] Resolved dependency: grpc-util-1.63.0.jar
#15 137.2 [INFO] Resolved dependency: grpc-services-1.63.0.jar
#15 137.2 [INFO] Resolved dependency: logback-adapter-1.1.4.jar
#15 137.2 [INFO] Resolved dependency: spring-test-6.2.15.jar
#15 137.2 [INFO] Resolved dependency: netty-common-4.1.121.Final.jar
#15 137.2 [INFO] Resolved dependency: junit-jupiter-5.12.2.jar
#15 137.2 [INFO] Resolved dependency: slf4j-api-2.0.12.jar
#15 137.2 [INFO] Resolved dependency: grpc-api-1.78.0.jar
#15 137.2 [INFO] Resolved dependency: spring-jcl-6.2.7.jar
#15 137.2 [INFO] Resolved dependency: nacos-encryption-plugin-3.0.3.jar
#15 137.2 [INFO] Resolved dependency: micrometer-commons-1.12.4.jar
#15 137.2 [INFO] Resolved dependency: nacos-client-3.0.3.jar
#15 137.2 [INFO] Resolved dependency: tomcat-embed-core-10.1.50.jar
#15 137.2 [INFO] Resolved dependency: spring-boot-3.5.10.jar
#15 137.2 [INFO] Resolved dependency: junit-platform-engine-1.12.2.jar
#15 137.2 [INFO] Resolved dependency: slf4j-api-2.0.11.jar
#15 137.2 [INFO] Resolved dependency: log4j-api-2.21.1.jar
#15 137.2 [INFO] Resolved dependency: grpc-protobuf-lite-1.78.0.jar
#15 137.2 [INFO] Resolved dependency: nacos-auth-plugin-3.0.3.jar
#15 137.2 [INFO] Resolved dependency: httpcore5-5.3.4.jar
#15 137.2 [INFO] Resolved dependency: JavaEWAH-1.2.3.jar
#15 137.2 [INFO] Resolved dependency: httpclient-4.5.14.jar
#15 137.2 [INFO] Resolved dependency: spring-boot-starter-logging-3.5.0.jar
#15 137.2 [INFO] Resolved dependency: sshd-osgi-2.14.0.jar
#15 137.2 [INFO] Resolved dependency: reactor-netty-core-1.2.6.jar
#15 137.2 [INFO] Resolved dependency: tomcat-embed-el-10.1.50.jar
#15 137.2 [INFO] Resolved dependency: grpc-context-1.78.0.jar
#15 137.2 [INFO] Resolved dependency: grpc-stub-1.63.0.jar
#15 137.2 [INFO] Resolved dependency: grpc-protobuf-1.63.0.jar
#15 137.2 [INFO] Resolved dependency: jakarta.xml.bind-api-4.0.4.jar
#15 137.2 [INFO] Resolved dependency: listenablefuture-9999.0-empty-to-avoid-conflict-with-guava.jar
#15 137.2 [INFO] Resolved dependency: micrometer-commons-1.15.0.jar
#15 137.2 [INFO] Resolved dependency: spring-cloud-starter-4.3.0.jar
#15 137.2 [INFO] Resolved dependency: snakeyaml-2.4.jar
#15 137.2 [INFO] Resolved dependency: netty-resolver-dns-native-macos-4.1.121.Final-osx-x86_64.jar
#15 137.2 [INFO] Resolved dependency: spring-boot-starter-reactor-netty-3.5.0.jar
#15 137.2 [INFO] Resolved dependency: tomcat-embed-core-10.1.41.jar
#15 137.2 [INFO] Resolved dependency: spring-cloud-commons-4.3.0.jar
#15 137.2 [INFO] Resolved dependency: spring-cloud-config-server-4.3.0.jar
#15 137.2 [INFO] Resolved dependency: spring-boot-configuration-processor-3.5.0.jar
#15 137.2 [INFO] Resolved dependency: reactor-netty-http-1.2.6.jar
#15 137.2 [INFO] Resolved dependency: spring-core-6.2.15.jar
#15 137.2 [INFO] Resolved dependency: grpc-stub-1.78.0.jar
#15 137.2 [INFO] Resolved dependency: asm-9.7.1.jar
#15 137.2 [INFO] Resolved dependency: spring-cloud-loadbalancer-4.3.0.jar
#15 137.2 [INFO] Resolved dependency: logback-classic-1.5.25.jar
#15 137.2 [INFO] Resolved dependency: checker-qual-3.42.0.jar
#15 137.2 [INFO] Resolved dependency: jackson-datatype-jdk8-2.19.4.jar
#15 137.2 [INFO] Resolved dependency: sshd-sftp-2.14.0.jar
#15 137.2 [INFO] Resolved dependency: logback-classic-1.5.18.jar
#15 137.2 [INFO] Resolved dependency: protobuf-java-4.33.5.jar
#15 137.2 [INFO] Resolved dependency: spring-jcl-6.2.15.jar
#15 137.2 [INFO] Resolved dependency: jackson-core-2.19.4.jar
#15 137.2 [INFO] Resolved dependency: protobuf-java-3.25.3.jar
#15 137.2 [INFO] Resolved dependency: simpleclient_tracer_otel_agent-0.16.0.jar
#15 137.2 [INFO] Resolved dependency: spring-cloud-context-4.3.0.jar
#15 137.2 [INFO] Resolved dependency: byte-buddy-1.17.7.jar
#15 137.2 [INFO] Resolved dependency: perfmark-api-0.27.0.jar
#15 137.2 [INFO] Resolved dependency: jsr305-3.0.2.jar
#15 137.2 [INFO] Resolved dependency: micrometer-core-1.15.0.jar
#15 137.2 [INFO] Resolved dependency: reactor-core-3.7.6.jar
#15 137.2 [INFO] Resolved dependency: jackson-datatype-jsr310-2.19.4.jar
#15 137.2 [INFO] Resolved dependency: jakarta.annotation-api-2.1.1.jar
#15 137.2 [INFO] Resolved dependency: spring-core-6.2.7.jar
#15 137.2 [INFO] Resolved dependency: jackson-databind-2.19.4.jar
#15 137.2 [INFO] Resolved dependency: spring-boot-starter-tomcat-3.5.0.jar
#15 137.2 [INFO] Resolved dependency: spring-boot-starter-webflux-3.5.0.jar
#15 137.2 [INFO] Resolved dependency: nacos-client-basic-3.0.3.jar
#15 137.2 [INFO] Resolved dependency: tomcat-embed-el-10.1.41.jar
#15 137.2 [INFO] Resolved dependency: gson-2.10.1.jar
#15 137.2 [INFO] Resolved dependency: grpc-protobuf-1.78.0.jar
#15 137.2 [INFO] Resolved dependency: netty-codec-dns-4.1.121.Final.jar
#15 137.2 [INFO] Resolved dependency: json-path-2.9.0.jar
#15 137.2 [INFO] Resolved dependency: grpc-server-spring-boot-starter-3.1.0.RELEASE.jar
#15 137.2 [INFO] Resolved dependency: guava-33.5.0-android.jar
#15 137.2 [INFO] Resolved dependency: grpc-common-spring-boot-3.1.0.RELEASE.jar
#15 137.2 [INFO] Resolved dependency: netty-handler-proxy-4.1.121.Final.jar
#15 137.2 [INFO] Resolved dependency: hibernate-validator-8.0.2.Final.jar
#15 137.2 [INFO] Resolved dependency: spring-cloud-config-client-4.3.0.jar
#15 137.2 [INFO] Resolved dependency: reactive-streams-1.0.4.jar
#15 137.2 [INFO] Resolved dependency: netty-codec-socks-4.1.121.Final.jar
#15 137.2 [INFO] Resolved dependency: netty-transport-4.1.121.Final.jar
#15 137.2 [INFO] Resolved dependency: spring-boot-starter-web-3.5.0.jar
#15 137.2 [INFO] Resolved dependency: jackson-core-2.19.0.jar
#15 137.2 [INFO] Resolved dependency: httpclient5-5.4.4.jar
#15 137.2 [INFO] Resolved dependency: netty-resolver-dns-4.1.121.Final.jar
#15 137.2 [INFO] Resolved dependency: slf4j-api-2.0.17.jar
#15 137.2 [INFO] Resolved dependency: log4j-to-slf4j-2.21.1.jar
#15 137.2 [INFO] Resolved dependency: jackson-annotations-2.19.0.jar
#15 137.2 [INFO] Resolved dependency: error_prone_annotations-2.23.0.jar
#15 137.2 [INFO] Resolved dependency: classmate-1.7.0.jar
#15 137.2 [INFO] Resolved dependency: spring-context-6.1.5.jar
#15 137.2 [INFO] Resolved dependency: spring-boot-3.5.0.jar
#15 137.2 [INFO] Resolved dependency: mockito-core-5.17.0.jar
#15 137.2 [INFO] Resolved dependency: javax.annotation-api-1.3.2.jar
#15 137.2 [INFO] Resolved dependency: commons-codec-1.18.0.jar
#15 137.2 [INFO] Resolved dependency: jul-to-slf4j-2.0.17.jar
#15 137.2 [INFO] Resolved dependency: spring-boot-test-3.5.10.jar
#15 137.2 [INFO] Resolved dependency: spring-boot-starter-3.5.10.jar
#15 137.2 [INFO] Resolved dependency: grpc-inprocess-1.63.0.jar
#15 137.2 [INFO] Resolved dependency: jackson-module-parameter-names-2.19.4.jar
#15 137.2 [INFO] Resolved dependency: netty-transport-native-epoll-4.1.121.Final-linux-x86_64.jar
#15 137.2 [INFO] Resolved dependency: spring-webflux-6.2.7.jar
#15 137.2 [INFO] Resolved dependency: spring-webmvc-6.2.7.jar
#15 137.2 [INFO] Resolved dependency: opentest4j-1.3.0.jar
#15 137.2 [INFO] Resolved dependency: org.eclipse.jgit.http.apache-6.10.1.202505221210-r.jar
#15 137.2 [INFO] Resolved dependency: commons-logging-1.2.jar
#15 137.2 [INFO] Resolved dependency: junit-jupiter-engine-5.12.2.jar
#15 137.2 [INFO] Resolved dependency: spring-context-6.2.15.jar
#15 137.2 [INFO] Resolved dependency: spring-expression-6.2.15.jar
#15 137.2 [INFO] Resolved dependency: netty-codec-http-4.1.121.Final.jar
#15 137.2 [INFO] Resolved dependency: error_prone_annotations-2.44.0.jar
#15 137.2 [INFO] Resolved dependency: failureaccess-1.0.2.jar
#15 137.2 [INFO] Resolved dependency: simpleclient_tracer_common-0.16.0.jar
#15 137.2 [INFO] Resolved dependency: proto-google-common-protos-2.29.0.jar
#15 137.2 [INFO] Resolved dependency: spring-beans-6.2.15.jar
#15 137.2 [INFO] Resolved dependency: spring-aop-6.2.15.jar
#15 137.2 [INFO] Resolved dependency: spring-beans-6.1.5.jar
#15 137.2 [INFO] Resolved dependency: tomcat-embed-websocket-10.1.41.jar
#15 137.2 [INFO] Resolved dependency: spring-boot-test-autoconfigure-3.5.10.jar
#15 137.2 [INFO] Resolved dependency: jackson-datatype-jsr310-2.19.0.jar
#15 137.2 [INFO] Resolved dependency: netty-transport-classes-epoll-4.1.121.Final.jar
#15 137.2 [INFO] Resolved dependency: spring-boot-starter-test-3.5.10.jar
#15 137.2 [INFO] Resolved dependency: spring-boot-autoconfigure-3.5.0.jar
#15 137.2 [INFO] Resolved dependency: spring-web-6.2.7.jar
#15 137.2 [INFO] Resolved dependency: eddsa-0.3.0.jar
#15 137.2 [INFO] Resolved dependency: junit-platform-commons-1.12.2.jar
#15 137.2 [INFO] Resolved dependency: spring-boot-autoconfigure-3.2.4.jar
#15 137.2 [INFO] Resolved dependency: HdrHistogram-2.2.2.jar
#15 137.2 [INFO] Resolved dependency: netty-codec-4.1.121.Final.jar
#15 137.2 [INFO] Resolved dependency: grpc-netty-shaded-1.63.0.jar
#15 137.2 [INFO] Resolved dependency: failureaccess-1.0.3.jar
#15 137.2 [INFO] Resolved dependency: spring-aop-6.1.5.jar
#15 137.2 [INFO] Resolved dependency: annotations-4.1.1.4.jar
#15 137.2 [INFO] Resolved dependency: spring-jcl-6.1.5.jar
#15 137.2 [INFO] Resolved dependency: spring-security-crypto-6.5.0.jar
#15 137.2 [INFO] Resolved dependency: bcprov-jdk18on-1.80.jar
#15 137.2 [INFO] Resolved dependency: animal-sniffer-annotations-1.26.jar
#15 137.2 [INFO] Resolved dependency: spring-expression-6.1.5.jar
#15 137.2 [INFO] Resolved dependency: protobuf-java-3.25.8.jar
#15 137.2 [INFO] Resolved dependency: proto-google-common-protos-2.63.1.jar
#15 137.2 [INFO] Resolved dependency: grpc-core-1.78.0.jar
#15 137.2 [INFO] Resolved dependency: org.eclipse.jgit.ssh.apache-6.10.1.202505221210-r.jar
#15 137.2 [INFO] Resolved dependency: log4j-api-2.24.3.jar
#15 137.2 [INFO] Resolved dependency: spring-boot-actuator-autoconfigure-3.5.0.jar
#15 137.2 [INFO] Resolved dependency: spring-boot-autoconfigure-3.5.10.jar
#15 137.2 [INFO] Resolved dependency: grpc-context-1.63.0.jar
#15 137.2 [INFO] Resolved dependency: protobuf-java-util-3.25.3.jar
#15 137.2 [INFO] Resolved dependency: spring-boot-starter-logging-3.2.4.jar
#15 137.2 [INFO] Resolved dependency: objenesis-3.3.jar
#15 137.2 [INFO] Resolved dependency: spring-boot-starter-validation-3.5.0.jar
#15 137.2 [INFO] Resolved dependency: j2objc-annotations-3.1.jar
#15 137.2 [INFO] Resolved dependency: jul-to-slf4j-2.0.12.jar
#15 137.2 [INFO] Resolved dependency: mapstruct-1.6.3.jar
#15 137.2 [INFO] Resolved dependency: jcl-over-slf4j-2.0.17.jar
#15 137.2 [INFO] Resolved dependency: org.eclipse.jgit-6.10.1.202505221210-r.jar
#15 137.2 [INFO] Resolved dependency: mockito-junit-jupiter-5.17.0.jar
#15 137.2 [INFO] Resolved dependency: micrometer-commons-1.14.14.jar
#15 137.2 [INFO] Resolved dependency: jackson-databind-2.19.0.jar
#15 137.2 [INFO] Resolved dependency: netty-codec-http2-4.1.121.Final.jar
#15 137.2 [INFO] Resolved dependency: logback-classic-1.4.14.jar
#15 137.2 [INFO] Resolved dependency: logback-core-1.5.25.jar
#15 137.2 [INFO] Resolved dependency: httpcore-4.4.16.jar
#15 137.2 [INFO] Resolved dependency: spring-boot-starter-json-3.5.0.jar
#15 137.2 [INFO] Resolved dependency: grpc-protobuf-lite-1.63.0.jar
#15 137.2 [INFO] Resolved dependency: grpc-core-1.63.0.jar
#15 137.2 [INFO] Resolved dependency: jsonassert-1.5.3.jar
#15 137.2 [INFO] Resolved dependency: lombok-1.18.42.jar
#15 137.2 [INFO] Resolved dependency: micrometer-observation-1.15.0.jar
#15 137.2 [INFO] Resolved dependency: spring-core-6.1.5.jar
#15 137.2 [INFO] Resolved dependency: jackson-module-parameter-names-2.19.0.jar
#15 137.2 [INFO] Resolved dependency: jakarta.validation-api-3.0.2.jar
#15 137.2 [INFO] Resolved dependency: logback-core-1.5.18.jar
#15 137.2 [INFO] Resolved dependency: micrometer-observation-1.12.4.jar
#15 137.2 [INFO] Resolved dependency: simpleclient-0.16.0.jar
#15 137.2 [INFO] Resolved dependency: spring-boot-3.2.4.jar
#15 137.2 [INFO] Resolved dependency: xmlunit-core-2.10.4.jar
#15 137.2 [INFO] Resolved dependency: spring-cloud-alibaba-commons-2025.0.0.0.jar
#15 137.2 [INFO] Resolved dependency: simpleclient_tracer_otel-0.16.0.jar
#15 137.2 [INFO] Resolved dependency: netty-buffer-4.1.121.Final.jar
#15 137.2 [INFO] Resolved dependency: spring-context-6.2.7.jar
#15 137.2 [INFO] Resolved dependency: netty-resolver-dns-classes-macos-4.1.121.Final.jar
#15 137.2 [INFO] Resolved dependency: awaitility-4.2.2.jar
#15 137.2 [INFO] Resolved dependency: spring-boot-starter-logging-3.5.10.jar
#15 137.2 [INFO] Resolved dependency: perfmark-api-0.26.0.jar
#15 137.2 [INFO] Resolved dependency: micrometer-observation-1.14.14.jar
#15 137.2 [INFO] Resolved dependency: spring-boot-actuator-3.5.0.jar
#15 137.2 [INFO] Resolved dependency: logback-core-1.4.14.jar
#15 137.2 [INFO] Resolved dependency: httpcore5-h2-5.3.4.jar
#15 137.2 [INFO] Resolved dependency: nacos-log4j2-adapter-3.0.3.jar
#15 137.2 [INFO] Resolved dependency: animal-sniffer-annotations-1.23.jar
#15 137.2 [INFO] Resolved dependency: j2objc-annotations-2.8.jar
#15 137.2 [INFO] Resolved dependency: tomcat-embed-websocket-10.1.50.jar
#15 137.2 [INFO] Resolved dependency: spring-boot-starter-3.5.0.jar
#15 137.2 [INFO] Resolved dependency: spring-web-6.2.15.jar
#15 137.2 [INFO] Resolved dependency: jakarta.activation-api-2.1.4.jar
#15 137.2 [INFO] Resolved dependency: apiguardian-api-1.1.2.jar
#15 137.2 [INFO] Resolved dependency: jackson-dataformat-yaml-2.19.0.jar
#15 137.2 [INFO] Resolved dependency: byte-buddy-agent-1.15.11.jar
#15 137.2 [INFO] Resolved dependency: LatencyUtils-2.0.3.jar
#15 137.2 [INFO] Resolved dependency: jackson-annotations-2.19.4.jar
#15 137.2 [INFO] Resolved dependency: android-json-0.0.20131108.vaadin1.jar
#15 137.2 [INFO] Resolved dependency: netty-resolver-4.1.121.Final.jar
#15 137.2 [INFO] Resolved dependency: grpc-client-spring-boot-starter-3.1.0.RELEASE.jar
#15 137.2 [INFO] Resolved dependency: spring-webmvc-6.2.15.jar
#15 137.2 [INFO] ------------------------------------------------------------------------
#15 137.2 [INFO] BUILD SUCCESS
#15 137.2 [INFO] ------------------------------------------------------------------------
#15 137.2 [INFO] Total time:  02:15 min
#15 137.2 [INFO] Finished at: 2026-08-26T07:45:19Z
#15 137.2 [INFO] ------------------------------------------------------------------------
#15 DONE 137.6s

#16 [builder  9/12] COPY src ./src
#16 DONE 0.1s

#17 [builder 10/12] COPY target/generated-sources ./target/generated-sources
#17 DONE 0.7s

#18 [builder 11/12] RUN --mount=type=cache,target=/root/.m2     ./mvnw -B package -DskipTests $([ -n "$MAVEN_MIRROR_URL" ] && echo "-s /tmp/settings.xml")
#18 1.833 [INFO] Scanning for projects...
#18 2.248 [INFO] ------------------------------------------------------------------------
#18 2.248 [INFO] Detecting the operating system and CPU architecture
#18 2.248 [INFO] ------------------------------------------------------------------------
#18 2.249 [INFO] os.detected.name: linux
#18 2.249 [INFO] os.detected.arch: x86_64
#18 2.249 [INFO] os.detected.bitness: 64
#18 2.249 [INFO] os.detected.version: 5.15
#18 2.249 [INFO] os.detected.version.major: 5
#18 2.249 [INFO] os.detected.version.minor: 15
#18 2.250 [INFO] os.detected.release: ubuntu
#18 2.250 [INFO] os.detected.release.version: 26.04
#18 2.250 [INFO] os.detected.release.like.ubuntu: true
#18 2.250 [INFO] os.detected.release.like.debian: true
#18 2.250 [INFO] os.detected.classifier: linux-x86_64
#18 2.268 [INFO] 
#18 2.268 [INFO] ------------------------< org.tripsphere:note >-------------------------
#18 2.268 [INFO] Building trip-note-service 0.1.0
#18 2.268 [INFO]   from pom.xml
#18 2.268 [INFO] --------------------------------[ jar ]---------------------------------
#18 3.139 [INFO] Downloading from central: https://repo.maven.apache.org/maven2/com/google/protobuf/protobuf-java-util/3.25.1/protobuf-java-util-3.25.1.jar
#18 4.234 [INFO] Downloaded from central: https://repo.maven.apache.org/maven2/com/google/protobuf/protobuf-java-util/3.25.1/protobuf-java-util-3.25.1.jar (73 kB at 67 kB/s)
#18 4.248 [INFO] 
#18 4.248 [INFO] --- build-helper:3.3.0:add-source (add-sources) @ note ---
#18 4.485 [INFO] Source directory: /app/target/generated-sources/protobuf/java added.
#18 4.485 [INFO] Source directory: /app/target/generated-sources/protobuf/grpc-java added.
#18 4.485 [INFO] 
#18 4.485 [INFO] --- spring-boot:3.5.10:build-info (default) @ note ---
#18 4.674 [INFO] 
#18 4.674 [INFO] --- resources:3.3.1:resources (default-resources) @ note ---
#18 4.754 [INFO] Copying 2 resources from src/main/resources to target/classes
#18 4.768 [INFO] Copying 0 resource from src/main/resources to target/classes
#18 4.769 [INFO] 
#18 4.769 [INFO] --- compiler:3.11.0:compile (default-compile) @ note ---
#18 4.929 [INFO] Changes detected - recompiling the module! :source
#18 4.933 [INFO] Compiling 413 source files with javac [debug release 21] to target/classes
#18 18.50 [INFO] 
#18 18.50 [INFO] --- resources:3.3.1:testResources (default-testResources) @ note ---
#18 18.51 [INFO] skip non existing resourceDirectory /app/src/test/resources
#18 18.51 [INFO] 
#18 18.51 [INFO] --- compiler:3.11.0:testCompile (default-testCompile) @ note ---
#18 18.52 [INFO] Changes detected - recompiling the module! :dependency
#18 18.52 [INFO] Compiling 1 source file with javac [debug release 21] to target/test-classes
#18 18.92 [INFO] 
#18 18.92 [INFO] --- surefire:3.5.4:test (default-test) @ note ---
#18 19.00 [INFO] Tests are skipped.
#18 19.00 [INFO] 
#18 19.00 [INFO] --- jar:3.4.2:jar (default-jar) @ note ---
#18 19.33 [INFO] Building jar: /app/target/note-0.1.0.jar
#18 19.51 [INFO] 
#18 19.51 [INFO] --- spring-boot:3.5.10:repackage (repackage) @ note ---
#18 20.32 [INFO] Replacing main artifact /app/target/note-0.1.0.jar with repackaged archive, adding nested dependencies in BOOT-INF/.
#18 20.32 [INFO] The original artifact has been renamed to /app/target/note-0.1.0.jar.original
#18 20.32 [INFO] ------------------------------------------------------------------------
#18 20.32 [INFO] BUILD SUCCESS
#18 20.32 [INFO] ------------------------------------------------------------------------
#18 20.32 [INFO] Total time:  18.515 s
#18 20.32 [INFO] Finished at: 2026-08-26T07:45:40Z
#18 20.32 [INFO] ------------------------------------------------------------------------
#18 DONE 20.7s

#19 [builder 12/12] RUN java -Djarmode=tools -jar target/note-*.jar extract --layers --launcher --destination extracted/
#19 DONE 1.4s

#20 [stage-1 2/8] WORKDIR /app
#20 CACHED

#21 [stage-1 3/8] RUN addgroup --system nonroot && adduser --system nonroot --ingroup nonroot
#21 CACHED

#22 [stage-1 4/8] ADD --chmod=644     https://github.com/open-telemetry/opentelemetry-java-instrumentation/releases/download/v2.23.0/opentelemetry-javaagent.jar     /app/opentelemetry-javaagent.jar
#22 CACHED

#23 [stage-1 5/8] COPY --from=builder --chown=nonroot:nonroot /app/extracted/dependencies/ ./
#23 CACHED

#24 [stage-1 6/8] COPY --from=builder --chown=nonroot:nonroot /app/extracted/spring-boot-loader/ ./
#24 CACHED

#25 [stage-1 7/8] COPY --from=builder --chown=nonroot:nonroot /app/extracted/snapshot-dependencies/ ./
#25 CACHED

#26 [stage-1 8/8] COPY --from=builder --chown=nonroot:nonroot /app/extracted/application/ ./
#26 DONE 0.2s

#27 exporting to image
#27 exporting layers
#27 exporting layers 0.2s done
#27 writing image sha256:c3b3e499abdcde25bc6dd3c9df8f8050d3741048e80ed29453fbc8e4131de8ca done
#27 naming to docker.io/tripsphere/trip-note-service:latest done
#27 DONE 0.2s
task: [order-assistant:build] docker build . -t tripsphere/trip-order-assistant:latest
#0 building with "default" instance using docker driver

#1 [internal] load build definition from Dockerfile
#1 transferring dockerfile: 2.70kB done
#1 DONE 0.0s

#2 [internal] load metadata for ghcr.io/astral-sh/uv:python3.12-bookworm-slim
#2 ...

#3 [internal] load metadata for docker.io/library/python:3.12-slim-bookworm
#3 DONE 0.4s

#2 [internal] load metadata for ghcr.io/astral-sh/uv:python3.12-bookworm-slim
#2 DONE 7.1s

#4 [internal] load .dockerignore
#4 transferring context: 688B done
#4 DONE 0.0s

#5 [builder 1/8] FROM ghcr.io/astral-sh/uv:python3.12-bookworm-slim@sha256:e5b65587bce7de595f299855d7385fe7fca39b8a74baa261ba1b7147afa78e58
#5 DONE 0.0s

#6 [stage-1 1/4] FROM docker.io/library/python:3.12-slim-bookworm@sha256:0f5b26b9518d002b6173fd61daad821fa340635ebfec5bba471013f9ca114579
#6 resolve docker.io/library/python:3.12-slim-bookworm@sha256:0f5b26b9518d002b6173fd61daad821fa340635ebfec5bba471013f9ca114579 0.0s done
#6 DONE 0.0s

#7 [internal] load build context
#7 transferring context: 1.26MB 0.0s done
#7 DONE 0.1s

#8 [builder 2/8] WORKDIR /app
#8 CACHED

#9 [builder 3/8] COPY libs ./libs
#9 CACHED

#10 [builder 4/8] RUN --mount=type=cache,target=/root/.cache/uv     --mount=type=bind,source=uv.lock,target=uv.lock     --mount=type=bind,source=pyproject.toml,target=pyproject.toml     uv sync --locked --no-install-project --no-dev
#10 0.305 Using CPython 3.12.12 interpreter at: /usr/local/bin/python3
#10 0.305 Creating virtual environment at: .venv
#10 0.324 Resolved 207 packages in 1ms
#10 0.459    Building tripsphere @ file:///app/libs/tripsphere
#10 2.202       Built tripsphere @ file:///app/libs/tripsphere
#10 2.205 Prepared 1 package in 1.74s
#10 10.66 Installed 193 packages in 8.45s
#10 17.13 Bytecode compiled 12768 files in 6.47s
#10 17.13  + a2a==0.44
#10 17.13  + a2a-sdk==0.3.24
#10 17.13  + aiofiles==25.1.0
#10 17.13  + aiohappyeyeballs==2.6.1
#10 17.13  + aiohttp==3.13.3
#10 17.13  + aiosignal==1.4.0
#10 17.13  + aiosqlite==0.22.1
#10 17.13  + alembic==1.18.4
#10 17.13  + alibabacloud-credentials==0.3.6
#10 17.13  + alibabacloud-darabonba-array==0.1.0
#10 17.13  + alibabacloud-darabonba-encode-util==0.0.2
#10 17.13  + alibabacloud-darabonba-map==0.0.1
#10 17.13  + alibabacloud-darabonba-signature-util==0.0.4
#10 17.13  + alibabacloud-darabonba-string==0.0.4
#10 17.13  + alibabacloud-endpoint-util==0.0.4
#10 17.13  + alibabacloud-gateway-pop==0.0.9
#10 17.13  + alibabacloud-gateway-spi==0.0.3
#10 17.13  + alibabacloud-kms20160120==2.2.3
#10 17.13  + alibabacloud-openapi-util==0.2.4
#10 17.13  + alibabacloud-tea==0.4.3
#10 17.13  + alibabacloud-tea-openapi==0.3.14
#10 17.13  + alibabacloud-tea-util==0.3.14
#10 17.13  + alibabacloud-tea-xml==0.0.3
#10 17.13  + annotated-doc==0.0.4
#10 17.13  + annotated-types==0.7.0
#10 17.13  + anyio==4.12.1
#10 17.13  + attrs==25.4.0
#10 17.13  + authlib==1.6.9
#10 17.13  + automat==25.4.16
#10 17.13  + certifi==2026.2.25
#10 17.13  + cffi==2.0.0
#10 17.13  + charset-normalizer==3.4.5
#10 17.13  + click==8.3.1
#10 17.13  + cloudpickle==3.1.2
#10 17.13  + constantly==23.10.4
#10 17.13  + cryptography==46.0.5
#10 17.13  + cssselect==1.4.0
#10 17.13  + defusedxml==0.7.1
#10 17.13  + distro==1.9.0
#10 17.13  + docstring-parser==0.17.0
#10 17.13  + fastapi==0.135.1
#10 17.13  + fastuuid==0.14.0
#10 17.13  + filelock==3.25.1
#10 17.13  + frozenlist==1.8.0
#10 17.13  + fsspec==2026.2.0
#10 17.13  + google-adk==1.30.0
#10 17.13  + google-api-core==2.30.0
#10 17.13  + google-api-python-client==2.192.0
#10 17.14  + google-auth==2.49.0
#10 17.14  + google-auth-httplib2==0.3.0
#10 17.14  + google-cloud-aiplatform==1.140.0
#10 17.14  + google-cloud-appengine-logging==1.8.0
#10 17.14  + google-cloud-audit-log==0.4.0
#10 17.14  + google-cloud-bigquery==3.40.1
#10 17.14  + google-cloud-bigquery-storage==2.36.2
#10 17.14  + google-cloud-bigtable==2.35.0
#10 17.14  + google-cloud-core==2.5.0
#10 17.14  + google-cloud-dataplex==2.18.0
#10 17.14  + google-cloud-discoveryengine==0.13.12
#10 17.14  + google-cloud-iam==2.21.0
#10 17.14  + google-cloud-logging==3.14.0
#10 17.14  + google-cloud-monitoring==2.29.1
#10 17.14  + google-cloud-pubsub==2.35.0
#10 17.14  + google-cloud-resource-manager==1.16.0
#10 17.14  + google-cloud-secret-manager==2.26.0
#10 17.14  + google-cloud-spanner==3.63.0
#10 17.14  + google-cloud-speech==2.37.0
#10 17.14  + google-cloud-storage==3.9.0
#10 17.14  + google-cloud-trace==1.18.0
#10 17.14  + google-crc32c==1.8.0
#10 17.14  + google-genai==1.73.0
#10 17.14  + google-resumable-media==2.8.0
#10 17.14  + googleapis-common-protos==1.73.0
#10 17.14  + graphviz==0.21
#10 17.14  + greenlet==3.3.2
#10 17.14  + grpc-google-iam-v1==0.14.3
#10 17.14  + grpc-interceptor==0.15.4
#10 17.14  + grpcio==1.78.0
#10 17.14  + grpcio-status==1.78.0
#10 17.14  + h11==0.16.0
#10 17.14  + hf-xet==1.3.2
#10 17.14  + httpcore==1.0.9
#10 17.14  + httplib2==0.31.2
#10 17.14  + httpx==0.28.1
#10 17.14  + httpx-sse==0.4.3
#10 17.14  + huggingface-hub==1.6.0
#10 17.14  + hyperlink==21.0.0
#10 17.14  + idna==3.11
#10 17.14  + importlib-metadata==8.7.1
#10 17.14  + incremental==24.11.0
#10 17.14  + itemadapter==0.13.1
#10 17.14  + itemloaders==1.4.0
#10 17.14  + jinja2==3.1.6
#10 17.14  + jiter==0.13.0
#10 17.14  + jmespath==1.1.0
#10 17.14  + jsonschema==4.26.0
#10 17.14  + jsonschema-specifications==2025.9.1
#10 17.14  + litellm==1.82.1
#10 17.14  + lxml==6.0.2
#10 17.14  + mako==1.3.10
#10 17.14  + markdown-it-py==4.0.0
#10 17.14  + markupsafe==3.0.3
#10 17.14  + mcp==1.26.0
#10 17.14  + mdurl==0.1.2
#10 17.14  + mmh3==5.2.1
#10 17.14  + multidict==6.7.1
#10 17.14  + nacos-sdk-python==3.0.4
#10 17.14  + openai==2.26.0
#10 17.14  + openinference-instrumentation==0.1.46
#10 17.14  + openinference-instrumentation-google-adk==0.1.10
#10 17.14  + openinference-instrumentation-litellm==0.1.29
#10 17.14  + openinference-semantic-conventions==0.1.27
#10 17.14  + opentelemetry-api==1.38.0
#10 17.14  + opentelemetry-distro==0.59b0
#10 17.14  + opentelemetry-exporter-gcp-logging==1.11.0a0
#10 17.14  + opentelemetry-exporter-gcp-monitoring==1.11.0a0
#10 17.14  + opentelemetry-exporter-gcp-trace==1.11.0
#10 17.14  + opentelemetry-exporter-otlp==1.38.0
#10 17.14  + opentelemetry-exporter-otlp-proto-common==1.38.0
#10 17.14  + opentelemetry-exporter-otlp-proto-grpc==1.38.0
#10 17.14  + opentelemetry-exporter-otlp-proto-http==1.38.0
#10 17.14  + opentelemetry-instrumentation==0.59b0
#10 17.14  + opentelemetry-instrumentation-google-genai==0.7b0
#10 17.14  + opentelemetry-proto==1.38.0
#10 17.14  + opentelemetry-resourcedetector-gcp==1.11.0a0
#10 17.14  + opentelemetry-sdk==1.38.0
#10 17.14  + opentelemetry-semantic-conventions==0.59b0
#10 17.14  + opentelemetry-util-genai==0.3b0
#10 17.14  + packaging==26.0
#10 17.14  + parsel==1.11.0
#10 17.14  + propcache==0.4.1
#10 17.14  + protego==0.6.0
#10 17.14  + proto-plus==1.27.1
#10 17.14  + protobuf==6.33.5
#10 17.14  + psutil==7.2.2
#10 17.14  + pyarrow==23.0.1
#10 17.14  + pyasn1==0.6.2
#10 17.14  + pyasn1-modules==0.4.2
#10 17.14  + pycparser==3.0
#10 17.14  + pycryptodome==3.23.0
#10 17.14  + pydantic==2.12.5
#10 17.14  + pydantic-core==2.41.5
#10 17.14  + pydantic-settings==2.13.1
#10 17.14  + pydispatcher==2.0.7
#10 17.14  + pygments==2.19.2
#10 17.14  + pyjwt==2.11.0
#10 17.14  + pyopenssl==25.3.0
#10 17.14  + pyparsing==3.3.2
#10 17.14  + python-dateutil==2.9.0.post0
#10 17.14  + python-dotenv==1.2.2
#10 17.14  + python-multipart==0.0.22
#10 17.14  + pyyaml==6.0.3
#10 17.14  + queuelib==1.9.0
#10 17.14  + referencing==0.37.0
#10 17.14  + regex==2026.2.28
#10 17.14  + requests==2.32.5
#10 17.14  + requests-file==3.0.1
#10 17.14  + rich==14.3.3
#10 17.14  + rpds-py==0.30.0
#10 17.14  + rsa==4.9.1
#10 17.14  + scrapy==2.14.1
#10 17.14  + service-identity==24.2.0
#10 17.14  + setuptools==82.0.1
#10 17.14  + shellingham==1.5.4
#10 17.14  + six==1.17.0
#10 17.14  + sniffio==1.3.1
#10 17.14  + sqlalchemy==2.0.48
#10 17.14  + sqlalchemy-spanner==1.17.2
#10 17.14  + sqlparse==0.5.5
#10 17.14  + sse-starlette==3.3.2
#10 17.14  + starlette==0.52.1
#10 17.14  + tabulate==0.10.0
#10 17.14  + tenacity==9.1.4
#10 17.14  + tiktoken==0.12.0
#10 17.14  + tldextract==5.3.1
#10 17.14  + tokenizers==0.22.2
#10 17.14  + tqdm==4.67.3
#10 17.14  + tripsphere==0.1.0 (from file:///app/libs/tripsphere)
#10 17.14  + twisted==25.5.0
#10 17.14  + typer==0.24.1
#10 17.14  + typing-extensions==4.15.0
#10 17.14  + typing-inspection==0.4.2
#10 17.14  + tzlocal==5.3.1
#10 17.14  + uritemplate==4.2.0
#10 17.14  + urllib3==2.6.3
#10 17.14  + uvicorn==0.41.0
#10 17.14  + w3lib==2.4.0
#10 17.14  + watchdog==6.0.0
#10 17.14  + websockets==15.0.1
#10 17.14  + wrapt==1.17.3
#10 17.14  + yarl==1.23.0
#10 17.14  + zipp==3.23.0
#10 17.14  + zope-interface==8.2
#10 DONE 20.0s

#11 [builder 5/8] COPY pyproject.toml uv.lock README.md ./
#11 DONE 0.2s

#12 [builder 6/8] COPY src ./src
#12 DONE 0.1s

#13 [builder 7/8] RUN --mount=type=cache,target=/root/.cache/uv     uv sync --locked --no-dev
#13 0.378 Resolved 207 packages in 1ms
#13 0.666    Building order-assistant @ file:///app
#13 0.788       Built order-assistant @ file:///app
#13 0.791 Prepared 1 package in 125ms
#13 0.792 Installed 1 package in 1ms
#13 1.257 Bytecode compiled 12768 files in 464ms
#13 1.257  + order-assistant==0.1.0 (from file:///app)
#13 DONE 1.4s

#14 [builder 8/8] RUN --mount=type=cache,target=/root/.cache/uv     uv run --locked --no-dev opentelemetry-bootstrap -a requirements     | uv pip install --requirements -
#14 0.803 Bytecode compiled 12768 files in 468ms
#14 2.800 Resolved 35 packages in 1.43s
#14 2.864 Uninstalled 1 package in 2ms
#14 2.911 Installed 26 packages in 47ms
#14 3.305 Bytecode compiled 12869 files in 393ms
#14 3.305  + asgiref==3.12.1
#14 3.305  + opentelemetry-instrumentation-aiohttp-client==0.59b0
#14 3.305  + opentelemetry-instrumentation-aiohttp-server==0.59b0
#14 3.305  + opentelemetry-instrumentation-asgi==0.59b0
#14 3.305  + opentelemetry-instrumentation-asyncio==0.59b0
#14 3.305  + opentelemetry-instrumentation-click==0.59b0
#14 3.305  + opentelemetry-instrumentation-dbapi==0.59b0
#14 3.305  + opentelemetry-instrumentation-fastapi==0.59b0
#14 3.305  + opentelemetry-instrumentation-grpc==0.59b0
#14 3.305  + opentelemetry-instrumentation-httpx==0.59b0
#14 3.305  + opentelemetry-instrumentation-jinja2==0.59b0
#14 3.305  + opentelemetry-instrumentation-logging==0.59b0
#14 3.305  + opentelemetry-instrumentation-openai-v2==2.3b0
#14 3.305  + opentelemetry-instrumentation-requests==0.59b0
#14 3.305  + opentelemetry-instrumentation-sqlalchemy==0.59b0
#14 3.305  + opentelemetry-instrumentation-sqlite3==0.59b0
#14 3.305  + opentelemetry-instrumentation-starlette==0.59b0
#14 3.305  + opentelemetry-instrumentation-system-metrics==0.59b0
#14 3.305  + opentelemetry-instrumentation-threading==0.59b0
#14 3.305  + opentelemetry-instrumentation-tortoiseorm==0.59b0
#14 3.305  + opentelemetry-instrumentation-urllib==0.59b0
#14 3.305  + opentelemetry-instrumentation-urllib3==0.59b0
#14 3.305  + opentelemetry-instrumentation-vertexai==2.2b0
#14 3.305  + opentelemetry-instrumentation-wsgi==0.59b0
#14 3.305  - opentelemetry-util-genai==0.3b0
#14 3.305  + opentelemetry-util-genai==0.2b0
#14 3.305  + opentelemetry-util-http==0.59b0
#14 DONE 3.4s

#15 [stage-1 2/4] RUN groupadd --system --gid 999 nonroot     && useradd --system --gid 999 --uid 999 --create-home nonroot
#15 CACHED

#16 [stage-1 3/4] COPY --from=builder --chown=nonroot:nonroot /app /app
#16 DONE 10.8s

#17 [stage-1 4/4] WORKDIR /app
#17 DONE 0.0s

#18 exporting to image
#18 exporting layers
#18 exporting layers 7.8s done
#18 writing image sha256:2d9edc03d7416f9a88f77155f42112217667733334d9bbfab78a6f4ef6740bed done
#18 naming to docker.io/tripsphere/trip-order-assistant:latest done
#18 DONE 7.8s
task: [order:build] docker build . -t tripsphere/trip-order-service:latest
#0 building with "default" instance using docker driver

#1 [internal] load build definition from Dockerfile
#1 transferring dockerfile: 2.11kB done
#1 DONE 0.0s

#2 [internal] load metadata for docker.io/library/eclipse-temurin:21-jdk
#2 ...

#3 [internal] load metadata for docker.io/library/eclipse-temurin:21-jre
#3 DONE 0.3s

#2 [internal] load metadata for docker.io/library/eclipse-temurin:21-jdk
#2 DONE 0.3s

#4 [internal] load .dockerignore
#4 transferring context: 534B done
#4 DONE 0.0s

#5 [builder  1/12] FROM docker.io/library/eclipse-temurin:21-jdk@sha256:85f00967bcc624fc19fa9c2cf124ea426a5363898e267141726f31f358c2e14b
#5 DONE 0.0s

#6 [stage-1 1/8] FROM docker.io/library/eclipse-temurin:21-jre@sha256:7a65df4b22d2de92d4e04056e884f3b9122d70b21e2847fd66084278bd0ce037
#6 DONE 0.0s

#7 [internal] load build context
#7 transferring context: 5.96MB 0.1s done
#7 DONE 0.2s

#8 [builder  2/12] WORKDIR /app
#8 CACHED

#9 [builder  3/12] COPY .mvn/ .mvn/
#9 CACHED

#10 [builder  4/12] COPY mvnw mvnw.cmd ./
#10 CACHED

#11 [builder  5/12] RUN chmod +x mvnw
#11 CACHED

#12 [builder  6/12] COPY pom.xml ./
#12 DONE 0.1s

#13 [stage-1 4/8] ADD --chmod=644     https://github.com/open-telemetry/opentelemetry-java-instrumentation/releases/download/v2.23.0/opentelemetry-javaagent.jar     /app/opentelemetry-javaagent.jar
#13 ...

#14 [builder  7/12] RUN <<EOF cat > /tmp/settings.xml
#14 DONE 0.3s

#15 [builder  8/12] RUN --mount=type=cache,target=/root/.m2     ./mvnw -B dependency:go-offline $([ -n "$MAVEN_MIRROR_URL" ] && echo "-s /tmp/settings.xml")
#15 1.814 [INFO] Scanning for projects...
#15 2.269 [INFO] ------------------------------------------------------------------------
#15 2.269 [INFO] Detecting the operating system and CPU architecture
#15 2.269 [INFO] ------------------------------------------------------------------------
#15 2.270 [INFO] os.detected.name: linux
#15 2.270 [INFO] os.detected.arch: x86_64
#15 2.270 [INFO] os.detected.bitness: 64
#15 2.270 [INFO] os.detected.version: 5.15
#15 2.270 [INFO] os.detected.version.major: 5
#15 2.270 [INFO] os.detected.version.minor: 15
#15 2.271 [INFO] os.detected.release: ubuntu
#15 2.271 [INFO] os.detected.release.version: 26.04
#15 2.271 [INFO] os.detected.release.like.ubuntu: true
#15 2.271 [INFO] os.detected.release.like.debian: true
#15 2.271 [INFO] os.detected.classifier: linux-x86_64
#15 2.688 [INFO] 
#15 2.688 [INFO] ------------------------< org.tripsphere:order >------------------------
#15 2.688 [INFO] Building trip-order-service 0.1.0
#15 2.688 [INFO]   from pom.xml
#15 2.688 [INFO] --------------------------------[ jar ]---------------------------------
#15 2.695 [INFO] 
#15 2.695 [INFO] --- dependency:3.8.1:go-offline (default-cli) @ order ---
#15 ...

#13 [stage-1 4/8] ADD --chmod=644     https://github.com/open-telemetry/opentelemetry-java-instrumentation/releases/download/v2.23.0/opentelemetry-javaagent.jar     /app/opentelemetry-javaagent.jar
#13 DONE 3.9s

#15 [builder  8/12] RUN --mount=type=cache,target=/root/.m2     ./mvnw -B dependency:go-offline $([ -n "$MAVEN_MIRROR_URL" ] && echo "-s /tmp/settings.xml")
#15 4.825 [INFO] Downloading from central: https://repo.maven.apache.org/maven2/org/postgresql/postgresql/42.7.9/postgresql-42.7.9.pom
#15 5.746 [INFO] Downloaded from central: https://repo.maven.apache.org/maven2/org/postgresql/postgresql/42.7.9/postgresql-42.7.9.pom (2.7 kB at 2.9 kB/s)
#15 5.761 [INFO] Downloading from central: https://repo.maven.apache.org/maven2/org/checkerframework/checker-qual/3.52.0/checker-qual-3.52.0.pom
#15 5.940 [INFO] Downloaded from central: https://repo.maven.apache.org/maven2/org/checkerframework/checker-qual/3.52.0/checker-qual-3.52.0.pom (2.1 kB at 12 kB/s)
#15 5.944 [INFO] Downloading from central: https://repo.maven.apache.org/maven2/com/github/waffle/waffle-jna/1.9.1/waffle-jna-1.9.1.pom
#15 6.127 [INFO] Downloaded from central: https://repo.maven.apache.org/maven2/com/github/waffle/waffle-jna/1.9.1/waffle-jna-1.9.1.pom (3.1 kB at 17 kB/s)
#15 6.130 [INFO] Downloading from central: https://repo.maven.apache.org/maven2/com/github/waffle/waffle-parent/1.9.1/waffle-parent-1.9.1.pom
#15 6.316 [INFO] Downloaded from central: https://repo.maven.apache.org/maven2/com/github/waffle/waffle-parent/1.9.1/waffle-parent-1.9.1.pom (67 kB at 362 kB/s)
#15 6.322 [INFO] Downloading from central: https://repo.maven.apache.org/maven2/net/java/dev/jna/jna/4.5.1/jna-4.5.1.pom
#15 6.499 [INFO] Downloaded from central: https://repo.maven.apache.org/maven2/net/java/dev/jna/jna/4.5.1/jna-4.5.1.pom (1.6 kB at 8.9 kB/s)
#15 6.503 [INFO] Downloading from central: https://repo.maven.apache.org/maven2/net/java/dev/jna/jna-platform/4.5.1/jna-platform-4.5.1.pom
#15 6.680 [INFO] Downloaded from central: https://repo.maven.apache.org/maven2/net/java/dev/jna/jna-platform/4.5.1/jna-platform-4.5.1.pom (1.8 kB at 10 kB/s)
#15 6.683 [INFO] Downloading from central: https://repo.maven.apache.org/maven2/org/slf4j/jcl-over-slf4j/1.7.25/jcl-over-slf4j-1.7.25.pom
#15 6.859 [INFO] Downloaded from central: https://repo.maven.apache.org/maven2/org/slf4j/jcl-over-slf4j/1.7.25/jcl-over-slf4j-1.7.25.pom (959 B at 5.4 kB/s)
#15 6.862 [INFO] Downloading from central: https://repo.maven.apache.org/maven2/org/slf4j/slf4j-parent/1.7.25/slf4j-parent-1.7.25.pom
#15 7.039 [INFO] Downloaded from central: https://repo.maven.apache.org/maven2/org/slf4j/slf4j-parent/1.7.25/slf4j-parent-1.7.25.pom (14 kB at 76 kB/s)
#15 7.043 [INFO] Downloading from central: https://repo.maven.apache.org/maven2/org/slf4j/slf4j-api/1.7.25/slf4j-api-1.7.25.pom
#15 7.219 [INFO] Downloaded from central: https://repo.maven.apache.org/maven2/org/slf4j/slf4j-api/1.7.25/slf4j-api-1.7.25.pom (3.8 kB at 22 kB/s)
#15 7.222 [INFO] Downloading from central: https://repo.maven.apache.org/maven2/com/github/ben-manes/caffeine/caffeine/2.6.2/caffeine-2.6.2.pom
#15 7.399 [INFO] Downloaded from central: https://repo.maven.apache.org/maven2/com/github/ben-manes/caffeine/caffeine/2.6.2/caffeine-2.6.2.pom (5.6 kB at 32 kB/s)
#15 7.406 [INFO] Downloading from central: https://repo.maven.apache.org/maven2/org/postgresql/postgresql/42.7.9/postgresql-42.7.9.jar
#15 9.135 [INFO] Downloaded from central: https://repo.maven.apache.org/maven2/org/postgresql/postgresql/42.7.9/postgresql-42.7.9.jar (1.1 MB at 654 kB/s)
#15 9.136 [INFO] Downloading from central: https://repo.maven.apache.org/maven2/org/checkerframework/checker-qual/3.52.0/checker-qual-3.52.0.jar
#15 9.137 [INFO] Downloading from central: https://repo.maven.apache.org/maven2/com/github/waffle/waffle-jna/1.9.1/waffle-jna-1.9.1.jar
#15 9.137 [INFO] Downloading from central: https://repo.maven.apache.org/maven2/net/java/dev/jna/jna-platform/4.5.1/jna-platform-4.5.1.jar
#15 9.137 [INFO] Downloading from central: https://repo.maven.apache.org/maven2/net/java/dev/jna/jna/4.5.1/jna-4.5.1.jar
#15 9.138 [INFO] Downloading from central: https://repo.maven.apache.org/maven2/org/slf4j/jcl-over-slf4j/1.7.25/jcl-over-slf4j-1.7.25.jar
#15 9.514 [INFO] Downloaded from central: https://repo.maven.apache.org/maven2/org/checkerframework/checker-qual/3.52.0/checker-qual-3.52.0.jar (242 kB at 639 kB/s)
#15 9.514 [INFO] Downloading from central: https://repo.maven.apache.org/maven2/org/slf4j/slf4j-api/1.7.25/slf4j-api-1.7.25.jar
#15 9.665 [INFO] Downloaded from central: https://repo.maven.apache.org/maven2/org/slf4j/jcl-over-slf4j/1.7.25/jcl-over-slf4j-1.7.25.jar (17 kB at 31 kB/s)
#15 9.665 [INFO] Downloading from central: https://repo.maven.apache.org/maven2/com/github/ben-manes/caffeine/caffeine/2.6.2/caffeine-2.6.2.jar
#15 9.699 [INFO] Downloaded from central: https://repo.maven.apache.org/maven2/org/slf4j/slf4j-api/1.7.25/slf4j-api-1.7.25.jar (41 kB at 73 kB/s)
#15 9.807 [INFO] Downloaded from central: https://repo.maven.apache.org/maven2/com/github/waffle/waffle-jna/1.9.1/waffle-jna-1.9.1.jar (68 kB at 101 kB/s)
#15 10.50 [INFO] Downloaded from central: https://repo.maven.apache.org/maven2/com/github/ben-manes/caffeine/caffeine/2.6.2/caffeine-2.6.2.jar (660 kB at 483 kB/s)
#15 10.56 [INFO] Downloaded from central: https://repo.maven.apache.org/maven2/net/java/dev/jna/jna/4.5.1/jna-4.5.1.jar (1.4 MB at 1.0 MB/s)
#15 10.64 [INFO] Downloaded from central: https://repo.maven.apache.org/maven2/net/java/dev/jna/jna-platform/4.5.1/jna-platform-4.5.1.jar (2.3 MB at 1.5 MB/s)
#15 10.65 [INFO] Downloading from central: https://repo.maven.apache.org/maven2/org/springframework/boot/spring-boot-starter-data-jpa/3.5.10/spring-boot-starter-data-jpa-3.5.10.pom
#15 10.83 [INFO] Downloaded from central: https://repo.maven.apache.org/maven2/org/springframework/boot/spring-boot-starter-data-jpa/3.5.10/spring-boot-starter-data-jpa-3.5.10.pom (2.9 kB at 16 kB/s)
#15 10.87 [INFO] Downloading from central: https://repo.maven.apache.org/maven2/org/springframework/boot/spring-boot-starter-jdbc/3.5.10/spring-boot-starter-jdbc-3.5.10.pom
#15 11.05 [INFO] Downloaded from central: https://repo.maven.apache.org/maven2/org/springframework/boot/spring-boot-starter-jdbc/3.5.10/spring-boot-starter-jdbc-3.5.10.pom (2.5 kB at 14 kB/s)
#15 11.05 [INFO] Downloading from central: https://repo.maven.apache.org/maven2/com/zaxxer/HikariCP/6.3.3/HikariCP-6.3.3.pom
#15 11.24 [INFO] Downloaded from central: https://repo.maven.apache.org/maven2/com/zaxxer/HikariCP/6.3.3/HikariCP-6.3.3.pom (29 kB at 153 kB/s)
#15 11.24 [INFO] Downloading from central: https://repo.maven.apache.org/maven2/org/springframework/spring-jdbc/6.2.15/spring-jdbc-6.2.15.pom
#15 11.42 [INFO] Downloaded from central: https://repo.maven.apache.org/maven2/org/springframework/spring-jdbc/6.2.15/spring-jdbc-6.2.15.pom (2.4 kB at 13 kB/s)
#15 11.43 [INFO] Downloading from central: https://repo.maven.apache.org/maven2/org/hibernate/orm/hibernate-core/6.6.41.Final/hibernate-core-6.6.41.Final.pom
#15 11.62 [INFO] Downloaded from central: https://repo.maven.apache.org/maven2/org/hibernate/orm/hibernate-core/6.6.41.Final/hibernate-core-6.6.41.Final.pom (5.8 kB at 30 kB/s)
#15 11.62 [INFO] Downloading from central: https://repo.maven.apache.org/maven2/jakarta/persistence/jakarta.persistence-api/3.1.0/jakarta.persistence-api-3.1.0.pom
#15 11.81 [INFO] Downloaded from central: https://repo.maven.apache.org/maven2/jakarta/persistence/jakarta.persistence-api/3.1.0/jakarta.persistence-api-3.1.0.pom (16 kB at 86 kB/s)
#15 11.81 [INFO] Downloading from central: https://repo.maven.apache.org/maven2/jakarta/transaction/jakarta.transaction-api/2.0.1/jakarta.transaction-api-2.0.1.pom
#15 11.99 [INFO] Downloaded from central: https://repo.maven.apache.org/maven2/jakarta/transaction/jakarta.transaction-api/2.0.1/jakarta.transaction-api-2.0.1.pom (14 kB at 76 kB/s)
#15 11.99 [INFO] Downloading from central: https://repo.maven.apache.org/maven2/org/jboss/logging/jboss-logging/3.5.0.Final/jboss-logging-3.5.0.Final.pom
#15 12.17 [INFO] Downloaded from central: https://repo.maven.apache.org/maven2/org/jboss/logging/jboss-logging/3.5.0.Final/jboss-logging-3.5.0.Final.pom (18 kB at 97 kB/s)
#15 12.18 [INFO] Downloading from central: https://repo.maven.apache.org/maven2/org/hibernate/common/hibernate-commons-annotations/7.0.3.Final/hibernate-commons-annotations-7.0.3.Final.pom
#15 12.36 [INFO] Downloaded from central: https://repo.maven.apache.org/maven2/org/hibernate/common/hibernate-commons-annotations/7.0.3.Final/hibernate-commons-annotations-7.0.3.Final.pom (2.0 kB at 11 kB/s)
#15 12.36 [INFO] Downloading from central: https://repo.maven.apache.org/maven2/io/smallrye/jandex/3.2.0/jandex-3.2.0.pom
#15 12.54 [INFO] Downloaded from central: https://repo.maven.apache.org/maven2/io/smallrye/jandex/3.2.0/jandex-3.2.0.pom (7.0 kB at 38 kB/s)
#15 12.54 [INFO] Downloading from central: https://repo.maven.apache.org/maven2/io/smallrye/jandex-parent/3.2.0/jandex-parent-3.2.0.pom
#15 12.72 [INFO] Downloaded from central: https://repo.maven.apache.org/maven2/io/smallrye/jandex-parent/3.2.0/jandex-parent-3.2.0.pom (7.2 kB at 40 kB/s)
#15 12.73 [INFO] Downloading from central: https://repo.maven.apache.org/maven2/io/smallrye/smallrye-build-parent/42/smallrye-build-parent-42.pom
#15 12.90 [INFO] Downloaded from central: https://repo.maven.apache.org/maven2/io/smallrye/smallrye-build-parent/42/smallrye-build-parent-42.pom (39 kB at 221 kB/s)
#15 12.91 [INFO] Downloading from central: https://repo.maven.apache.org/maven2/com/fasterxml/classmate/1.5.1/classmate-1.5.1.pom
#15 13.10 [INFO] Downloaded from central: https://repo.maven.apache.org/maven2/com/fasterxml/classmate/1.5.1/classmate-1.5.1.pom (7.3 kB at 38 kB/s)
#15 13.10 [INFO] Downloading from central: https://repo.maven.apache.org/maven2/com/fasterxml/oss-parent/35/oss-parent-35.pom
#15 13.28 [INFO] Downloaded from central: https://repo.maven.apache.org/maven2/com/fasterxml/oss-parent/35/oss-parent-35.pom (23 kB at 127 kB/s)
#15 13.28 [INFO] Downloading from central: https://repo.maven.apache.org/maven2/net/bytebuddy/byte-buddy/1.17.5/byte-buddy-1.17.5.pom
#15 13.47 [INFO] Downloaded from central: https://repo.maven.apache.org/maven2/net/bytebuddy/byte-buddy/1.17.5/byte-buddy-1.17.5.pom (19 kB at 104 kB/s)
#15 13.47 [INFO] Downloading from central: https://repo.maven.apache.org/maven2/net/bytebuddy/byte-buddy-parent/1.17.5/byte-buddy-parent-1.17.5.pom
#15 13.66 [INFO] Downloaded from central: https://repo.maven.apache.org/maven2/net/bytebuddy/byte-buddy-parent/1.17.5/byte-buddy-parent-1.17.5.pom (65 kB at 344 kB/s)
#15 13.67 [INFO] Downloading from central: https://repo.maven.apache.org/maven2/jakarta/xml/bind/jakarta.xml.bind-api/4.0.0/jakarta.xml.bind-api-4.0.0.pom
#15 13.86 [INFO] Downloaded from central: https://repo.maven.apache.org/maven2/jakarta/xml/bind/jakarta.xml.bind-api/4.0.0/jakarta.xml.bind-api-4.0.0.pom (12 kB at 60 kB/s)
#15 13.86 [INFO] Downloading from central: https://repo.maven.apache.org/maven2/jakarta/xml/bind/jakarta.xml.bind-api-parent/4.0.0/jakarta.xml.bind-api-parent-4.0.0.pom
#15 14.05 [INFO] Downloaded from central: https://repo.maven.apache.org/maven2/jakarta/xml/bind/jakarta.xml.bind-api-parent/4.0.0/jakarta.xml.bind-api-parent-4.0.0.pom (9.2 kB at 50 kB/s)
#15 14.05 [INFO] Downloading from central: https://repo.maven.apache.org/maven2/jakarta/activation/jakarta.activation-api/2.1.0/jakarta.activation-api-2.1.0.pom
#15 14.24 [INFO] Downloaded from central: https://repo.maven.apache.org/maven2/jakarta/activation/jakarta.activation-api/2.1.0/jakarta.activation-api-2.1.0.pom (18 kB at 94 kB/s)
#15 14.24 [INFO] Downloading from central: https://repo.maven.apache.org/maven2/org/glassfish/jaxb/jaxb-runtime/4.0.2/jaxb-runtime-4.0.2.pom
#15 14.43 [INFO] Downloaded from central: https://repo.maven.apache.org/maven2/org/glassfish/jaxb/jaxb-runtime/4.0.2/jaxb-runtime-4.0.2.pom (4.8 kB at 26 kB/s)
#15 14.43 [INFO] Downloading from central: https://repo.maven.apache.org/maven2/com/sun/xml/bind/mvn/jaxb-runtime-parent/4.0.2/jaxb-runtime-parent-4.0.2.pom
#15 14.62 [INFO] Downloaded from central: https://repo.maven.apache.org/maven2/com/sun/xml/bind/mvn/jaxb-runtime-parent/4.0.2/jaxb-runtime-parent-4.0.2.pom (1.2 kB at 6.3 kB/s)
#15 14.62 [INFO] Downloading from central: https://repo.maven.apache.org/maven2/com/sun/xml/bind/mvn/jaxb-parent/4.0.2/jaxb-parent-4.0.2.pom
#15 14.80 [INFO] Downloaded from central: https://repo.maven.apache.org/maven2/com/sun/xml/bind/mvn/jaxb-parent/4.0.2/jaxb-parent-4.0.2.pom (33 kB at 180 kB/s)
#15 14.81 [INFO] Downloading from central: https://repo.maven.apache.org/maven2/com/sun/xml/bind/jaxb-bom-ext/4.0.2/jaxb-bom-ext-4.0.2.pom
#15 14.99 [INFO] Downloaded from central: https://repo.maven.apache.org/maven2/com/sun/xml/bind/jaxb-bom-ext/4.0.2/jaxb-bom-ext-4.0.2.pom (3.5 kB at 19 kB/s)
#15 14.99 [INFO] Downloading from central: https://repo.maven.apache.org/maven2/org/glassfish/jaxb/jaxb-bom/4.0.2/jaxb-bom-4.0.2.pom
#15 15.17 [INFO] Downloaded from central: https://repo.maven.apache.org/maven2/org/glassfish/jaxb/jaxb-bom/4.0.2/jaxb-bom-4.0.2.pom (11 kB at 59 kB/s)
#15 15.18 [INFO] Downloading from central: https://repo.maven.apache.org/maven2/org/glassfish/jaxb/jaxb-core/4.0.2/jaxb-core-4.0.2.pom
#15 15.36 [INFO] Downloaded from central: https://repo.maven.apache.org/maven2/org/glassfish/jaxb/jaxb-core/4.0.2/jaxb-core-4.0.2.pom (3.7 kB at 21 kB/s)
#15 15.36 [INFO] Downloading from central: https://repo.maven.apache.org/maven2/jakarta/activation/jakarta.activation-api/2.1.1/jakarta.activation-api-2.1.1.pom
#15 15.54 [INFO] Downloaded from central: https://repo.maven.apache.org/maven2/jakarta/activation/jakarta.activation-api/2.1.1/jakarta.activation-api-2.1.1.pom (18 kB at 103 kB/s)
#15 15.54 [INFO] Downloading from central: https://repo.maven.apache.org/maven2/org/eclipse/angus/angus-activation/2.0.0/angus-activation-2.0.0.pom
#15 15.72 [INFO] Downloaded from central: https://repo.maven.apache.org/maven2/org/eclipse/angus/angus-activation/2.0.0/angus-activation-2.0.0.pom (4.1 kB at 23 kB/s)
#15 15.72 [INFO] Downloading from central: https://repo.maven.apache.org/maven2/org/eclipse/angus/angus-activation-project/2.0.0/angus-activation-project-2.0.0.pom
#15 15.91 [INFO] Downloaded from central: https://repo.maven.apache.org/maven2/org/eclipse/angus/angus-activation-project/2.0.0/angus-activation-project-2.0.0.pom (20 kB at 108 kB/s)
#15 15.91 [INFO] Downloading from central: https://repo.maven.apache.org/maven2/org/glassfish/jaxb/txw2/4.0.2/txw2-4.0.2.pom
#15 16.09 [INFO] Downloaded from central: https://repo.maven.apache.org/maven2/org/glassfish/jaxb/txw2/4.0.2/txw2-4.0.2.pom (1.8 kB at 10.0 kB/s)
#15 16.09 [INFO] Downloading from central: https://repo.maven.apache.org/maven2/com/sun/xml/bind/mvn/jaxb-txw-parent/4.0.2/jaxb-txw-parent-4.0.2.pom
#15 16.27 [INFO] Downloaded from central: https://repo.maven.apache.org/maven2/com/sun/xml/bind/mvn/jaxb-txw-parent/4.0.2/jaxb-txw-parent-4.0.2.pom (1.2 kB at 6.6 kB/s)
#15 16.28 [INFO] Downloading from central: https://repo.maven.apache.org/maven2/com/sun/istack/istack-commons-runtime/4.1.1/istack-commons-runtime-4.1.1.pom
#15 16.45 [INFO] Downloaded from central: https://repo.maven.apache.org/maven2/com/sun/istack/istack-commons-runtime/4.1.1/istack-commons-runtime-4.1.1.pom (2.3 kB at 13 kB/s)
#15 16.46 [INFO] Downloading from central: https://repo.maven.apache.org/maven2/com/sun/istack/istack-commons/4.1.1/istack-commons-4.1.1.pom
#15 16.64 [INFO] Downloaded from central: https://repo.maven.apache.org/maven2/com/sun/istack/istack-commons/4.1.1/istack-commons-4.1.1.pom (24 kB at 133 kB/s)
#15 16.64 [INFO] Downloading from central: https://repo.maven.apache.org/maven2/jakarta/inject/jakarta.inject-api/2.0.1/jakarta.inject-api-2.0.1.pom
#15 16.82 [INFO] Downloaded from central: https://repo.maven.apache.org/maven2/jakarta/inject/jakarta.inject-api/2.0.1/jakarta.inject-api-2.0.1.pom (5.9 kB at 33 kB/s)
#15 16.83 [INFO] Downloading from central: https://repo.maven.apache.org/maven2/org/antlr/antlr4-runtime/4.13.0/antlr4-runtime-4.13.0.pom
#15 17.01 [INFO] Downloaded from central: https://repo.maven.apache.org/maven2/org/antlr/antlr4-runtime/4.13.0/antlr4-runtime-4.13.0.pom (3.6 kB at 20 kB/s)
#15 17.01 [INFO] Downloading from central: https://repo.maven.apache.org/maven2/org/antlr/antlr4-master/4.13.0/antlr4-master-4.13.0.pom
#15 17.19 [INFO] Downloaded from central: https://repo.maven.apache.org/maven2/org/antlr/antlr4-master/4.13.0/antlr4-master-4.13.0.pom (4.8 kB at 26 kB/s)
#15 17.19 [INFO] Downloading from central: https://repo.maven.apache.org/maven2/org/springframework/data/spring-data-jpa/3.5.8/spring-data-jpa-3.5.8.pom
#15 17.38 [INFO] Downloaded from central: https://repo.maven.apache.org/maven2/org/springframework/data/spring-data-jpa/3.5.8/spring-data-jpa-3.5.8.pom (12 kB at 68 kB/s)
#15 17.38 [INFO] Downloading from central: https://repo.maven.apache.org/maven2/org/springframework/data/spring-data-jpa-parent/3.5.8/spring-data-jpa-parent-3.5.8.pom
#15 17.56 [INFO] Downloaded from central: https://repo.maven.apache.org/maven2/org/springframework/data/spring-data-jpa-parent/3.5.8/spring-data-jpa-parent-3.5.8.pom (5.2 kB at 29 kB/s)
#15 17.57 [INFO] Downloading from central: https://repo.maven.apache.org/maven2/org/testcontainers/testcontainers-bom/1.20.6/testcontainers-bom-1.20.6.pom
#15 17.75 [INFO] Downloaded from central: https://repo.maven.apache.org/maven2/org/testcontainers/testcontainers-bom/1.20.6/testcontainers-bom-1.20.6.pom (12 kB at 65 kB/s)
#15 17.76 [INFO] Downloading from central: https://repo.maven.apache.org/maven2/org/springframework/spring-orm/6.2.15/spring-orm-6.2.15.pom
#15 17.93 [INFO] Downloaded from central: https://repo.maven.apache.org/maven2/org/springframework/spring-orm/6.2.15/spring-orm-6.2.15.pom (2.6 kB at 15 kB/s)
#15 17.94 [INFO] Downloading from central: https://repo.maven.apache.org/maven2/jakarta/annotation/jakarta.annotation-api/2.0.0/jakarta.annotation-api-2.0.0.pom
#15 18.12 [INFO] Downloaded from central: https://repo.maven.apache.org/maven2/jakarta/annotation/jakarta.annotation-api/2.0.0/jakarta.annotation-api-2.0.0.pom (16 kB at 88 kB/s)
#15 18.12 [INFO] Downloading from central: https://repo.maven.apache.org/maven2/org/springframework/spring-aspects/6.2.15/spring-aspects-6.2.15.pom
#15 18.30 [INFO] Downloaded from central: https://repo.maven.apache.org/maven2/org/springframework/spring-aspects/6.2.15/spring-aspects-6.2.15.pom (2.0 kB at 11 kB/s)
#15 18.30 [INFO] Downloading from central: https://repo.maven.apache.org/maven2/org/aspectj/aspectjweaver/1.9.22.1/aspectjweaver-1.9.22.1.pom
#15 18.48 [INFO] Downloaded from central: https://repo.maven.apache.org/maven2/org/aspectj/aspectjweaver/1.9.22.1/aspectjweaver-1.9.22.1.pom (2.2 kB at 13 kB/s)
#15 18.49 [INFO] Downloading from central: https://repo.maven.apache.org/maven2/org/springframework/boot/spring-boot-starter-data-jpa/3.5.10/spring-boot-starter-data-jpa-3.5.10.jar
#15 18.67 [INFO] Downloaded from central: https://repo.maven.apache.org/maven2/org/springframework/boot/spring-boot-starter-data-jpa/3.5.10/spring-boot-starter-data-jpa-3.5.10.jar (2.0 kB at 11 kB/s)
#15 18.67 [INFO] Downloading from central: https://repo.maven.apache.org/maven2/org/springframework/boot/spring-boot-starter-jdbc/3.5.10/spring-boot-starter-jdbc-3.5.10.jar
#15 18.67 [INFO] Downloading from central: https://repo.maven.apache.org/maven2/com/zaxxer/HikariCP/6.3.3/HikariCP-6.3.3.jar
#15 18.67 [INFO] Downloading from central: https://repo.maven.apache.org/maven2/org/springframework/spring-jdbc/6.2.15/spring-jdbc-6.2.15.jar
#15 18.67 [INFO] Downloading from central: https://repo.maven.apache.org/maven2/org/hibernate/orm/hibernate-core/6.6.41.Final/hibernate-core-6.6.41.Final.jar
#15 18.67 [INFO] Downloading from central: https://repo.maven.apache.org/maven2/jakarta/persistence/jakarta.persistence-api/3.1.0/jakarta.persistence-api-3.1.0.jar
#15 18.85 [INFO] Downloaded from central: https://repo.maven.apache.org/maven2/org/springframework/boot/spring-boot-starter-jdbc/3.5.10/spring-boot-starter-jdbc-3.5.10.jar (2.0 kB at 11 kB/s)
#15 18.85 [INFO] Downloading from central: https://repo.maven.apache.org/maven2/jakarta/transaction/jakarta.transaction-api/2.0.1/jakarta.transaction-api-2.0.1.jar
#15 18.88 [INFO] Downloaded from central: https://repo.maven.apache.org/maven2/com/zaxxer/HikariCP/6.3.3/HikariCP-6.3.3.jar (172 kB at 807 kB/s)
#15 18.88 [INFO] Downloading from central: https://repo.maven.apache.org/maven2/org/jboss/logging/jboss-logging/3.5.0.Final/jboss-logging-3.5.0.Final.jar
#15 18.94 [INFO] Downloaded from central: https://repo.maven.apache.org/maven2/org/springframework/spring-jdbc/6.2.15/spring-jdbc-6.2.15.jar (475 kB at 1.7 MB/s)
#15 18.94 [INFO] Downloading from central: https://repo.maven.apache.org/maven2/org/hibernate/common/hibernate-commons-annotations/7.0.3.Final/hibernate-commons-annotations-7.0.3.Final.jar
#15 19.03 [INFO] Downloaded from central: https://repo.maven.apache.org/maven2/jakarta/transaction/jakarta.transaction-api/2.0.1/jakarta.transaction-api-2.0.1.jar (29 kB at 79 kB/s)
#15 19.03 [INFO] Downloading from central: https://repo.maven.apache.org/maven2/io/smallrye/jandex/3.2.0/jandex-3.2.0.jar
#15 19.08 [INFO] Downloaded from central: https://repo.maven.apache.org/maven2/org/jboss/logging/jboss-logging/3.5.0.Final/jboss-logging-3.5.0.Final.jar (63 kB at 152 kB/s)
#15 19.08 [INFO] Downloading from central: https://repo.maven.apache.org/maven2/com/fasterxml/classmate/1.5.1/classmate-1.5.1.jar
#15 19.08 [INFO] Downloaded from central: https://repo.maven.apache.org/maven2/jakarta/persistence/jakarta.persistence-api/3.1.0/jakarta.persistence-api-3.1.0.jar (165 kB at 400 kB/s)
#15 19.08 [INFO] Downloading from central: https://repo.maven.apache.org/maven2/net/bytebuddy/byte-buddy/1.17.5/byte-buddy-1.17.5.jar
#15 19.14 [INFO] Downloaded from central: https://repo.maven.apache.org/maven2/org/hibernate/common/hibernate-commons-annotations/7.0.3.Final/hibernate-commons-annotations-7.0.3.Final.jar (68 kB at 145 kB/s)
#15 19.14 [INFO] Downloading from central: https://repo.maven.apache.org/maven2/jakarta/xml/bind/jakarta.xml.bind-api/4.0.0/jakarta.xml.bind-api-4.0.0.jar
#15 19.23 [INFO] Downloaded from central: https://repo.maven.apache.org/maven2/io/smallrye/jandex/3.2.0/jandex-3.2.0.jar (375 kB at 672 kB/s)
#15 19.23 [INFO] Downloading from central: https://repo.maven.apache.org/maven2/jakarta/activation/jakarta.activation-api/2.1.0/jakarta.activation-api-2.1.0.jar
#15 19.30 [INFO] Downloaded from central: https://repo.maven.apache.org/maven2/com/fasterxml/classmate/1.5.1/classmate-1.5.1.jar (68 kB at 107 kB/s)
#15 19.30 [INFO] Downloading from central: https://repo.maven.apache.org/maven2/org/glassfish/jaxb/jaxb-runtime/4.0.2/jaxb-runtime-4.0.2.jar
#15 19.34 [INFO] Downloaded from central: https://repo.maven.apache.org/maven2/jakarta/xml/bind/jakarta.xml.bind-api/4.0.0/jakarta.xml.bind-api-4.0.0.jar (127 kB at 189 kB/s)
#15 19.34 [INFO] Downloading from central: https://repo.maven.apache.org/maven2/org/glassfish/jaxb/jaxb-core/4.0.2/jaxb-core-4.0.2.jar
#15 19.41 [INFO] Downloaded from central: https://repo.maven.apache.org/maven2/jakarta/activation/jakarta.activation-api/2.1.0/jakarta.activation-api-2.1.0.jar (63 kB at 86 kB/s)
#15 19.41 [INFO] Downloading from central: https://repo.maven.apache.org/maven2/org/eclipse/angus/angus-activation/2.0.0/angus-activation-2.0.0.jar
#15 19.55 [INFO] Downloaded from central: https://repo.maven.apache.org/maven2/org/glassfish/jaxb/jaxb-core/4.0.2/jaxb-core-4.0.2.jar (139 kB at 158 kB/s)
#15 19.55 [INFO] Downloading from central: https://repo.maven.apache.org/maven2/org/glassfish/jaxb/txw2/4.0.2/txw2-4.0.2.jar
#15 19.58 [INFO] Downloaded from central: https://repo.maven.apache.org/maven2/org/eclipse/angus/angus-activation/2.0.0/angus-activation-2.0.0.jar (27 kB at 30 kB/s)
#15 19.58 [INFO] Downloading from central: https://repo.maven.apache.org/maven2/com/sun/istack/istack-commons-runtime/4.1.1/istack-commons-runtime-4.1.1.jar
#15 19.74 [INFO] Downloaded from central: https://repo.maven.apache.org/maven2/org/glassfish/jaxb/txw2/4.0.2/txw2-4.0.2.jar (73 kB at 68 kB/s)
#15 19.74 [INFO] Downloading from central: https://repo.maven.apache.org/maven2/jakarta/inject/jakarta.inject-api/2.0.1/jakarta.inject-api-2.0.1.jar
#15 19.76 [INFO] Downloaded from central: https://repo.maven.apache.org/maven2/com/sun/istack/istack-commons-runtime/4.1.1/istack-commons-runtime-4.1.1.jar (26 kB at 24 kB/s)
#15 19.76 [INFO] Downloading from central: https://repo.maven.apache.org/maven2/org/antlr/antlr4-runtime/4.13.0/antlr4-runtime-4.13.0.jar
#15 19.83 [INFO] Downloaded from central: https://repo.maven.apache.org/maven2/net/bytebuddy/byte-buddy/1.17.5/byte-buddy-1.17.5.jar (9.0 MB at 7.7 MB/s)
#15 19.83 [INFO] Downloading from central: https://repo.maven.apache.org/maven2/org/springframework/data/spring-data-jpa/3.5.8/spring-data-jpa-3.5.8.jar
#15 19.92 [INFO] Downloaded from central: https://repo.maven.apache.org/maven2/jakarta/inject/jakarta.inject-api/2.0.1/jakarta.inject-api-2.0.1.jar (11 kB at 8.6 kB/s)
#15 19.92 [INFO] Downloading from central: https://repo.maven.apache.org/maven2/org/springframework/spring-orm/6.2.15/spring-orm-6.2.15.jar
#15 19.95 [INFO] Downloaded from central: https://repo.maven.apache.org/maven2/org/antlr/antlr4-runtime/4.13.0/antlr4-runtime-4.13.0.jar (326 kB at 255 kB/s)
#15 19.95 [INFO] Downloading from central: https://repo.maven.apache.org/maven2/org/springframework/spring-aspects/6.2.15/spring-aspects-6.2.15.jar
#15 20.06 [INFO] Downloaded from central: https://repo.maven.apache.org/maven2/org/springframework/data/spring-data-jpa/3.5.8/spring-data-jpa-3.5.8.jar (1.8 MB at 1.3 MB/s)
#15 20.06 [INFO] Downloading from central: https://repo.maven.apache.org/maven2/org/aspectj/aspectjweaver/1.9.22.1/aspectjweaver-1.9.22.1.jar
#15 20.13 [INFO] Downloaded from central: https://repo.maven.apache.org/maven2/org/springframework/spring-aspects/6.2.15/spring-aspects-6.2.15.jar (50 kB at 34 kB/s)
#15 20.14 [INFO] Downloaded from central: https://repo.maven.apache.org/maven2/org/springframework/spring-orm/6.2.15/spring-orm-6.2.15.jar (235 kB at 160 kB/s)
#15 20.23 [INFO] Downloaded from central: https://repo.maven.apache.org/maven2/org/glassfish/jaxb/jaxb-runtime/4.0.2/jaxb-runtime-4.0.2.jar (908 kB at 584 kB/s)
#15 20.28 [INFO] Downloaded from central: https://repo.maven.apache.org/maven2/org/aspectj/aspectjweaver/1.9.22.1/aspectjweaver-1.9.22.1.jar (2.2 MB at 1.4 MB/s)
#15 35.58 [INFO] Downloaded from central: https://repo.maven.apache.org/maven2/org/hibernate/orm/hibernate-core/6.6.41.Final/hibernate-core-6.6.41.Final.jar (12 MB at 715 kB/s)
#15 35.83 [INFO] Downloading from central: https://repo.maven.apache.org/maven2/com/google/code/gson/gson/2.8.9/gson-2.8.9.pom
#15 36.01 [INFO] Downloaded from central: https://repo.maven.apache.org/maven2/com/google/code/gson/gson/2.8.9/gson-2.8.9.pom (6.3 kB at 35 kB/s)
#15 36.02 [INFO] Downloading from central: https://repo.maven.apache.org/maven2/com/google/code/gson/gson-parent/2.8.9/gson-parent-2.8.9.pom
#15 36.19 [INFO] Downloaded from central: https://repo.maven.apache.org/maven2/com/google/code/gson/gson-parent/2.8.9/gson-parent-2.8.9.pom (4.7 kB at 27 kB/s)
#15 36.20 [INFO] Downloading from central: https://repo.maven.apache.org/maven2/com/google/code/gson/gson/2.8.9/gson-2.8.9.jar
#15 36.57 [INFO] Downloaded from central: https://repo.maven.apache.org/maven2/com/google/code/gson/gson/2.8.9/gson-2.8.9.jar (258 kB at 683 kB/s)
#15 36.58 [INFO] Downloading from central: https://repo.maven.apache.org/maven2/com/google/errorprone/error_prone_annotations/2.18.0/error_prone_annotations-2.18.0.jar
#15 36.75 [INFO] Downloaded from central: https://repo.maven.apache.org/maven2/com/google/errorprone/error_prone_annotations/2.18.0/error_prone_annotations-2.18.0.jar (16 kB at 89 kB/s)
#15 36.93 [INFO] Downloading from central: https://repo.maven.apache.org/maven2/org/springframework/boot/spring-boot-starter-data-redis/3.5.10/spring-boot-starter-data-redis-3.5.10.pom
#15 37.11 [INFO] Downloaded from central: https://repo.maven.apache.org/maven2/org/springframework/boot/spring-boot-starter-data-redis/3.5.10/spring-boot-starter-data-redis-3.5.10.pom (2.5 kB at 14 kB/s)
#15 37.11 [INFO] Downloading from central: https://repo.maven.apache.org/maven2/io/lettuce/lettuce-core/6.6.0.RELEASE/lettuce-core-6.6.0.RELEASE.pom
#15 37.29 [INFO] Downloaded from central: https://repo.maven.apache.org/maven2/io/lettuce/lettuce-core/6.6.0.RELEASE/lettuce-core-6.6.0.RELEASE.pom (8.1 kB at 45 kB/s)
#15 37.29 [INFO] Downloading from central: https://repo.maven.apache.org/maven2/redis/clients/authentication/redis-authx-core/0.1.1-beta2/redis-authx-core-0.1.1-beta2.pom
#15 37.47 [INFO] Downloaded from central: https://repo.maven.apache.org/maven2/redis/clients/authentication/redis-authx-core/0.1.1-beta2/redis-authx-core-0.1.1-beta2.pom (7.7 kB at 42 kB/s)
#15 37.48 [INFO] Downloading from central: https://repo.maven.apache.org/maven2/io/netty/netty-common/4.1.118.Final/netty-common-4.1.118.Final.pom
#15 37.66 [INFO] Downloaded from central: https://repo.maven.apache.org/maven2/io/netty/netty-common/4.1.118.Final/netty-common-4.1.118.Final.pom (12 kB at 65 kB/s)
#15 37.66 [INFO] Downloading from central: https://repo.maven.apache.org/maven2/io/netty/netty-parent/4.1.118.Final/netty-parent-4.1.118.Final.pom
#15 37.85 [INFO] Downloaded from central: https://repo.maven.apache.org/maven2/io/netty/netty-parent/4.1.118.Final/netty-parent-4.1.118.Final.pom (90 kB at 484 kB/s)
#15 37.85 [INFO] Downloading from central: https://repo.maven.apache.org/maven2/io/netty/netty-handler/4.1.118.Final/netty-handler-4.1.118.Final.pom
#15 38.03 [INFO] Downloaded from central: https://repo.maven.apache.org/maven2/io/netty/netty-handler/4.1.118.Final/netty-handler-4.1.118.Final.pom (4.6 kB at 26 kB/s)
#15 38.03 [INFO] Downloading from central: https://repo.maven.apache.org/maven2/io/netty/netty-resolver/4.1.118.Final/netty-resolver-4.1.118.Final.pom
#15 38.21 [INFO] Downloaded from central: https://repo.maven.apache.org/maven2/io/netty/netty-resolver/4.1.118.Final/netty-resolver-4.1.118.Final.pom (1.6 kB at 8.9 kB/s)
#15 38.21 [INFO] Downloading from central: https://repo.maven.apache.org/maven2/io/netty/netty-buffer/4.1.118.Final/netty-buffer-4.1.118.Final.pom
#15 38.39 [INFO] Downloaded from central: https://repo.maven.apache.org/maven2/io/netty/netty-buffer/4.1.118.Final/netty-buffer-4.1.118.Final.pom (1.6 kB at 8.7 kB/s)
#15 38.40 [INFO] Downloading from central: https://repo.maven.apache.org/maven2/io/netty/netty-transport/4.1.118.Final/netty-transport-4.1.118.Final.pom
#15 38.58 [INFO] Downloaded from central: https://repo.maven.apache.org/maven2/io/netty/netty-transport/4.1.118.Final/netty-transport-4.1.118.Final.pom (2.2 kB at 12 kB/s)
#15 38.58 [INFO] Downloading from central: https://repo.maven.apache.org/maven2/io/netty/netty-transport-native-unix-common/4.1.118.Final/netty-transport-native-unix-common-4.1.118.Final.pom
#15 38.76 [INFO] Downloaded from central: https://repo.maven.apache.org/maven2/io/netty/netty-transport-native-unix-common/4.1.118.Final/netty-transport-native-unix-common-4.1.118.Final.pom (33 kB at 187 kB/s)
#15 38.76 [INFO] Downloading from central: https://repo.maven.apache.org/maven2/io/netty/netty-codec/4.1.118.Final/netty-codec-4.1.118.Final.pom
#15 38.94 [INFO] Downloaded from central: https://repo.maven.apache.org/maven2/io/netty/netty-codec/4.1.118.Final/netty-codec-4.1.118.Final.pom (5.5 kB at 31 kB/s)
#15 38.95 [INFO] Downloading from central: https://repo.maven.apache.org/maven2/io/projectreactor/reactor-core/3.6.6/reactor-core-3.6.6.pom
#15 39.12 [INFO] Downloaded from central: https://repo.maven.apache.org/maven2/io/projectreactor/reactor-core/3.6.6/reactor-core-3.6.6.pom (2.1 kB at 12 kB/s)
#15 39.13 [INFO] Downloading from central: https://repo.maven.apache.org/maven2/org/springframework/data/spring-data-redis/3.5.8/spring-data-redis-3.5.8.pom
#15 39.30 [INFO] Downloaded from central: https://repo.maven.apache.org/maven2/org/springframework/data/spring-data-redis/3.5.8/spring-data-redis-3.5.8.pom (9.9 kB at 56 kB/s)
#15 39.31 [INFO] Downloading from central: https://repo.maven.apache.org/maven2/org/springframework/data/spring-data-keyvalue/3.5.8/spring-data-keyvalue-3.5.8.pom
#15 39.48 [INFO] Downloaded from central: https://repo.maven.apache.org/maven2/org/springframework/data/spring-data-keyvalue/3.5.8/spring-data-keyvalue-3.5.8.pom (2.7 kB at 15 kB/s)
#15 39.49 [INFO] Downloading from central: https://repo.maven.apache.org/maven2/org/springframework/spring-oxm/6.2.15/spring-oxm-6.2.15.pom
#15 39.66 [INFO] Downloaded from central: https://repo.maven.apache.org/maven2/org/springframework/spring-oxm/6.2.15/spring-oxm-6.2.15.pom (2.4 kB at 14 kB/s)
#15 39.67 [INFO] Downloading from central: https://repo.maven.apache.org/maven2/jakarta/xml/bind/jakarta.xml.bind-api/3.0.1/jakarta.xml.bind-api-3.0.1.pom
#15 39.84 [INFO] Downloaded from central: https://repo.maven.apache.org/maven2/jakarta/xml/bind/jakarta.xml.bind-api/3.0.1/jakarta.xml.bind-api-3.0.1.pom (13 kB at 75 kB/s)
#15 39.84 [INFO] Downloading from central: https://repo.maven.apache.org/maven2/jakarta/xml/bind/jakarta.xml.bind-api-parent/3.0.1/jakarta.xml.bind-api-parent-3.0.1.pom
#15 40.02 [INFO] Downloaded from central: https://repo.maven.apache.org/maven2/jakarta/xml/bind/jakarta.xml.bind-api-parent/3.0.1/jakarta.xml.bind-api-parent-3.0.1.pom (9.5 kB at 54 kB/s)
#15 40.02 [INFO] Downloading from central: https://repo.maven.apache.org/maven2/com/sun/activation/jakarta.activation/2.0.1/jakarta.activation-2.0.1.pom
#15 40.20 [INFO] Downloaded from central: https://repo.maven.apache.org/maven2/com/sun/activation/jakarta.activation/2.0.1/jakarta.activation-2.0.1.pom (2.0 kB at 11 kB/s)
#15 40.21 [INFO] Downloading from central: https://repo.maven.apache.org/maven2/com/sun/activation/all/2.0.1/all-2.0.1.pom
#15 40.39 [INFO] Downloaded from central: https://repo.maven.apache.org/maven2/com/sun/activation/all/2.0.1/all-2.0.1.pom (23 kB at 121 kB/s)
#15 40.39 [INFO] Downloading from central: https://repo.maven.apache.org/maven2/org/springframework/spring-context-support/6.2.15/spring-context-support-6.2.15.pom
#15 40.58 [INFO] Downloaded from central: https://repo.maven.apache.org/maven2/org/springframework/spring-context-support/6.2.15/spring-context-support-6.2.15.pom (2.4 kB at 13 kB/s)
#15 40.58 [INFO] Downloading from central: https://repo.maven.apache.org/maven2/org/springframework/boot/spring-boot-starter-data-redis/3.5.10/spring-boot-starter-data-redis-3.5.10.jar
#15 40.76 [INFO] Downloaded from central: https://repo.maven.apache.org/maven2/org/springframework/boot/spring-boot-starter-data-redis/3.5.10/spring-boot-starter-data-redis-3.5.10.jar (2.0 kB at 12 kB/s)
#15 40.76 [INFO] Downloading from central: https://repo.maven.apache.org/maven2/io/lettuce/lettuce-core/6.6.0.RELEASE/lettuce-core-6.6.0.RELEASE.jar
#15 40.76 [INFO] Downloading from central: https://repo.maven.apache.org/maven2/redis/clients/authentication/redis-authx-core/0.1.1-beta2/redis-authx-core-0.1.1-beta2.jar
#15 40.76 [INFO] Downloading from central: https://repo.maven.apache.org/maven2/io/netty/netty-common/4.1.118.Final/netty-common-4.1.118.Final.jar
#15 40.76 [INFO] Downloading from central: https://repo.maven.apache.org/maven2/io/netty/netty-handler/4.1.118.Final/netty-handler-4.1.118.Final.jar
#15 40.76 [INFO] Downloading from central: https://repo.maven.apache.org/maven2/io/netty/netty-resolver/4.1.118.Final/netty-resolver-4.1.118.Final.jar
#15 40.94 [INFO] Downloaded from central: https://repo.maven.apache.org/maven2/io/netty/netty-resolver/4.1.118.Final/netty-resolver-4.1.118.Final.jar (38 kB at 210 kB/s)
#15 40.94 [INFO] Downloading from central: https://repo.maven.apache.org/maven2/io/netty/netty-buffer/4.1.118.Final/netty-buffer-4.1.118.Final.jar
#15 40.95 [INFO] Downloaded from central: https://repo.maven.apache.org/maven2/redis/clients/authentication/redis-authx-core/0.1.1-beta2/redis-authx-core-0.1.1-beta2.jar (18 kB at 94 kB/s)
#15 40.95 [INFO] Downloading from central: https://repo.maven.apache.org/maven2/io/netty/netty-transport-native-unix-common/4.1.118.Final/netty-transport-native-unix-common-4.1.118.Final.jar
#15 41.04 [INFO] Downloaded from central: https://repo.maven.apache.org/maven2/io/netty/netty-handler/4.1.118.Final/netty-handler-4.1.118.Final.jar (580 kB at 2.1 MB/s)
#15 41.04 [INFO] Downloading from central: https://repo.maven.apache.org/maven2/io/netty/netty-codec/4.1.118.Final/netty-codec-4.1.118.Final.jar
#15 41.10 [INFO] Downloaded from central: https://repo.maven.apache.org/maven2/io/netty/netty-common/4.1.118.Final/netty-common-4.1.118.Final.jar (719 kB at 2.1 MB/s)
#15 41.10 [INFO] Downloading from central: https://repo.maven.apache.org/maven2/io/netty/netty-transport/4.1.118.Final/netty-transport-4.1.118.Final.jar
#15 41.13 [INFO] Downloaded from central: https://repo.maven.apache.org/maven2/io/netty/netty-buffer/4.1.118.Final/netty-buffer-4.1.118.Final.jar (339 kB at 904 kB/s)
#15 41.13 [INFO] Downloading from central: https://repo.maven.apache.org/maven2/io/projectreactor/reactor-core/3.6.6/reactor-core-3.6.6.jar
#15 41.14 [INFO] Downloaded from central: https://repo.maven.apache.org/maven2/io/netty/netty-transport-native-unix-common/4.1.118.Final/netty-transport-native-unix-common-4.1.118.Final.jar (44 kB at 117 kB/s)
#15 41.14 [INFO] Downloading from central: https://repo.maven.apache.org/maven2/org/springframework/data/spring-data-redis/3.5.8/spring-data-redis-3.5.8.jar
#15 41.28 [INFO] Downloaded from central: https://repo.maven.apache.org/maven2/io/netty/netty-codec/4.1.118.Final/netty-codec-4.1.118.Final.jar (355 kB at 687 kB/s)
#15 41.28 [INFO] Downloading from central: https://repo.maven.apache.org/maven2/org/springframework/data/spring-data-keyvalue/3.5.8/spring-data-keyvalue-3.5.8.jar
#15 41.32 [INFO] Downloaded from central: https://repo.maven.apache.org/maven2/io/netty/netty-transport/4.1.118.Final/netty-transport-4.1.118.Final.jar (521 kB at 926 kB/s)
#15 41.32 [INFO] Downloading from central: https://repo.maven.apache.org/maven2/org/springframework/spring-oxm/6.2.15/spring-oxm-6.2.15.jar
#15 41.36 [INFO] Downloaded from central: https://repo.maven.apache.org/maven2/io/projectreactor/reactor-core/3.6.6/reactor-core-3.6.6.jar (1.9 MB at 3.1 MB/s)
#15 41.36 [INFO] Downloading from central: https://repo.maven.apache.org/maven2/jakarta/xml/bind/jakarta.xml.bind-api/3.0.1/jakarta.xml.bind-api-3.0.1.jar
#15 41.42 [INFO] Downloaded from central: https://repo.maven.apache.org/maven2/org/springframework/data/spring-data-redis/3.5.8/spring-data-redis-3.5.8.jar (2.3 MB at 3.4 MB/s)
#15 41.42 [INFO] Downloading from central: https://repo.maven.apache.org/maven2/com/sun/activation/jakarta.activation/2.0.1/jakarta.activation-2.0.1.jar
#15 41.48 [INFO] Downloaded from central: https://repo.maven.apache.org/maven2/org/springframework/data/spring-data-keyvalue/3.5.8/spring-data-keyvalue-3.5.8.jar (138 kB at 190 kB/s)
#15 41.48 [INFO] Downloading from central: https://repo.maven.apache.org/maven2/org/springframework/spring-context-support/6.2.15/spring-context-support-6.2.15.jar
#15 41.50 [INFO] Downloaded from central: https://repo.maven.apache.org/maven2/org/springframework/spring-oxm/6.2.15/spring-oxm-6.2.15.jar (60 kB at 81 kB/s)
#15 41.54 [INFO] Downloaded from central: https://repo.maven.apache.org/maven2/jakarta/xml/bind/jakarta.xml.bind-api/3.0.1/jakarta.xml.bind-api-3.0.1.jar (129 kB at 164 kB/s)
#15 41.60 [INFO] Downloaded from central: https://repo.maven.apache.org/maven2/com/sun/activation/jakarta.activation/2.0.1/jakarta.activation-2.0.1.jar (62 kB at 74 kB/s)
#15 41.73 [INFO] Downloaded from central: https://repo.maven.apache.org/maven2/org/springframework/spring-context-support/6.2.15/spring-context-support-6.2.15.jar (175 kB at 181 kB/s)
#15 43.70 [INFO] Downloaded from central: https://repo.maven.apache.org/maven2/io/lettuce/lettuce-core/6.6.0.RELEASE/lettuce-core-6.6.0.RELEASE.jar (2.1 MB at 712 kB/s)
#15 43.71 [INFO] Resolved plugin: jetty-servlet-9.4.46.v20220331.jar
#15 43.71 [INFO] Resolved plugin: maven-install-plugin-3.1.4.jar
#15 43.71 [INFO] Resolved plugin: durian-collect-1.2.0.jar
#15 43.71 [INFO] Resolved plugin: maven-compiler-plugin-3.11.0.jar
#15 43.71 [INFO] Resolved plugin: asm-9.7.jar
#15 43.71 [INFO] Resolved plugin: doxia-module-twiki-1.11.1.jar
#15 43.71 [INFO] Resolved plugin: velocity-tools-2.0.jar
#15 43.71 [INFO] Resolved plugin: flexmark-ext-gfm-tasklist-0.42.14.jar
#15 43.71 [INFO] Resolved plugin: maven-resolver-api-1.9.22.jar
#15 43.71 [INFO] Resolved plugin: flexmark-ext-admonition-0.42.14.jar
#15 43.71 [INFO] Resolved plugin: org.eclipse.jgit-6.7.0.202309050840-r.jar
#15 43.71 [INFO] Resolved plugin: spotless-maven-plugin-2.43.0.jar
#15 43.71 [INFO] Resolved plugin: maven-core-3.2.5.jar
#15 43.71 [INFO] Resolved plugin: flexmark-ext-footnotes-0.42.14.jar
#15 43.71 [INFO] Resolved plugin: flexmark-ext-gfm-strikethrough-0.42.14.jar
#15 43.71 [INFO] Resolved plugin: okhttp-4.12.0.jar
#15 43.71 [INFO] Resolved plugin: maven-repository-metadata-3.0.jar
#15 43.71 [INFO] Resolved plugin: flexmark-ext-media-tags-0.42.14.jar
#15 43.71 [INFO] Resolved plugin: doxia-module-xhtml-1.11.1.jar
#15 43.71 [INFO] Resolved plugin: maven-shared-utils-3.0.0.jar
#15 43.71 [INFO] Resolved plugin: maven-shared-io-3.0.0.jar
#15 43.71 [INFO] Resolved plugin: flexmark-util-0.42.14.jar
#15 43.71 [INFO] Resolved plugin: flexmark-ext-anchorlink-0.42.14.jar
#15 43.71 [INFO] Resolved plugin: aether-api-1.7.jar
#15 43.71 [INFO] Resolved plugin: maven-resolver-util-1.9.22.jar
#15 43.71 [INFO] Resolved plugin: aether-api-1.0.0.v20140518.jar
#15 43.71 [INFO] Resolved plugin: autolink-0.6.0.jar
#15 43.71 [INFO] Resolved plugin: maven-filtering-3.3.1.jar
#15 43.71 [INFO] Resolved plugin: sisu-guice-2.1.7-noaop.jar
#15 43.71 [INFO] Resolved plugin: asm-commons-9.7.jar
#15 43.71 [INFO] Resolved plugin: maven-archiver-3.6.2.jar
#15 43.71 [INFO] Resolved plugin: doxia-skin-model-1.11.1.jar
#15 43.71 [INFO] Resolved plugin: dom4j-1.1.jar
#15 43.71 [INFO] Resolved plugin: bsh-2.0b6.jar
#15 43.71 [INFO] Resolved plugin: commons-io-2.16.1.jar
#15 43.71 [INFO] Resolved plugin: spring-boot-buildpack-platform-3.5.10.jar
#15 43.71 [INFO] Resolved plugin: flexmark-youtrack-converter-0.42.14.jar
#15 43.71 [INFO] Resolved plugin: maven-aether-provider-3.0.jar
#15 43.71 [INFO] Resolved plugin: surefire-extensions-api-3.5.4.jar
#15 43.71 [INFO] Resolved plugin: tomlj-1.0.0.jar
#15 43.71 [INFO] Resolved plugin: httpclient-4.5.13.jar
#15 43.71 [INFO] Resolved plugin: flexmark-ext-toc-0.42.14.jar
#15 43.71 [INFO] Resolved plugin: plexus-interpolation-1.14.jar
#15 43.71 [INFO] Resolved plugin: qdox-2.0.3.jar
#15 43.71 [INFO] Resolved plugin: surefire-api-3.5.4.jar
#15 43.71 [INFO] Resolved plugin: plexus-compiler-manager-2.13.0.jar
#15 43.71 [INFO] Resolved plugin: asm-9.8.jar
#15 43.71 [INFO] Resolved plugin: spotless-lib-extra-2.45.0.jar
#15 43.71 [INFO] Resolved plugin: jetty-http-9.4.46.v20220331.jar
#15 43.71 [INFO] Resolved plugin: plexus-classworlds-2.2.3.jar
#15 43.71 [INFO] Resolved plugin: flexmark-jira-converter-0.42.14.jar
#15 43.71 [INFO] Resolved plugin: maven-reporting-api-3.1.1.jar
#15 43.71 [INFO] Resolved plugin: maven-plugin-api-3.2.5.jar
#15 43.71 [INFO] Resolved plugin: sisu-guice-3.2.3-no_aop.jar
#15 43.71 [INFO] Resolved plugin: commons-codec-1.17.1.jar
#15 43.71 [INFO] Resolved plugin: flexmark-ext-attributes-0.42.14.jar
#15 43.71 [INFO] Resolved plugin: commons-lang3-3.8.1.jar
#15 43.71 [INFO] Resolved plugin: maven-aether-provider-3.2.5.jar
#15 43.71 [INFO] Resolved plugin: aether-util-1.0.0.v20140518.jar
#15 43.71 [INFO] Resolved plugin: jetty-security-9.4.46.v20220331.jar
#15 43.71 [INFO] Resolved plugin: httpclient5-5.5.2.jar
#15 43.71 [INFO] Resolved plugin: JavaEWAH-1.2.3.jar
#15 43.71 [INFO] Resolved plugin: maven-common-artifact-filters-3.4.0.jar
#15 43.71 [INFO] Resolved plugin: plexus-compiler-api-2.13.0.jar
#15 43.71 [INFO] Resolved plugin: aether-impl-1.7.jar
#15 43.71 [INFO] Resolved plugin: jsr305-2.0.1.jar
#15 43.71 [INFO] Resolved plugin: org.eclipse.sisu.plexus-0.3.5.jar
#15 43.71 [INFO] Resolved plugin: doxia-core-1.11.1.jar
#15 43.71 [INFO] Resolved plugin: kotlin-stdlib-jdk8-1.8.21.jar
#15 43.71 [INFO] Resolved plugin: flexmark-ext-ins-0.42.14.jar
#15 43.71 [INFO] Resolved plugin: maven-artifact-3.0.jar
#15 43.71 [INFO] Resolved plugin: google-collections-1.0.jar
#15 43.71 [INFO] Resolved plugin: plexus-java-1.1.2.jar
#15 43.71 [INFO] Resolved plugin: flexmark-ext-emoji-0.42.14.jar
#15 43.71 [INFO] Resolved plugin: maven-resolver-api-1.4.1.jar
#15 43.71 [INFO] Resolved plugin: doxia-integration-tools-1.11.1.jar
#15 43.71 [INFO] Resolved plugin: durian-io-1.2.0.jar
#15 43.71 [INFO] Resolved plugin: plexus-component-annotations-1.5.5.jar
#15 43.71 [INFO] Resolved plugin: spring-core-6.2.15.jar
#15 43.71 [INFO] Resolved plugin: maven-repository-metadata-3.2.5.jar
#15 43.71 [INFO] Resolved plugin: flexmark-ext-jekyll-front-matter-0.42.14.jar
#15 43.71 [INFO] Resolved plugin: doxia-decoration-model-1.11.1.jar
#15 43.71 [INFO] Resolved plugin: flexmark-all-0.42.14.jar
#15 43.71 [INFO] Resolved plugin: plexus-utils-3.5.0.jar
#15 43.71 [INFO] Resolved plugin: maven-shared-incremental-1.1.jar
#15 43.71 [INFO] Resolved plugin: file-management-3.1.0.jar
#15 43.71 [INFO] Resolved plugin: commons-compress-1.26.1.jar
#15 43.71 [INFO] Resolved plugin: jetty-webapp-9.4.46.v20220331.jar
#15 43.71 [INFO] Resolved plugin: spring-jcl-6.2.15.jar
#15 43.71 [INFO] Resolved plugin: solstice-1.7.5.jar
#15 43.71 [INFO] Resolved plugin: wagon-provider-api-2.10.jar
#15 43.71 [INFO] Resolved plugin: kotlin-stdlib-jdk7-1.8.21.jar
#15 43.71 [INFO] Resolved plugin: plexus-io-3.2.0.jar
#15 43.71 [INFO] Resolved plugin: xbean-reflect-3.7.jar
#15 43.71 [INFO] Resolved plugin: maven-reporting-exec-1.6.0.jar
#15 43.71 [INFO] Resolved plugin: doxia-sink-api-1.11.1.jar
#15 43.71 [INFO] Resolved plugin: jetty-xml-9.4.46.v20220331.jar
#15 43.71 [INFO] Resolved plugin: plexus-velocity-1.2.jar
#15 43.71 [INFO] Resolved plugin: plexus-container-default-2.1.0.jar
#15 43.71 [INFO] Resolved plugin: commons-codec-1.11.jar
#15 43.71 [INFO] Resolved plugin: jackson-core-2.19.4.jar
#15 43.71 [INFO] Resolved plugin: plexus-resources-1.2.0.jar
#15 43.71 [INFO] Resolved plugin: snappy-0.4.jar
#15 43.71 [INFO] Resolved plugin: maven-deploy-plugin-3.1.4.jar
#15 43.71 [INFO] Resolved plugin: jsr305-3.0.2.jar
#15 43.71 [INFO] Resolved plugin: plexus-compiler-javac-2.13.0.jar
#15 43.71 [INFO] Resolved plugin: plexus-build-api-0.0.7.jar
#15 43.71 [INFO] Resolved plugin: doxia-module-fml-1.11.1.jar
#15 43.71 [INFO] Resolved plugin: commons-digester-1.8.jar
#15 43.71 [INFO] Resolved plugin: jetty-server-9.4.46.v20220331.jar
#15 43.71 [INFO] Resolved plugin: org.eclipse.osgi-3.18.300.jar
#15 43.71 [INFO] Resolved plugin: flexmark-ext-abbreviation-0.42.14.jar
#15 43.71 [INFO] Resolved plugin: maven-archiver-3.5.2.jar
#15 43.71 [INFO] Resolved plugin: jackson-databind-2.19.4.jar
#15 43.71 [INFO] Resolved plugin: zstd-jni-1.5.5-11.jar
#15 43.71 [INFO] Resolved plugin: flexmark-ext-definition-0.42.14.jar
#15 43.71 [INFO] Resolved plugin: doxia-logging-api-1.11.1.jar
#15 43.71 [INFO] Resolved plugin: plexus-xml-3.0.1.jar
#15 43.71 [INFO] Resolved plugin: maven-surefire-plugin-3.5.4.jar
#15 43.71 [INFO] Resolved plugin: flexmark-ext-yaml-front-matter-0.42.14.jar
#15 43.71 [INFO] Resolved plugin: maven-site-plugin-3.12.1.jar
#15 43.71 [INFO] Resolved plugin: jna-5.17.0.jar
#15 43.71 [INFO] Resolved plugin: flexmark-ext-superscript-0.42.14.jar
#15 43.71 [INFO] Resolved plugin: commons-collections-3.2.2.jar
#15 43.71 [INFO] Resolved plugin: surefire-shared-utils-3.5.4.jar
#15 43.71 [INFO] Resolved plugin: doxia-module-markdown-1.11.1.jar
#15 43.71 [INFO] Resolved plugin: flexmark-ext-xwiki-macros-0.42.14.jar
#15 43.71 [INFO] Resolved plugin: concurrent-trees-2.6.1.jar
#15 43.71 [INFO] Resolved plugin: commons-compress-1.20.jar
#15 43.71 [INFO] Resolved plugin: maven-resources-plugin-3.3.1.jar
#15 43.71 [INFO] Resolved plugin: asm-9.4.jar
#15 43.71 [INFO] Resolved plugin: velocity-1.7.jar
#15 43.71 [INFO] Resolved plugin: plexus-utils-3.5.1.jar
#15 43.71 [INFO] Resolved plugin: slf4j-api-1.7.32.jar
#15 43.71 [INFO] Resolved plugin: surefire-extensions-spi-3.5.4.jar
#15 43.71 [INFO] Resolved plugin: aopalliance-1.0.jar
#15 43.71 [INFO] Resolved plugin: maven-model-3.0.jar
#15 43.71 [INFO] Resolved plugin: aether-spi-1.0.0.v20140518.jar
#15 43.71 [INFO] Resolved plugin: plexus-interpolation-1.26.jar
#15 43.71 [INFO] Resolved plugin: maven-settings-builder-3.2.5.jar
#15 43.71 [INFO] Resolved plugin: httpcore-4.4.14.jar
#15 43.71 [INFO] Resolved plugin: commons-lang3-3.12.0.jar
#15 43.71 [INFO] Resolved plugin: maven-model-builder-3.0.jar
#15 43.71 [INFO] Resolved plugin: maven-surefire-common-3.5.4.jar
#15 43.71 [INFO] Resolved plugin: maven-artifact-3.2.5.jar
#15 43.71 [INFO] Resolved plugin: flexmark-ext-enumerated-reference-0.42.14.jar
#15 43.71 [INFO] Resolved plugin: plexus-component-annotations-2.1.1.jar
#15 43.71 [INFO] Resolved plugin: commons-io-2.4.jar
#15 43.71 [INFO] Resolved plugin: jackson-module-parameter-names-2.19.4.jar
#15 43.71 [INFO] Resolved plugin: durian-swt.os-4.2.2.jar
#15 43.71 [INFO] Resolved plugin: plexus-utils-3.0.24.jar
#15 43.71 [INFO] Resolved plugin: asm-tree-9.7.jar
#15 43.71 [INFO] Resolved plugin: okio-jvm-3.6.0.jar
#15 43.71 [INFO] Resolved plugin: commons-logging-1.2.jar
#15 43.71 [INFO] Resolved plugin: flexmark-ext-escaped-character-0.42.14.jar
#15 43.71 [INFO] Resolved plugin: jdependency-2.10.jar
#15 43.71 [INFO] Resolved plugin: plexus-cipher-1.4.jar
#15 43.71 [INFO] Resolved plugin: httpcore5-h2-5.3.6.jar
#15 43.71 [INFO] Resolved plugin: spring-boot-maven-plugin-3.5.10.jar
#15 43.71 [INFO] Resolved plugin: flexmark-0.42.14.jar
#15 43.71 [INFO] Resolved plugin: spring-context-6.2.15.jar
#15 43.71 [INFO] Resolved plugin: plexus-utils-3.4.2.jar
#15 43.71 [INFO] Resolved plugin: flexmark-ext-aside-0.42.14.jar
#15 43.71 [INFO] Resolved plugin: flexmark-ext-wikilink-0.42.14.jar
#15 43.71 [INFO] Resolved plugin: spring-expression-6.2.15.jar
#15 43.71 [INFO] Resolved plugin: surefire-logger-api-3.5.4.jar
#15 43.71 [INFO] Resolved plugin: org.eclipse.sisu.inject-0.3.5.jar
#15 43.71 [INFO] Resolved plugin: plexus-io-3.4.2.jar
#15 43.71 [INFO] Resolved plugin: maven-settings-3.0.jar
#15 43.71 [INFO] Resolved plugin: maven-plugin-api-3.0.jar
#15 43.71 [INFO] Resolved plugin: flexmark-ext-gfm-tables-0.42.14.jar
#15 43.71 [INFO] Resolved plugin: sisu-inject-bean-1.4.2.jar
#15 43.71 [INFO] Resolved plugin: spring-aop-6.2.15.jar
#15 43.71 [INFO] Resolved plugin: spring-beans-6.2.15.jar
#15 43.71 [INFO] Resolved plugin: antlr4-runtime-4.7.2.jar
#15 43.71 [INFO] Resolved plugin: plexus-interpolation-1.27.jar
#15 43.71 [INFO] Resolved plugin: commons-io-2.11.0.jar
#15 43.71 [INFO] Resolved plugin: okio-3.6.0.jar
#15 43.71 [INFO] Resolved plugin: jetty-io-9.4.46.v20220331.jar
#15 43.71 [INFO] Resolved plugin: cdi-api-1.2.jar
#15 43.71 [INFO] Resolved plugin: commons-chain-1.1.jar
#15 43.71 [INFO] Resolved plugin: commons-codec-1.16.1.jar
#15 43.71 [INFO] Resolved plugin: flexmark-html-parser-0.42.14.jar
#15 43.71 [INFO] Resolved plugin: javax.inject-1.jar
#15 43.71 [INFO] Resolved plugin: kotlin-stdlib-common-1.9.10.jar
#15 43.71 [INFO] Resolved plugin: maven-shared-utils-3.3.4.jar
#15 43.71 [INFO] Resolved plugin: javax.servlet-api-3.1.0.jar
#15 43.71 [INFO] Resolved plugin: jetty-util-ajax-9.4.46.v20220331.jar
#15 43.71 [INFO] Resolved plugin: maven-settings-3.2.5.jar
#15 43.71 [INFO] Resolved plugin: jsoup-1.10.2.jar
#15 43.71 [INFO] Resolved plugin: oro-2.0.8.jar
#15 43.71 [INFO] Resolved plugin: spring-boot-loader-tools-3.5.10.jar
#15 43.71 [INFO] Resolved plugin: annotations-13.0.jar
#15 43.71 [INFO] Resolved plugin: commons-codec-1.16.0.jar
#15 43.71 [INFO] Resolved plugin: xz-1.9.jar
#15 43.71 [INFO] Resolved plugin: maven-compat-3.0.jar
#15 43.71 [INFO] Resolved plugin: maven-settings-builder-3.0.jar
#15 43.71 [INFO] Resolved plugin: aether-impl-1.0.0.v20140518.jar
#15 43.71 [INFO] Resolved plugin: aether-util-1.7.jar
#15 43.71 [INFO] Resolved plugin: commons-text-1.3.jar
#15 43.71 [INFO] Resolved plugin: maven-core-3.0.jar
#15 43.71 [INFO] Resolved plugin: commons-lang-2.4.jar
#15 43.71 [INFO] Resolved plugin: slf4j-api-1.7.36.jar
#15 43.71 [INFO] Resolved plugin: maven-resolver-util-1.4.1.jar
#15 43.71 [INFO] Resolved plugin: doxia-module-apt-1.11.1.jar
#15 43.71 [INFO] Resolved plugin: flexmark-ext-gfm-issues-0.42.14.jar
#15 43.71 [INFO] Resolved plugin: jetty-util-9.4.46.v20220331.jar
#15 43.71 [INFO] Resolved plugin: maven-model-builder-3.2.5.jar
#15 43.71 [INFO] Resolved plugin: maven-jar-plugin-3.4.2.jar
#15 43.71 [INFO] Resolved plugin: plexus-archiver-4.2.7.jar
#15 43.71 [INFO] Resolved plugin: kotlin-stdlib-1.8.21.jar
#15 43.71 [INFO] Resolved plugin: commons-io-2.6.jar
#15 43.71 [INFO] Resolved plugin: maven-shade-plugin-3.6.0.jar
#15 43.71 [INFO] Resolved plugin: flexmark-ext-youtube-embedded-0.42.14.jar
#15 43.71 [INFO] Resolved plugin: flexmark-formatter-0.42.14.jar
#15 43.71 [INFO] Resolved plugin: maven-model-3.2.5.jar
#15 43.71 [INFO] Resolved plugin: micrometer-commons-1.14.14.jar
#15 43.71 [INFO] Resolved plugin: plexus-utils-4.0.1.jar
#15 43.71 [INFO] Resolved plugin: jdom2-2.0.6.1.jar
#15 43.71 [INFO] Resolved plugin: flexmark-profile-pegdown-0.42.14.jar
#15 43.71 [INFO] Resolved plugin: doxia-module-docbook-simple-1.11.1.jar
#15 43.71 [INFO] Resolved plugin: commons-lang3-3.16.0.jar
#15 43.71 [INFO] Resolved plugin: guava-16.0.1.jar
#15 43.71 [INFO] Resolved plugin: file-management-3.0.0.jar
#15 43.71 [INFO] Resolved plugin: flexmark-ext-typographic-0.42.14.jar
#15 43.71 [INFO] Resolved plugin: flexmark-ext-autolink-0.42.14.jar
#15 43.71 [INFO] Resolved plugin: build-helper-maven-plugin-3.3.0.jar
#15 43.71 [INFO] Resolved plugin: flexmark-ext-jekyll-tag-0.42.14.jar
#15 43.71 [INFO] Resolved plugin: flexmark-ext-gitlab-0.42.14.jar
#15 43.71 [INFO] Resolved plugin: commons-compress-1.27.1.jar
#15 43.71 [INFO] Resolved plugin: doxia-module-xdoc-1.11.1.jar
#15 43.71 [INFO] Resolved plugin: spotless-lib-2.45.0.jar
#15 43.71 [INFO] Resolved plugin: doxia-site-renderer-1.11.1.jar
#15 43.71 [INFO] Resolved plugin: sisu-inject-plexus-1.4.2.jar
#15 43.71 [INFO] Resolved plugin: commons-beanutils-1.7.0.jar
#15 43.71 [INFO] Resolved plugin: httpcore5-5.3.6.jar
#15 43.71 [INFO] Resolved plugin: commons-lang3-3.14.0.jar
#15 43.71 [INFO] Resolved plugin: plexus-classworlds-2.5.2.jar
#15 43.71 [INFO] Resolved plugin: doxia-module-confluence-1.11.1.jar
#15 43.71 [INFO] Resolved plugin: doxia-module-xhtml5-1.11.1.jar
#15 43.71 [INFO] Resolved plugin: flexmark-ext-tables-0.42.14.jar
#15 43.71 [INFO] Resolved plugin: micrometer-observation-1.14.14.jar
#15 43.71 [INFO] Resolved plugin: javax.annotation-api-1.2.jar
#15 43.71 [INFO] Resolved plugin: plexus-utils-3.4.1.jar
#15 43.71 [INFO] Resolved plugin: flexmark-ext-macros-0.42.14.jar
#15 43.71 [INFO] Resolved plugin: jna-platform-5.17.0.jar
#15 43.71 [INFO] Resolved plugin: aether-spi-1.7.jar
#15 43.71 [INFO] Resolved plugin: plexus-sec-dispatcher-1.3.jar
#15 43.71 [INFO] Resolved plugin: plexus-java-1.5.0.jar
#15 43.71 [INFO] Resolved plugin: plexus-i18n-1.0-beta-10.jar
#15 43.71 [INFO] Resolved plugin: qdox-2.2.0.jar
#15 43.71 [INFO] Resolved plugin: flexmark-ext-gfm-users-0.42.14.jar
#15 43.71 [INFO] Resolved plugin: durian-core-1.2.0.jar
#15 43.71 [INFO] Resolved plugin: maven-clean-plugin-3.4.1.jar
#15 43.71 [INFO] Resolved plugin: plexus-archiver-4.9.2.jar
#15 43.71 [INFO] Resolved plugin: jackson-annotations-2.19.4.jar
#15 43.71 [INFO] Resolved plugin: surefire-booter-3.5.4.jar
#15 43.71 [INFO] Resolved dependency: reactor-extra-3.5.2.jar
#15 43.71 [INFO] Resolved dependency: guava-33.1.0-jre.jar
#15 43.71 [INFO] Resolved dependency: spring-boot-starter-3.2.4.jar
#15 43.71 [INFO] Resolved dependency: assertj-core-3.27.6.jar
#15 43.71 [INFO] Resolved dependency: grpc-spring-boot-starter-3.1.0.RELEASE.jar
#15 43.71 [INFO] Resolved dependency: hamcrest-3.0.jar
#15 43.71 [INFO] Resolved dependency: netty-transport-native-unix-common-4.1.121.Final.jar
#15 43.71 [INFO] Resolved dependency: json-smart-2.5.2.jar
#15 43.71 [INFO] Resolved dependency: log4j-to-slf4j-2.24.3.jar
#15 43.71 [INFO] Resolved dependency: jackson-datatype-jdk8-2.19.0.jar
#15 43.71 [INFO] Resolved dependency: jspecify-1.0.0.jar
#15 43.71 [INFO] Resolved dependency: junit-jupiter-params-5.12.2.jar
#15 43.71 [INFO] Resolved dependency: gson-2.12.1.jar
#15 43.71 [INFO] Resolved dependency: spring-data-commons-3.5.8.jar
#15 43.71 [INFO] Resolved dependency: spring-beans-6.2.7.jar
#15 43.71 [INFO] Resolved dependency: redis-authx-core-0.1.1-beta2.jar
#15 43.71 [INFO] Resolved dependency: grpc-api-1.63.0.jar
#15 43.71 [INFO] Resolved dependency: jakarta.activation-api-2.1.0.jar
#15 43.71 [INFO] Resolved dependency: accessors-smart-2.5.2.jar
#15 43.71 [INFO] Resolved dependency: postgresql-42.7.9.jar
#15 43.71 [INFO] Resolved dependency: spring-expression-6.2.7.jar
#15 43.71 [INFO] Resolved dependency: spring-cloud-starter-alibaba-nacos-discovery-2025.0.0.0.jar
#15 43.71 [INFO] Resolved dependency: junit-jupiter-api-5.12.2.jar
#15 43.71 [INFO] Resolved dependency: spring-oxm-6.2.15.jar
#15 43.71 [INFO] Resolved dependency: spring-boot-starter-json-3.5.10.jar
#15 43.71 [INFO] Resolved dependency: spring-jdbc-6.2.15.jar
#15 43.71 [INFO] Resolved dependency: jandex-3.2.0.jar
#15 43.71 [INFO] Resolved dependency: netty-handler-4.1.121.Final.jar
#15 43.71 [INFO] Resolved dependency: jboss-logging-3.6.1.Final.jar
#15 43.71 [INFO] Resolved dependency: spring-boot-starter-tomcat-3.5.10.jar
#15 43.71 [INFO] Resolved dependency: jakarta.transaction-api-2.0.1.jar
#15 43.71 [INFO] Resolved dependency: spring-aop-6.2.7.jar
#15 43.71 [INFO] Resolved dependency: angus-activation-2.0.0.jar
#15 43.71 [INFO] Resolved dependency: snakeyaml-2.2.jar
#15 43.71 [INFO] Resolved dependency: logback-adapter-1.1.4.jar
#15 43.71 [INFO] Resolved dependency: spring-boot-starter-web-3.5.10.jar
#15 43.71 [INFO] Resolved dependency: grpc-util-1.63.0.jar
#15 43.71 [INFO] Resolved dependency: grpc-services-1.63.0.jar
#15 43.71 [INFO] Resolved dependency: spring-test-6.2.15.jar
#15 43.71 [INFO] Resolved dependency: netty-common-4.1.121.Final.jar
#15 43.71 [INFO] Resolved dependency: junit-jupiter-5.12.2.jar
#15 43.71 [INFO] Resolved dependency: grpc-api-1.78.0.jar
#15 43.71 [INFO] Resolved dependency: slf4j-api-2.0.12.jar
#15 43.71 [INFO] Resolved dependency: spring-jcl-6.2.7.jar
#15 43.71 [INFO] Resolved dependency: nacos-encryption-plugin-3.0.3.jar
#15 43.71 [INFO] Resolved dependency: micrometer-commons-1.12.4.jar
#15 43.71 [INFO] Resolved dependency: nacos-client-3.0.3.jar
#15 43.71 [INFO] Resolved dependency: spring-orm-6.2.15.jar
#15 43.71 [INFO] Resolved dependency: tomcat-embed-core-10.1.50.jar
#15 43.71 [INFO] Resolved dependency: spring-boot-3.5.10.jar
#15 43.71 [INFO] Resolved dependency: junit-platform-engine-1.12.2.jar
#15 43.71 [INFO] Resolved dependency: slf4j-api-2.0.11.jar
#15 43.71 [INFO] Resolved dependency: error_prone_annotations-2.18.0.jar
#15 43.71 [INFO] Resolved dependency: log4j-api-2.21.1.jar
#15 43.71 [INFO] Resolved dependency: nacos-auth-plugin-3.0.3.jar
#15 43.71 [INFO] Resolved dependency: httpcore5-5.3.4.jar
#15 43.71 [INFO] Resolved dependency: JavaEWAH-1.2.3.jar
#15 43.71 [INFO] Resolved dependency: grpc-protobuf-lite-1.78.0.jar
#15 43.71 [INFO] Resolved dependency: jakarta.activation-2.0.1.jar
#15 43.71 [INFO] Resolved dependency: hibernate-core-6.6.41.Final.jar
#15 43.71 [INFO] Resolved dependency: httpclient-4.5.14.jar
#15 43.71 [INFO] Resolved dependency: byte-buddy-1.17.5.jar
#15 43.71 [INFO] Resolved dependency: spring-boot-starter-logging-3.5.0.jar
#15 43.71 [INFO] Resolved dependency: sshd-osgi-2.14.0.jar
#15 43.71 [INFO] Resolved dependency: reactor-netty-core-1.2.6.jar
#15 43.71 [INFO] Resolved dependency: netty-transport-4.1.118.Final.jar
#15 43.71 [INFO] Resolved dependency: jakarta.xml.bind-api-4.0.0.jar
#15 43.71 [INFO] Resolved dependency: tomcat-embed-el-10.1.50.jar
#15 43.71 [INFO] Resolved dependency: grpc-context-1.78.0.jar
#15 43.71 [INFO] Resolved dependency: grpc-stub-1.63.0.jar
#15 43.71 [INFO] Resolved dependency: grpc-protobuf-1.63.0.jar
#15 43.71 [INFO] Resolved dependency: jakarta.xml.bind-api-3.0.1.jar
#15 43.71 [INFO] Resolved dependency: listenablefuture-9999.0-empty-to-avoid-conflict-with-guava.jar
#15 43.71 [INFO] Resolved dependency: jakarta.xml.bind-api-4.0.4.jar
#15 43.71 [INFO] Resolved dependency: micrometer-commons-1.15.0.jar
#15 43.71 [INFO] Resolved dependency: spring-cloud-starter-4.3.0.jar
#15 43.71 [INFO] Resolved dependency: snakeyaml-2.4.jar
#15 43.71 [INFO] Resolved dependency: netty-resolver-dns-native-macos-4.1.121.Final-osx-x86_64.jar
#15 43.71 [INFO] Resolved dependency: spring-boot-starter-reactor-netty-3.5.0.jar
#15 43.71 [INFO] Resolved dependency: tomcat-embed-core-10.1.41.jar
#15 43.71 [INFO] Resolved dependency: antlr4-runtime-4.13.0.jar
#15 43.71 [INFO] Resolved dependency: spring-cloud-commons-4.3.0.jar
#15 43.71 [INFO] Resolved dependency: spring-cloud-config-server-4.3.0.jar
#15 43.71 [INFO] Resolved dependency: spring-boot-configuration-processor-3.5.0.jar
#15 43.71 [INFO] Resolved dependency: reactor-netty-http-1.2.6.jar
#15 43.71 [INFO] Resolved dependency: spring-core-6.2.15.jar
#15 43.71 [INFO] Resolved dependency: grpc-stub-1.78.0.jar
#15 43.71 [INFO] Resolved dependency: spring-cloud-loadbalancer-4.3.0.jar
#15 43.71 [INFO] Resolved dependency: asm-9.7.1.jar
#15 43.71 [INFO] Resolved dependency: logback-classic-1.5.25.jar
#15 43.71 [INFO] Resolved dependency: checker-qual-3.42.0.jar
#15 43.71 [INFO] Resolved dependency: sshd-sftp-2.14.0.jar
#15 43.71 [INFO] Resolved dependency: jackson-datatype-jdk8-2.19.4.jar
#15 43.71 [INFO] Resolved dependency: logback-classic-1.5.18.jar
#15 43.71 [INFO] Resolved dependency: protobuf-java-4.33.5.jar
#15 43.71 [INFO] Resolved dependency: spring-jcl-6.2.15.jar
#15 43.71 [INFO] Resolved dependency: spring-boot-starter-data-redis-3.5.10.jar
#15 43.71 [INFO] Resolved dependency: lettuce-core-6.6.0.RELEASE.jar
#15 43.71 [INFO] Resolved dependency: jackson-core-2.19.4.jar
#15 43.71 [INFO] Resolved dependency: protobuf-java-3.25.3.jar
#15 43.71 [INFO] Resolved dependency: simpleclient_tracer_otel_agent-0.16.0.jar
#15 43.71 [INFO] Resolved dependency: spring-cloud-context-4.3.0.jar
#15 43.71 [INFO] Resolved dependency: byte-buddy-1.17.7.jar
#15 43.71 [INFO] Resolved dependency: perfmark-api-0.27.0.jar
#15 43.71 [INFO] Resolved dependency: jsr305-3.0.2.jar
#15 43.71 [INFO] Resolved dependency: micrometer-core-1.15.0.jar
#15 43.71 [INFO] Resolved dependency: reactor-core-3.7.6.jar
#15 43.71 [INFO] Resolved dependency: jackson-datatype-jsr310-2.19.4.jar
#15 43.71 [INFO] Resolved dependency: jakarta.annotation-api-2.1.1.jar
#15 43.71 [INFO] Resolved dependency: spring-core-6.2.7.jar
#15 43.71 [INFO] Resolved dependency: jackson-databind-2.19.4.jar
#15 43.71 [INFO] Resolved dependency: spring-boot-starter-tomcat-3.5.0.jar
#15 43.71 [INFO] Resolved dependency: spring-boot-starter-webflux-3.5.0.jar
#15 43.71 [INFO] Resolved dependency: nacos-client-basic-3.0.3.jar
#15 43.71 [INFO] Resolved dependency: tomcat-embed-el-10.1.41.jar
#15 43.71 [INFO] Resolved dependency: jna-platform-4.5.1.jar
#15 43.71 [INFO] Resolved dependency: gson-2.8.9.jar
#15 43.71 [INFO] Resolved dependency: gson-2.10.1.jar
#15 43.71 [INFO] Resolved dependency: grpc-protobuf-1.78.0.jar
#15 43.71 [INFO] Resolved dependency: netty-codec-dns-4.1.121.Final.jar
#15 43.71 [INFO] Resolved dependency: json-path-2.9.0.jar
#15 43.71 [INFO] Resolved dependency: grpc-server-spring-boot-starter-3.1.0.RELEASE.jar
#15 43.71 [INFO] Resolved dependency: hibernate-commons-annotations-7.0.3.Final.jar
#15 43.71 [INFO] Resolved dependency: guava-33.5.0-android.jar
#15 43.71 [INFO] Resolved dependency: slf4j-api-1.7.25.jar
#15 43.71 [INFO] Resolved dependency: grpc-common-spring-boot-3.1.0.RELEASE.jar
#15 43.71 [INFO] Resolved dependency: netty-handler-proxy-4.1.121.Final.jar
#15 43.71 [INFO] Resolved dependency: hibernate-validator-8.0.2.Final.jar
#15 43.71 [INFO] Resolved dependency: spring-cloud-config-client-4.3.0.jar
#15 43.71 [INFO] Resolved dependency: reactive-streams-1.0.4.jar
#15 43.71 [INFO] Resolved dependency: HikariCP-6.3.3.jar
#15 43.71 [INFO] Resolved dependency: netty-transport-native-unix-common-4.1.118.Final.jar
#15 43.71 [INFO] Resolved dependency: netty-codec-socks-4.1.121.Final.jar
#15 43.71 [INFO] Resolved dependency: netty-transport-4.1.121.Final.jar
#15 43.71 [INFO] Resolved dependency: spring-data-keyvalue-3.5.8.jar
#15 43.71 [INFO] Resolved dependency: spring-boot-starter-web-3.5.0.jar
#15 43.71 [INFO] Resolved dependency: jackson-core-2.19.0.jar
#15 43.71 [INFO] Resolved dependency: httpclient5-5.4.4.jar
#15 43.71 [INFO] Resolved dependency: checker-qual-3.52.0.jar
#15 43.71 [INFO] Resolved dependency: netty-resolver-dns-4.1.121.Final.jar
#15 43.71 [INFO] Resolved dependency: slf4j-api-2.0.17.jar
#15 43.71 [INFO] Resolved dependency: jaxb-core-4.0.2.jar
#15 43.71 [INFO] Resolved dependency: log4j-to-slf4j-2.21.1.jar
#15 43.71 [INFO] Resolved dependency: jackson-annotations-2.19.0.jar
#15 43.71 [INFO] Resolved dependency: classmate-1.7.0.jar
#15 43.71 [INFO] Resolved dependency: error_prone_annotations-2.23.0.jar
#15 43.71 [INFO] Resolved dependency: spring-context-6.1.5.jar
#15 43.71 [INFO] Resolved dependency: spring-data-redis-3.5.8.jar
#15 43.71 [INFO] Resolved dependency: spring-boot-3.5.0.jar
#15 43.71 [INFO] Resolved dependency: javax.annotation-api-1.3.2.jar
#15 43.71 [INFO] Resolved dependency: commons-codec-1.18.0.jar
#15 43.71 [INFO] Resolved dependency: mockito-core-5.17.0.jar
#15 43.71 [INFO] Resolved dependency: jul-to-slf4j-2.0.17.jar
#15 43.71 [INFO] Resolved dependency: spring-boot-test-3.5.10.jar
#15 43.71 [INFO] Resolved dependency: spring-boot-starter-3.5.10.jar
#15 43.71 [INFO] Resolved dependency: grpc-inprocess-1.63.0.jar
#15 43.71 [INFO] Resolved dependency: jackson-module-parameter-names-2.19.4.jar
#15 43.71 [INFO] Resolved dependency: netty-transport-native-epoll-4.1.121.Final-linux-x86_64.jar
#15 43.71 [INFO] Resolved dependency: spring-webflux-6.2.7.jar
#15 43.71 [INFO] Resolved dependency: spring-webmvc-6.2.7.jar
#15 43.71 [INFO] Resolved dependency: org.eclipse.jgit.http.apache-6.10.1.202505221210-r.jar
#15 43.71 [INFO] Resolved dependency: commons-logging-1.2.jar
#15 43.71 [INFO] Resolved dependency: opentest4j-1.3.0.jar
#15 43.71 [INFO] Resolved dependency: spring-context-support-6.2.15.jar
#15 43.71 [INFO] Resolved dependency: netty-handler-4.1.118.Final.jar
#15 43.71 [INFO] Resolved dependency: junit-jupiter-engine-5.12.2.jar
#15 43.71 [INFO] Resolved dependency: spring-context-6.2.15.jar
#15 43.71 [INFO] Resolved dependency: jna-4.5.1.jar
#15 43.71 [INFO] Resolved dependency: spring-expression-6.2.15.jar
#15 43.71 [INFO] Resolved dependency: netty-codec-http-4.1.121.Final.jar
#15 43.71 [INFO] Resolved dependency: error_prone_annotations-2.44.0.jar
#15 43.71 [INFO] Resolved dependency: failureaccess-1.0.2.jar
#15 43.71 [INFO] Resolved dependency: simpleclient_tracer_common-0.16.0.jar
#15 43.71 [INFO] Resolved dependency: proto-google-common-protos-2.29.0.jar
#15 43.71 [INFO] Resolved dependency: spring-aop-6.2.15.jar
#15 43.71 [INFO] Resolved dependency: spring-beans-6.2.15.jar
#15 43.71 [INFO] Resolved dependency: tomcat-embed-websocket-10.1.41.jar
#15 43.71 [INFO] Resolved dependency: spring-beans-6.1.5.jar
#15 43.71 [INFO] Resolved dependency: spring-boot-test-autoconfigure-3.5.10.jar
#15 43.71 [INFO] Resolved dependency: jackson-datatype-jsr310-2.19.0.jar
#15 43.71 [INFO] Resolved dependency: netty-transport-classes-epoll-4.1.121.Final.jar
#15 43.71 [INFO] Resolved dependency: spring-boot-starter-test-3.5.10.jar
#15 43.71 [INFO] Resolved dependency: spring-boot-autoconfigure-3.5.0.jar
#15 43.71 [INFO] Resolved dependency: spring-web-6.2.7.jar
#15 43.71 [INFO] Resolved dependency: eddsa-0.3.0.jar
#15 43.71 [INFO] Resolved dependency: txw2-4.0.2.jar
#15 43.71 [INFO] Resolved dependency: junit-platform-commons-1.12.2.jar
#15 43.71 [INFO] Resolved dependency: HdrHistogram-2.2.2.jar
#15 43.71 [INFO] Resolved dependency: spring-boot-autoconfigure-3.2.4.jar
#15 43.71 [INFO] Resolved dependency: netty-codec-4.1.121.Final.jar
#15 43.71 [INFO] Resolved dependency: waffle-jna-1.9.1.jar
#15 43.71 [INFO] Resolved dependency: grpc-netty-shaded-1.63.0.jar
#15 43.71 [INFO] Resolved dependency: failureaccess-1.0.3.jar
#15 43.71 [INFO] Resolved dependency: spring-aop-6.1.5.jar
#15 43.71 [INFO] Resolved dependency: istack-commons-runtime-4.1.1.jar
#15 43.71 [INFO] Resolved dependency: annotations-4.1.1.4.jar
#15 43.71 [INFO] Resolved dependency: jboss-logging-3.5.0.Final.jar
#15 43.71 [INFO] Resolved dependency: spring-jcl-6.1.5.jar
#15 43.71 [INFO] Resolved dependency: spring-security-crypto-6.5.0.jar
#15 43.71 [INFO] Resolved dependency: bcprov-jdk18on-1.80.jar
#15 43.71 [INFO] Resolved dependency: animal-sniffer-annotations-1.26.jar
#15 43.71 [INFO] Resolved dependency: spring-expression-6.1.5.jar
#15 43.71 [INFO] Resolved dependency: protobuf-java-3.25.8.jar
#15 43.71 [INFO] Resolved dependency: proto-google-common-protos-2.63.1.jar
#15 43.71 [INFO] Resolved dependency: grpc-core-1.78.0.jar
#15 43.71 [INFO] Resolved dependency: org.eclipse.jgit.ssh.apache-6.10.1.202505221210-r.jar
#15 43.71 [INFO] Resolved dependency: log4j-api-2.24.3.jar
#15 43.71 [INFO] Resolved dependency: classmate-1.5.1.jar
#15 43.71 [INFO] Resolved dependency: netty-common-4.1.118.Final.jar
#15 43.71 [INFO] Resolved dependency: spring-boot-actuator-autoconfigure-3.5.0.jar
#15 43.71 [INFO] Resolved dependency: spring-boot-autoconfigure-3.5.10.jar
#15 43.71 [INFO] Resolved dependency: spring-tx-6.2.15.jar
#15 43.71 [INFO] Resolved dependency: grpc-context-1.63.0.jar
#15 43.71 [INFO] Resolved dependency: protobuf-java-util-3.25.3.jar
#15 43.71 [INFO] Resolved dependency: netty-codec-4.1.118.Final.jar
#15 43.71 [INFO] Resolved dependency: aspectjweaver-1.9.22.1.jar
#15 43.71 [INFO] Resolved dependency: spring-boot-starter-logging-3.2.4.jar
#15 43.71 [INFO] Resolved dependency: objenesis-3.3.jar
#15 43.71 [INFO] Resolved dependency: netty-resolver-4.1.118.Final.jar
#15 43.71 [INFO] Resolved dependency: spring-data-jpa-3.5.8.jar
#15 43.71 [INFO] Resolved dependency: spring-boot-starter-validation-3.5.0.jar
#15 43.71 [INFO] Resolved dependency: j2objc-annotations-3.1.jar
#15 43.71 [INFO] Resolved dependency: protobuf-java-util-4.33.5.jar
#15 43.71 [INFO] Resolved dependency: mapstruct-1.6.3.jar
#15 43.71 [INFO] Resolved dependency: jul-to-slf4j-2.0.12.jar
#15 43.71 [INFO] Resolved dependency: jcl-over-slf4j-1.7.25.jar
#15 43.71 [INFO] Resolved dependency: jcl-over-slf4j-2.0.17.jar
#15 43.71 [INFO] Resolved dependency: netty-buffer-4.1.118.Final.jar
#15 43.71 [INFO] Resolved dependency: reactor-core-3.6.6.jar
#15 43.71 [INFO] Resolved dependency: org.eclipse.jgit-6.10.1.202505221210-r.jar
#15 43.71 [INFO] Resolved dependency: mockito-junit-jupiter-5.17.0.jar
#15 43.71 [INFO] Resolved dependency: caffeine-2.6.2.jar
#15 43.71 [INFO] Resolved dependency: micrometer-commons-1.14.14.jar
#15 43.71 [INFO] Resolved dependency: jackson-databind-2.19.0.jar
#15 43.71 [INFO] Resolved dependency: netty-codec-http2-4.1.121.Final.jar
#15 43.71 [INFO] Resolved dependency: spring-boot-starter-jdbc-3.5.10.jar
#15 43.71 [INFO] Resolved dependency: logback-classic-1.4.14.jar
#15 43.71 [INFO] Resolved dependency: logback-core-1.5.25.jar
#15 43.71 [INFO] Resolved dependency: httpcore-4.4.16.jar
#15 43.71 [INFO] Resolved dependency: spring-boot-starter-json-3.5.0.jar
#15 43.71 [INFO] Resolved dependency: jakarta.persistence-api-3.1.0.jar
#15 43.71 [INFO] Resolved dependency: grpc-protobuf-lite-1.63.0.jar
#15 43.71 [INFO] Resolved dependency: grpc-core-1.63.0.jar
#15 43.71 [INFO] Resolved dependency: spring-aspects-6.2.15.jar
#15 43.71 [INFO] Resolved dependency: jsonassert-1.5.3.jar
#15 43.71 [INFO] Resolved dependency: lombok-1.18.42.jar
#15 43.71 [INFO] Resolved dependency: micrometer-observation-1.15.0.jar
#15 43.71 [INFO] Resolved dependency: jackson-module-parameter-names-2.19.0.jar
#15 43.71 [INFO] Resolved dependency: spring-core-6.1.5.jar
#15 43.71 [INFO] Resolved dependency: logback-core-1.5.18.jar
#15 43.71 [INFO] Resolved dependency: jakarta.validation-api-3.0.2.jar
#15 43.71 [INFO] Resolved dependency: micrometer-observation-1.12.4.jar
#15 43.71 [INFO] Resolved dependency: simpleclient-0.16.0.jar
#15 43.72 [INFO] Resolved dependency: spring-boot-3.2.4.jar
#15 43.72 [INFO] Resolved dependency: spring-cloud-alibaba-commons-2025.0.0.0.jar
#15 43.72 [INFO] Resolved dependency: simpleclient_tracer_otel-0.16.0.jar
#15 43.72 [INFO] Resolved dependency: xmlunit-core-2.10.4.jar
#15 43.72 [INFO] Resolved dependency: netty-buffer-4.1.121.Final.jar
#15 43.72 [INFO] Resolved dependency: spring-context-6.2.7.jar
#15 43.72 [INFO] Resolved dependency: netty-resolver-dns-classes-macos-4.1.121.Final.jar
#15 43.72 [INFO] Resolved dependency: jaxb-runtime-4.0.2.jar
#15 43.72 [INFO] Resolved dependency: awaitility-4.2.2.jar
#15 43.72 [INFO] Resolved dependency: spring-boot-starter-logging-3.5.10.jar
#15 43.72 [INFO] Resolved dependency: jakarta.inject-api-2.0.1.jar
#15 43.72 [INFO] Resolved dependency: perfmark-api-0.26.0.jar
#15 43.72 [INFO] Resolved dependency: micrometer-observation-1.14.14.jar
#15 43.72 [INFO] Resolved dependency: spring-boot-actuator-3.5.0.jar
#15 43.72 [INFO] Resolved dependency: httpcore5-h2-5.3.4.jar
#15 43.72 [INFO] Resolved dependency: logback-core-1.4.14.jar
#15 43.72 [INFO] Resolved dependency: spring-boot-starter-data-jpa-3.5.10.jar
#15 43.72 [INFO] Resolved dependency: nacos-log4j2-adapter-3.0.3.jar
#15 43.72 [INFO] Resolved dependency: animal-sniffer-annotations-1.23.jar
#15 43.72 [INFO] Resolved dependency: j2objc-annotations-2.8.jar
#15 43.72 [INFO] Resolved dependency: tomcat-embed-websocket-10.1.50.jar
#15 43.72 [INFO] Resolved dependency: spring-boot-starter-3.5.0.jar
#15 43.72 [INFO] Resolved dependency: spring-web-6.2.15.jar
#15 43.72 [INFO] Resolved dependency: jakarta.activation-api-2.1.4.jar
#15 43.72 [INFO] Resolved dependency: jackson-dataformat-yaml-2.19.0.jar
#15 43.72 [INFO] Resolved dependency: apiguardian-api-1.1.2.jar
#15 43.72 [INFO] Resolved dependency: byte-buddy-agent-1.15.11.jar
#15 43.72 [INFO] Resolved dependency: LatencyUtils-2.0.3.jar
#15 43.72 [INFO] Resolved dependency: jackson-annotations-2.19.4.jar
#15 43.72 [INFO] Resolved dependency: netty-resolver-4.1.121.Final.jar
#15 43.72 [INFO] Resolved dependency: android-json-0.0.20131108.vaadin1.jar
#15 43.72 [INFO] Resolved dependency: grpc-client-spring-boot-starter-3.1.0.RELEASE.jar
#15 43.72 [INFO] Resolved dependency: spring-webmvc-6.2.15.jar
#15 43.72 [INFO] ------------------------------------------------------------------------
#15 43.72 [INFO] BUILD SUCCESS
#15 43.72 [INFO] ------------------------------------------------------------------------
#15 43.72 [INFO] Total time:  41.932 s
#15 43.72 [INFO] Finished at: 2026-08-26T07:47:25Z
#15 43.72 [INFO] ------------------------------------------------------------------------
#15 DONE 43.9s

#16 [builder  9/12] COPY src ./src
#16 DONE 0.1s

#17 [builder 10/12] COPY target/generated-sources ./target/generated-sources
#17 DONE 0.1s

#18 [builder 11/12] RUN --mount=type=cache,target=/root/.m2     ./mvnw -B package -DskipTests $([ -n "$MAVEN_MIRROR_URL" ] && echo "-s /tmp/settings.xml")
#18 1.680 [INFO] Scanning for projects...
#18 2.103 [INFO] ------------------------------------------------------------------------
#18 2.103 [INFO] Detecting the operating system and CPU architecture
#18 2.104 [INFO] ------------------------------------------------------------------------
#18 2.104 [INFO] os.detected.name: linux
#18 2.104 [INFO] os.detected.arch: x86_64
#18 2.104 [INFO] os.detected.bitness: 64
#18 2.104 [INFO] os.detected.version: 5.15
#18 2.104 [INFO] os.detected.version.major: 5
#18 2.104 [INFO] os.detected.version.minor: 15
#18 2.105 [INFO] os.detected.release: ubuntu
#18 2.106 [INFO] os.detected.release.version: 26.04
#18 2.106 [INFO] os.detected.release.like.ubuntu: true
#18 2.106 [INFO] os.detected.release.like.debian: true
#18 2.106 [INFO] os.detected.classifier: linux-x86_64
#18 2.126 [INFO] 
#18 2.126 [INFO] ------------------------< org.tripsphere:order >------------------------
#18 2.127 [INFO] Building trip-order-service 0.1.0
#18 2.127 [INFO]   from pom.xml
#18 2.127 [INFO] --------------------------------[ jar ]---------------------------------
#18 2.727 [INFO] Downloading from central: https://repo.maven.apache.org/maven2/com/fasterxml/classmate/1.7.3/classmate-1.7.3.pom
#18 3.668 [INFO] Downloaded from central: https://repo.maven.apache.org/maven2/com/fasterxml/classmate/1.7.3/classmate-1.7.3.pom (6.5 kB at 6.9 kB/s)
#18 3.684 [INFO] Downloading from central: https://repo.maven.apache.org/maven2/com/fasterxml/oss-parent/74/oss-parent-74.pom
#18 3.925 [INFO] Downloaded from central: https://repo.maven.apache.org/maven2/com/fasterxml/oss-parent/74/oss-parent-74.pom (24 kB at 99 kB/s)
#18 3.932 [INFO] Downloading from central: https://repo.maven.apache.org/maven2/org/glassfish/jaxb/jaxb-runtime/4.0.6/jaxb-runtime-4.0.6.pom
#18 4.152 [INFO] Downloaded from central: https://repo.maven.apache.org/maven2/org/glassfish/jaxb/jaxb-runtime/4.0.6/jaxb-runtime-4.0.6.pom (11 kB at 49 kB/s)
#18 4.156 [INFO] Downloading from central: https://repo.maven.apache.org/maven2/com/sun/xml/bind/mvn/jaxb-runtime-parent/4.0.6/jaxb-runtime-parent-4.0.6.pom
#18 4.375 [INFO] Downloaded from central: https://repo.maven.apache.org/maven2/com/sun/xml/bind/mvn/jaxb-runtime-parent/4.0.6/jaxb-runtime-parent-4.0.6.pom (1.2 kB at 5.4 kB/s)
#18 4.378 [INFO] Downloading from central: https://repo.maven.apache.org/maven2/com/sun/xml/bind/mvn/jaxb-parent/4.0.6/jaxb-parent-4.0.6.pom
#18 4.596 [INFO] Downloaded from central: https://repo.maven.apache.org/maven2/com/sun/xml/bind/mvn/jaxb-parent/4.0.6/jaxb-parent-4.0.6.pom (35 kB at 160 kB/s)
#18 4.600 [INFO] Downloading from central: https://repo.maven.apache.org/maven2/com/sun/xml/bind/jaxb-bom-ext/4.0.6/jaxb-bom-ext-4.0.6.pom
#18 4.828 [INFO] Downloaded from central: https://repo.maven.apache.org/maven2/com/sun/xml/bind/jaxb-bom-ext/4.0.6/jaxb-bom-ext-4.0.6.pom (3.5 kB at 16 kB/s)
#18 4.828 [INFO] Downloading from central: https://repo.maven.apache.org/maven2/org/glassfish/jaxb/jaxb-core/4.0.6/jaxb-core-4.0.6.pom
#18 5.048 [INFO] Downloaded from central: https://repo.maven.apache.org/maven2/org/glassfish/jaxb/jaxb-core/4.0.6/jaxb-core-4.0.6.pom (3.7 kB at 17 kB/s)
#18 5.054 [INFO] Downloading from central: https://repo.maven.apache.org/maven2/org/eclipse/angus/angus-activation/2.0.3/angus-activation-2.0.3.pom
#18 5.272 [INFO] Downloaded from central: https://repo.maven.apache.org/maven2/org/eclipse/angus/angus-activation/2.0.3/angus-activation-2.0.3.pom (4.0 kB at 18 kB/s)
#18 5.276 [INFO] Downloading from central: https://repo.maven.apache.org/maven2/org/eclipse/angus/angus-activation-project/2.0.3/angus-activation-project-2.0.3.pom
#18 5.501 [INFO] Downloaded from central: https://repo.maven.apache.org/maven2/org/eclipse/angus/angus-activation-project/2.0.3/angus-activation-project-2.0.3.pom (21 kB at 93 kB/s)
#18 5.506 [INFO] Downloading from central: https://repo.maven.apache.org/maven2/org/glassfish/jaxb/txw2/4.0.6/txw2-4.0.6.pom
#18 5.735 [INFO] Downloaded from central: https://repo.maven.apache.org/maven2/org/glassfish/jaxb/txw2/4.0.6/txw2-4.0.6.pom (1.8 kB at 7.8 kB/s)
#18 5.739 [INFO] Downloading from central: https://repo.maven.apache.org/maven2/com/sun/xml/bind/mvn/jaxb-txw-parent/4.0.6/jaxb-txw-parent-4.0.6.pom
#18 5.961 [INFO] Downloaded from central: https://repo.maven.apache.org/maven2/com/sun/xml/bind/mvn/jaxb-txw-parent/4.0.6/jaxb-txw-parent-4.0.6.pom (1.2 kB at 5.4 kB/s)
#18 5.966 [INFO] Downloading from central: https://repo.maven.apache.org/maven2/com/sun/istack/istack-commons-runtime/4.1.2/istack-commons-runtime-4.1.2.pom
#18 6.189 [INFO] Downloaded from central: https://repo.maven.apache.org/maven2/com/sun/istack/istack-commons-runtime/4.1.2/istack-commons-runtime-4.1.2.pom (1.6 kB at 7.2 kB/s)
#18 6.192 [INFO] Downloading from central: https://repo.maven.apache.org/maven2/com/sun/istack/istack-commons/4.1.2/istack-commons-4.1.2.pom
#18 6.415 [INFO] Downloaded from central: https://repo.maven.apache.org/maven2/com/sun/istack/istack-commons/4.1.2/istack-commons-4.1.2.pom (26 kB at 118 kB/s)
#18 6.440 [INFO] Downloading from central: https://repo.maven.apache.org/maven2/org/aspectj/aspectjweaver/1.9.25.1/aspectjweaver-1.9.25.1.pom
#18 6.660 [INFO] Downloaded from central: https://repo.maven.apache.org/maven2/org/aspectj/aspectjweaver/1.9.25.1/aspectjweaver-1.9.25.1.pom (1.7 kB at 7.6 kB/s)
#18 6.670 [INFO] Downloading from central: https://repo.maven.apache.org/maven2/io/netty/netty-common/4.1.130.Final/netty-common-4.1.130.Final.pom
#18 6.887 [INFO] Downloaded from central: https://repo.maven.apache.org/maven2/io/netty/netty-common/4.1.130.Final/netty-common-4.1.130.Final.pom (10 kB at 47 kB/s)
#18 6.890 [INFO] Downloading from central: https://repo.maven.apache.org/maven2/io/netty/netty-parent/4.1.130.Final/netty-parent-4.1.130.Final.pom
#18 7.120 [INFO] Downloaded from central: https://repo.maven.apache.org/maven2/io/netty/netty-parent/4.1.130.Final/netty-parent-4.1.130.Final.pom (100 kB at 431 kB/s)
#18 7.131 [INFO] Downloading from central: https://repo.maven.apache.org/maven2/io/netty/netty-handler/4.1.130.Final/netty-handler-4.1.130.Final.pom
#18 7.355 [INFO] Downloaded from central: https://repo.maven.apache.org/maven2/io/netty/netty-handler/4.1.130.Final/netty-handler-4.1.130.Final.pom (5.4 kB at 24 kB/s)
#18 7.361 [INFO] Downloading from central: https://repo.maven.apache.org/maven2/io/netty/netty-resolver/4.1.130.Final/netty-resolver-4.1.130.Final.pom
#18 7.580 [INFO] Downloaded from central: https://repo.maven.apache.org/maven2/io/netty/netty-resolver/4.1.130.Final/netty-resolver-4.1.130.Final.pom (2.2 kB at 10 kB/s)
#18 7.586 [INFO] Downloading from central: https://repo.maven.apache.org/maven2/io/netty/netty-buffer/4.1.130.Final/netty-buffer-4.1.130.Final.pom
#18 7.802 [INFO] Downloaded from central: https://repo.maven.apache.org/maven2/io/netty/netty-buffer/4.1.130.Final/netty-buffer-4.1.130.Final.pom (2.2 kB at 10 kB/s)
#18 7.808 [INFO] Downloading from central: https://repo.maven.apache.org/maven2/io/netty/netty-transport/4.1.130.Final/netty-transport-4.1.130.Final.pom
#18 8.023 [INFO] Downloaded from central: https://repo.maven.apache.org/maven2/io/netty/netty-transport/4.1.130.Final/netty-transport-4.1.130.Final.pom (2.9 kB at 14 kB/s)
#18 8.029 [INFO] Downloading from central: https://repo.maven.apache.org/maven2/io/netty/netty-transport-native-unix-common/4.1.130.Final/netty-transport-native-unix-common-4.1.130.Final.pom
#18 8.253 [INFO] Downloaded from central: https://repo.maven.apache.org/maven2/io/netty/netty-transport-native-unix-common/4.1.130.Final/netty-transport-native-unix-common-4.1.130.Final.pom (34 kB at 150 kB/s)
#18 8.261 [INFO] Downloading from central: https://repo.maven.apache.org/maven2/io/netty/netty-codec/4.1.130.Final/netty-codec-4.1.130.Final.pom
#18 8.482 [INFO] Downloaded from central: https://repo.maven.apache.org/maven2/io/netty/netty-codec/4.1.130.Final/netty-codec-4.1.130.Final.pom (6.1 kB at 28 kB/s)
#18 8.488 [INFO] Downloading from central: https://repo.maven.apache.org/maven2/io/projectreactor/reactor-core/3.7.15/reactor-core-3.7.15.pom
#18 8.713 [INFO] Downloaded from central: https://repo.maven.apache.org/maven2/io/projectreactor/reactor-core/3.7.15/reactor-core-3.7.15.pom (2.1 kB at 9.5 kB/s)
#18 9.070 [INFO] Downloading from central: https://repo.maven.apache.org/maven2/com/fasterxml/classmate/1.7.3/classmate-1.7.3.jar
#18 9.483 [INFO] Downloaded from central: https://repo.maven.apache.org/maven2/com/fasterxml/classmate/1.7.3/classmate-1.7.3.jar (68 kB at 166 kB/s)
#18 9.484 [INFO] Downloading from central: https://repo.maven.apache.org/maven2/org/glassfish/jaxb/jaxb-runtime/4.0.6/jaxb-runtime-4.0.6.jar
#18 9.485 [INFO] Downloading from central: https://repo.maven.apache.org/maven2/org/glassfish/jaxb/jaxb-core/4.0.6/jaxb-core-4.0.6.jar
#18 9.485 [INFO] Downloading from central: https://repo.maven.apache.org/maven2/org/eclipse/angus/angus-activation/2.0.3/angus-activation-2.0.3.jar
#18 9.485 [INFO] Downloading from central: https://repo.maven.apache.org/maven2/org/glassfish/jaxb/txw2/4.0.6/txw2-4.0.6.jar
#18 9.487 [INFO] Downloading from central: https://repo.maven.apache.org/maven2/com/sun/istack/istack-commons-runtime/4.1.2/istack-commons-runtime-4.1.2.jar
#18 9.966 [INFO] Downloaded from central: https://repo.maven.apache.org/maven2/org/glassfish/jaxb/jaxb-core/4.0.6/jaxb-core-4.0.6.jar (138 kB at 287 kB/s)
#18 9.966 [INFO] Downloading from central: https://repo.maven.apache.org/maven2/org/aspectj/aspectjweaver/1.9.25.1/aspectjweaver-1.9.25.1.jar
#18 10.10 [INFO] Downloaded from central: https://repo.maven.apache.org/maven2/org/eclipse/angus/angus-activation/2.0.3/angus-activation-2.0.3.jar (27 kB at 43 kB/s)
#18 10.10 [INFO] Downloading from central: https://repo.maven.apache.org/maven2/io/netty/netty-common/4.1.130.Final/netty-common-4.1.130.Final.jar
#18 10.16 [INFO] Downloaded from central: https://repo.maven.apache.org/maven2/com/sun/istack/istack-commons-runtime/4.1.2/istack-commons-runtime-4.1.2.jar (26 kB at 38 kB/s)
#18 10.16 [INFO] Downloading from central: https://repo.maven.apache.org/maven2/io/netty/netty-handler/4.1.130.Final/netty-handler-4.1.130.Final.jar
#18 10.32 [INFO] Downloaded from central: https://repo.maven.apache.org/maven2/org/glassfish/jaxb/txw2/4.0.6/txw2-4.0.6.jar (73 kB at 87 kB/s)
#18 10.32 [INFO] Downloading from central: https://repo.maven.apache.org/maven2/io/netty/netty-resolver/4.1.130.Final/netty-resolver-4.1.130.Final.jar
#18 10.58 [INFO] Downloaded from central: https://repo.maven.apache.org/maven2/io/netty/netty-resolver/4.1.130.Final/netty-resolver-4.1.130.Final.jar (38 kB at 35 kB/s)
#18 10.58 [INFO] Downloading from central: https://repo.maven.apache.org/maven2/io/netty/netty-buffer/4.1.130.Final/netty-buffer-4.1.130.Final.jar
#18 10.95 [INFO] Downloaded from central: https://repo.maven.apache.org/maven2/org/glassfish/jaxb/jaxb-runtime/4.0.6/jaxb-runtime-4.0.6.jar (920 kB at 629 kB/s)
#18 10.95 [INFO] Downloading from central: https://repo.maven.apache.org/maven2/io/netty/netty-transport-native-unix-common/4.1.130.Final/netty-transport-native-unix-common-4.1.130.Final.jar
#18 10.98 [INFO] Downloaded from central: https://repo.maven.apache.org/maven2/org/aspectj/aspectjweaver/1.9.25.1/aspectjweaver-1.9.25.1.jar (2.2 MB at 1.5 MB/s)
#18 10.98 [INFO] Downloading from central: https://repo.maven.apache.org/maven2/io/netty/netty-codec/4.1.130.Final/netty-codec-4.1.130.Final.jar
#18 11.03 [INFO] Downloaded from central: https://repo.maven.apache.org/maven2/io/netty/netty-handler/4.1.130.Final/netty-handler-4.1.130.Final.jar (581 kB at 376 kB/s)
#18 11.03 [INFO] Downloading from central: https://repo.maven.apache.org/maven2/io/netty/netty-transport/4.1.130.Final/netty-transport-4.1.130.Final.jar
#18 11.04 [INFO] Downloaded from central: https://repo.maven.apache.org/maven2/io/netty/netty-common/4.1.130.Final/netty-common-4.1.130.Final.jar (725 kB at 467 kB/s)
#18 11.04 [INFO] Downloading from central: https://repo.maven.apache.org/maven2/io/projectreactor/reactor-core/3.7.15/reactor-core-3.7.15.jar
#18 11.16 [INFO] Downloaded from central: https://repo.maven.apache.org/maven2/io/netty/netty-transport-native-unix-common/4.1.130.Final/netty-transport-native-unix-common-4.1.130.Final.jar (44 kB at 27 kB/s)
#18 11.17 [INFO] Downloaded from central: https://repo.maven.apache.org/maven2/io/netty/netty-buffer/4.1.130.Final/netty-buffer-4.1.130.Final.jar (355 kB at 211 kB/s)
#18 11.23 [INFO] Downloaded from central: https://repo.maven.apache.org/maven2/io/netty/netty-codec/4.1.130.Final/netty-codec-4.1.130.Final.jar (358 kB at 206 kB/s)
#18 11.36 [INFO] Downloaded from central: https://repo.maven.apache.org/maven2/io/netty/netty-transport/4.1.130.Final/netty-transport-4.1.130.Final.jar (522 kB at 278 kB/s)
#18 11.62 [INFO] Downloaded from central: https://repo.maven.apache.org/maven2/io/projectreactor/reactor-core/3.7.15/reactor-core-3.7.15.jar (1.9 MB at 888 kB/s)
#18 11.64 [INFO] 
#18 11.64 [INFO] --- build-helper:3.3.0:add-source (add-sources) @ order ---
#18 11.80 [INFO] Source directory: /app/target/generated-sources/protobuf/java added.
#18 11.80 [INFO] Source directory: /app/target/generated-sources/protobuf/grpc-java added.
#18 11.80 [INFO] 
#18 11.80 [INFO] --- spring-boot:3.5.10:build-info (default) @ order ---
#18 11.95 [INFO] 
#18 11.95 [INFO] --- resources:3.3.1:resources (default-resources) @ order ---
#18 12.01 [INFO] Copying 2 resources from src/main/resources to target/classes
#18 12.02 [INFO] Copying 0 resource from src/main/resources to target/classes
#18 12.02 [INFO] 
#18 12.02 [INFO] --- compiler:3.11.0:compile (default-compile) @ order ---
#18 12.17 [INFO] Changes detected - recompiling the module! :source
#18 12.18 [INFO] Compiling 466 source files with javac [debug release 21] to target/classes
#18 28.85 [INFO] 
#18 28.85 [INFO] --- resources:3.3.1:testResources (default-testResources) @ order ---
#18 28.86 [INFO] skip non existing resourceDirectory /app/src/test/resources
#18 28.86 [INFO] 
#18 28.86 [INFO] --- compiler:3.11.0:testCompile (default-testCompile) @ order ---
#18 28.87 [INFO] Changes detected - recompiling the module! :dependency
#18 28.87 [INFO] Compiling 2 source files with javac [debug release 21] to target/test-classes
#18 29.38 [INFO] 
#18 29.38 [INFO] --- surefire:3.5.4:test (default-test) @ order ---
#18 29.46 [INFO] Tests are skipped.
#18 29.46 [INFO] 
#18 29.46 [INFO] --- jar:3.4.2:jar (default-jar) @ order ---
#18 29.79 [INFO] Building jar: /app/target/order-0.1.0.jar
#18 29.95 [INFO] 
#18 29.95 [INFO] --- spring-boot:3.5.10:repackage (repackage) @ order ---
#18 30.82 [INFO] Replacing main artifact /app/target/order-0.1.0.jar with repackaged archive, adding nested dependencies in BOOT-INF/.
#18 30.82 [INFO] The original artifact has been renamed to /app/target/order-0.1.0.jar.original
#18 30.82 [INFO] ------------------------------------------------------------------------
#18 30.82 [INFO] BUILD SUCCESS
#18 30.82 [INFO] ------------------------------------------------------------------------
#18 30.82 [INFO] Total time:  29.167 s
#18 30.82 [INFO] Finished at: 2026-08-26T07:47:57Z
#18 30.82 [INFO] ------------------------------------------------------------------------
#18 DONE 31.4s

#19 [builder 12/12] RUN java -Djarmode=tools -jar target/order-*.jar extract --layers --launcher --destination extracted/
#19 DONE 1.7s

#20 [stage-1 3/8] RUN addgroup --system nonroot && adduser --system nonroot --ingroup nonroot
#20 CACHED

#21 [stage-1 4/8] ADD --chmod=644     https://github.com/open-telemetry/opentelemetry-java-instrumentation/releases/download/v2.23.0/opentelemetry-javaagent.jar     /app/opentelemetry-javaagent.jar
#21 CACHED

#22 [stage-1 5/8] COPY --from=builder --chown=nonroot:nonroot /app/extracted/dependencies/ ./
#22 CACHED

#23 [stage-1 6/8] COPY --from=builder --chown=nonroot:nonroot /app/extracted/spring-boot-loader/ ./
#23 CACHED

#24 [stage-1 2/8] WORKDIR /app
#24 CACHED

#25 [stage-1 7/8] COPY --from=builder --chown=nonroot:nonroot /app/extracted/snapshot-dependencies/ ./
#25 CACHED

#26 [stage-1 8/8] COPY --from=builder --chown=nonroot:nonroot /app/extracted/application/ ./
#26 DONE 0.2s

#27 exporting to image
#27 exporting layers
#27 exporting layers 0.2s done
#27 writing image sha256:a67556987d354d2756b2a8aced261501fbaa3e74754c6436e5bbbd7c4b72fde1 done
#27 naming to docker.io/tripsphere/trip-order-service:latest done
#27 DONE 0.2s
task: [poi:build] docker build . -t tripsphere/trip-poi-service:latest
#0 building with "default" instance using docker driver

#1 [internal] load build definition from Dockerfile
#1 transferring dockerfile: 2.11kB done
#1 DONE 0.0s

#2 [internal] load metadata for docker.io/library/eclipse-temurin:21-jdk
#2 ...

#3 [internal] load metadata for docker.io/library/eclipse-temurin:21-jre
#3 DONE 0.3s

#2 [internal] load metadata for docker.io/library/eclipse-temurin:21-jdk
#2 DONE 0.3s

#4 [internal] load .dockerignore
#4 transferring context: 534B done
#4 DONE 0.0s

#5 [stage-1 1/8] FROM docker.io/library/eclipse-temurin:21-jre@sha256:7a65df4b22d2de92d4e04056e884f3b9122d70b21e2847fd66084278bd0ce037
#5 DONE 0.0s

#6 [builder  1/12] FROM docker.io/library/eclipse-temurin:21-jdk@sha256:85f00967bcc624fc19fa9c2cf124ea426a5363898e267141726f31f358c2e14b
#6 DONE 0.0s

#7 [internal] load build context
#7 transferring context: 5.90MB 0.1s done
#7 DONE 0.2s

#8 [builder  3/12] COPY .mvn/ .mvn/
#8 CACHED

#9 [builder  4/12] COPY mvnw mvnw.cmd ./
#9 CACHED

#10 [builder  2/12] WORKDIR /app
#10 CACHED

#11 [builder  5/12] RUN chmod +x mvnw
#11 CACHED

#12 [builder  6/12] COPY pom.xml ./
#12 DONE 0.1s

#13 [stage-1 4/8] ADD --chmod=644     https://github.com/open-telemetry/opentelemetry-java-instrumentation/releases/download/v2.23.0/opentelemetry-javaagent.jar     /app/opentelemetry-javaagent.jar
#13 ...

#14 [builder  7/12] RUN <<EOF cat > /tmp/settings.xml
#14 DONE 0.4s

#15 [builder  8/12] RUN --mount=type=cache,target=/root/.m2     ./mvnw -B dependency:go-offline $([ -n "$MAVEN_MIRROR_URL" ] && echo "-s /tmp/settings.xml")
#15 1.820 [INFO] Scanning for projects...
#15 2.274 [INFO] ------------------------------------------------------------------------
#15 2.274 [INFO] Detecting the operating system and CPU architecture
#15 2.274 [INFO] ------------------------------------------------------------------------
#15 2.274 [INFO] os.detected.name: linux
#15 2.274 [INFO] os.detected.arch: x86_64
#15 2.274 [INFO] os.detected.bitness: 64
#15 2.274 [INFO] os.detected.version: 5.15
#15 2.275 [INFO] os.detected.version.major: 5
#15 2.275 [INFO] os.detected.version.minor: 15
#15 2.275 [INFO] os.detected.release: ubuntu
#15 2.275 [INFO] os.detected.release.version: 26.04
#15 2.276 [INFO] os.detected.release.like.ubuntu: true
#15 2.276 [INFO] os.detected.release.like.debian: true
#15 2.276 [INFO] os.detected.classifier: linux-x86_64
#15 2.664 [INFO] 
#15 ...

#13 [stage-1 4/8] ADD --chmod=644     https://github.com/open-telemetry/opentelemetry-java-instrumentation/releases/download/v2.23.0/opentelemetry-javaagent.jar     /app/opentelemetry-javaagent.jar
#13 DONE 3.5s

#15 [builder  8/12] RUN --mount=type=cache,target=/root/.m2     ./mvnw -B dependency:go-offline $([ -n "$MAVEN_MIRROR_URL" ] && echo "-s /tmp/settings.xml")
#15 2.664 [INFO] -------------------------< org.tripsphere:poi >-------------------------
#15 2.664 [INFO] Building trip-poi-service 0.1.0
#15 2.664 [INFO]   from pom.xml
#15 2.664 [INFO] --------------------------------[ jar ]---------------------------------
#15 2.671 [INFO] 
#15 2.671 [INFO] --- dependency:3.8.1:go-offline (default-cli) @ poi ---
#15 4.526 [INFO] Resolved plugin: jetty-servlet-9.4.46.v20220331.jar
#15 4.526 [INFO] Resolved plugin: maven-install-plugin-3.1.4.jar
#15 4.526 [INFO] Resolved plugin: durian-collect-1.2.0.jar
#15 4.526 [INFO] Resolved plugin: maven-compiler-plugin-3.11.0.jar
#15 4.526 [INFO] Resolved plugin: asm-9.7.jar
#15 4.526 [INFO] Resolved plugin: doxia-module-twiki-1.11.1.jar
#15 4.526 [INFO] Resolved plugin: velocity-tools-2.0.jar
#15 4.527 [INFO] Resolved plugin: flexmark-ext-gfm-tasklist-0.42.14.jar
#15 4.527 [INFO] Resolved plugin: maven-resolver-api-1.9.22.jar
#15 4.527 [INFO] Resolved plugin: flexmark-ext-admonition-0.42.14.jar
#15 4.527 [INFO] Resolved plugin: org.eclipse.jgit-6.7.0.202309050840-r.jar
#15 4.527 [INFO] Resolved plugin: spotless-maven-plugin-2.43.0.jar
#15 4.527 [INFO] Resolved plugin: maven-core-3.2.5.jar
#15 4.527 [INFO] Resolved plugin: flexmark-ext-footnotes-0.42.14.jar
#15 4.527 [INFO] Resolved plugin: flexmark-ext-gfm-strikethrough-0.42.14.jar
#15 4.527 [INFO] Resolved plugin: okhttp-4.12.0.jar
#15 4.527 [INFO] Resolved plugin: maven-repository-metadata-3.0.jar
#15 4.527 [INFO] Resolved plugin: flexmark-ext-media-tags-0.42.14.jar
#15 4.527 [INFO] Resolved plugin: doxia-module-xhtml-1.11.1.jar
#15 4.527 [INFO] Resolved plugin: maven-shared-utils-3.0.0.jar
#15 4.527 [INFO] Resolved plugin: maven-shared-io-3.0.0.jar
#15 4.527 [INFO] Resolved plugin: flexmark-util-0.42.14.jar
#15 4.527 [INFO] Resolved plugin: flexmark-ext-anchorlink-0.42.14.jar
#15 4.527 [INFO] Resolved plugin: aether-api-1.7.jar
#15 4.527 [INFO] Resolved plugin: maven-resolver-util-1.9.22.jar
#15 4.527 [INFO] Resolved plugin: aether-api-1.0.0.v20140518.jar
#15 4.527 [INFO] Resolved plugin: autolink-0.6.0.jar
#15 4.527 [INFO] Resolved plugin: maven-filtering-3.3.1.jar
#15 4.527 [INFO] Resolved plugin: sisu-guice-2.1.7-noaop.jar
#15 4.527 [INFO] Resolved plugin: asm-commons-9.7.jar
#15 4.527 [INFO] Resolved plugin: maven-archiver-3.6.2.jar
#15 4.527 [INFO] Resolved plugin: doxia-skin-model-1.11.1.jar
#15 4.527 [INFO] Resolved plugin: dom4j-1.1.jar
#15 4.527 [INFO] Resolved plugin: bsh-2.0b6.jar
#15 4.527 [INFO] Resolved plugin: commons-io-2.16.1.jar
#15 4.527 [INFO] Resolved plugin: spring-boot-buildpack-platform-3.5.10.jar
#15 4.527 [INFO] Resolved plugin: flexmark-youtrack-converter-0.42.14.jar
#15 4.528 [INFO] Resolved plugin: maven-aether-provider-3.0.jar
#15 4.528 [INFO] Resolved plugin: surefire-extensions-api-3.5.4.jar
#15 4.528 [INFO] Resolved plugin: tomlj-1.0.0.jar
#15 4.528 [INFO] Resolved plugin: httpclient-4.5.13.jar
#15 4.528 [INFO] Resolved plugin: flexmark-ext-toc-0.42.14.jar
#15 4.528 [INFO] Resolved plugin: plexus-interpolation-1.14.jar
#15 4.528 [INFO] Resolved plugin: qdox-2.0.3.jar
#15 4.528 [INFO] Resolved plugin: surefire-api-3.5.4.jar
#15 4.528 [INFO] Resolved plugin: plexus-compiler-manager-2.13.0.jar
#15 4.528 [INFO] Resolved plugin: asm-9.8.jar
#15 4.528 [INFO] Resolved plugin: spotless-lib-extra-2.45.0.jar
#15 4.528 [INFO] Resolved plugin: jetty-http-9.4.46.v20220331.jar
#15 4.528 [INFO] Resolved plugin: plexus-classworlds-2.2.3.jar
#15 4.528 [INFO] Resolved plugin: flexmark-jira-converter-0.42.14.jar
#15 4.528 [INFO] Resolved plugin: maven-reporting-api-3.1.1.jar
#15 4.528 [INFO] Resolved plugin: maven-plugin-api-3.2.5.jar
#15 4.528 [INFO] Resolved plugin: commons-codec-1.17.1.jar
#15 4.529 [INFO] Resolved plugin: sisu-guice-3.2.3-no_aop.jar
#15 4.529 [INFO] Resolved plugin: flexmark-ext-attributes-0.42.14.jar
#15 4.529 [INFO] Resolved plugin: commons-lang3-3.8.1.jar
#15 4.529 [INFO] Resolved plugin: maven-aether-provider-3.2.5.jar
#15 4.529 [INFO] Resolved plugin: aether-util-1.0.0.v20140518.jar
#15 4.529 [INFO] Resolved plugin: jetty-security-9.4.46.v20220331.jar
#15 4.529 [INFO] Resolved plugin: httpclient5-5.5.2.jar
#15 4.529 [INFO] Resolved plugin: JavaEWAH-1.2.3.jar
#15 4.529 [INFO] Resolved plugin: maven-common-artifact-filters-3.4.0.jar
#15 4.529 [INFO] Resolved plugin: plexus-compiler-api-2.13.0.jar
#15 4.529 [INFO] Resolved plugin: aether-impl-1.7.jar
#15 4.529 [INFO] Resolved plugin: jsr305-2.0.1.jar
#15 4.529 [INFO] Resolved plugin: org.eclipse.sisu.plexus-0.3.5.jar
#15 4.529 [INFO] Resolved plugin: doxia-core-1.11.1.jar
#15 4.529 [INFO] Resolved plugin: kotlin-stdlib-jdk8-1.8.21.jar
#15 4.529 [INFO] Resolved plugin: flexmark-ext-ins-0.42.14.jar
#15 4.529 [INFO] Resolved plugin: maven-artifact-3.0.jar
#15 4.529 [INFO] Resolved plugin: google-collections-1.0.jar
#15 4.529 [INFO] Resolved plugin: plexus-java-1.1.2.jar
#15 4.529 [INFO] Resolved plugin: flexmark-ext-emoji-0.42.14.jar
#15 4.529 [INFO] Resolved plugin: maven-resolver-api-1.4.1.jar
#15 4.529 [INFO] Resolved plugin: doxia-integration-tools-1.11.1.jar
#15 4.530 [INFO] Resolved plugin: durian-io-1.2.0.jar
#15 4.530 [INFO] Resolved plugin: plexus-component-annotations-1.5.5.jar
#15 4.530 [INFO] Resolved plugin: spring-core-6.2.15.jar
#15 4.530 [INFO] Resolved plugin: maven-repository-metadata-3.2.5.jar
#15 4.530 [INFO] Resolved plugin: flexmark-ext-jekyll-front-matter-0.42.14.jar
#15 4.530 [INFO] Resolved plugin: doxia-decoration-model-1.11.1.jar
#15 4.530 [INFO] Resolved plugin: flexmark-all-0.42.14.jar
#15 4.530 [INFO] Resolved plugin: plexus-utils-3.5.0.jar
#15 4.530 [INFO] Resolved plugin: maven-shared-incremental-1.1.jar
#15 4.530 [INFO] Resolved plugin: file-management-3.1.0.jar
#15 4.530 [INFO] Resolved plugin: commons-compress-1.26.1.jar
#15 4.530 [INFO] Resolved plugin: spring-jcl-6.2.15.jar
#15 4.530 [INFO] Resolved plugin: jetty-webapp-9.4.46.v20220331.jar
#15 4.530 [INFO] Resolved plugin: solstice-1.7.5.jar
#15 4.530 [INFO] Resolved plugin: wagon-provider-api-2.10.jar
#15 4.530 [INFO] Resolved plugin: kotlin-stdlib-jdk7-1.8.21.jar
#15 4.530 [INFO] Resolved plugin: plexus-io-3.2.0.jar
#15 4.530 [INFO] Resolved plugin: xbean-reflect-3.7.jar
#15 4.530 [INFO] Resolved plugin: maven-reporting-exec-1.6.0.jar
#15 4.530 [INFO] Resolved plugin: doxia-sink-api-1.11.1.jar
#15 4.530 [INFO] Resolved plugin: jetty-xml-9.4.46.v20220331.jar
#15 4.530 [INFO] Resolved plugin: plexus-velocity-1.2.jar
#15 4.531 [INFO] Resolved plugin: plexus-container-default-2.1.0.jar
#15 4.531 [INFO] Resolved plugin: jackson-core-2.19.4.jar
#15 4.531 [INFO] Resolved plugin: commons-codec-1.11.jar
#15 4.531 [INFO] Resolved plugin: plexus-resources-1.2.0.jar
#15 4.531 [INFO] Resolved plugin: snappy-0.4.jar
#15 4.531 [INFO] Resolved plugin: maven-deploy-plugin-3.1.4.jar
#15 4.531 [INFO] Resolved plugin: jsr305-3.0.2.jar
#15 4.531 [INFO] Resolved plugin: plexus-compiler-javac-2.13.0.jar
#15 4.531 [INFO] Resolved plugin: plexus-build-api-0.0.7.jar
#15 4.531 [INFO] Resolved plugin: doxia-module-fml-1.11.1.jar
#15 4.531 [INFO] Resolved plugin: commons-digester-1.8.jar
#15 4.531 [INFO] Resolved plugin: jetty-server-9.4.46.v20220331.jar
#15 4.531 [INFO] Resolved plugin: org.eclipse.osgi-3.18.300.jar
#15 4.531 [INFO] Resolved plugin: flexmark-ext-abbreviation-0.42.14.jar
#15 4.531 [INFO] Resolved plugin: maven-archiver-3.5.2.jar
#15 4.531 [INFO] Resolved plugin: jackson-databind-2.19.4.jar
#15 4.531 [INFO] Resolved plugin: zstd-jni-1.5.5-11.jar
#15 4.531 [INFO] Resolved plugin: flexmark-ext-definition-0.42.14.jar
#15 4.531 [INFO] Resolved plugin: doxia-logging-api-1.11.1.jar
#15 4.531 [INFO] Resolved plugin: plexus-xml-3.0.1.jar
#15 4.531 [INFO] Resolved plugin: maven-surefire-plugin-3.5.4.jar
#15 4.531 [INFO] Resolved plugin: flexmark-ext-yaml-front-matter-0.42.14.jar
#15 4.531 [INFO] Resolved plugin: jna-5.17.0.jar
#15 4.531 [INFO] Resolved plugin: maven-site-plugin-3.12.1.jar
#15 4.532 [INFO] Resolved plugin: flexmark-ext-superscript-0.42.14.jar
#15 4.532 [INFO] Resolved plugin: commons-collections-3.2.2.jar
#15 4.532 [INFO] Resolved plugin: surefire-shared-utils-3.5.4.jar
#15 4.532 [INFO] Resolved plugin: doxia-module-markdown-1.11.1.jar
#15 4.532 [INFO] Resolved plugin: flexmark-ext-xwiki-macros-0.42.14.jar
#15 4.532 [INFO] Resolved plugin: concurrent-trees-2.6.1.jar
#15 4.532 [INFO] Resolved plugin: commons-compress-1.20.jar
#15 4.532 [INFO] Resolved plugin: maven-resources-plugin-3.3.1.jar
#15 4.532 [INFO] Resolved plugin: velocity-1.7.jar
#15 4.532 [INFO] Resolved plugin: asm-9.4.jar
#15 4.532 [INFO] Resolved plugin: plexus-utils-3.5.1.jar
#15 4.532 [INFO] Resolved plugin: slf4j-api-1.7.32.jar
#15 4.532 [INFO] Resolved plugin: surefire-extensions-spi-3.5.4.jar
#15 4.532 [INFO] Resolved plugin: aopalliance-1.0.jar
#15 4.532 [INFO] Resolved plugin: maven-model-3.0.jar
#15 4.532 [INFO] Resolved plugin: aether-spi-1.0.0.v20140518.jar
#15 4.532 [INFO] Resolved plugin: plexus-interpolation-1.26.jar
#15 4.532 [INFO] Resolved plugin: maven-settings-builder-3.2.5.jar
#15 4.532 [INFO] Resolved plugin: httpcore-4.4.14.jar
#15 4.532 [INFO] Resolved plugin: commons-lang3-3.12.0.jar
#15 4.532 [INFO] Resolved plugin: maven-model-builder-3.0.jar
#15 4.532 [INFO] Resolved plugin: maven-surefire-common-3.5.4.jar
#15 4.532 [INFO] Resolved plugin: maven-artifact-3.2.5.jar
#15 4.532 [INFO] Resolved plugin: flexmark-ext-enumerated-reference-0.42.14.jar
#15 4.532 [INFO] Resolved plugin: plexus-component-annotations-2.1.1.jar
#15 4.532 [INFO] Resolved plugin: commons-io-2.4.jar
#15 4.532 [INFO] Resolved plugin: jackson-module-parameter-names-2.19.4.jar
#15 4.533 [INFO] Resolved plugin: durian-swt.os-4.2.2.jar
#15 4.533 [INFO] Resolved plugin: plexus-utils-3.0.24.jar
#15 4.533 [INFO] Resolved plugin: asm-tree-9.7.jar
#15 4.533 [INFO] Resolved plugin: okio-jvm-3.6.0.jar
#15 4.533 [INFO] Resolved plugin: commons-logging-1.2.jar
#15 4.533 [INFO] Resolved plugin: flexmark-ext-escaped-character-0.42.14.jar
#15 4.533 [INFO] Resolved plugin: jdependency-2.10.jar
#15 4.533 [INFO] Resolved plugin: plexus-cipher-1.4.jar
#15 4.533 [INFO] Resolved plugin: httpcore5-h2-5.3.6.jar
#15 4.533 [INFO] Resolved plugin: spring-boot-maven-plugin-3.5.10.jar
#15 4.533 [INFO] Resolved plugin: flexmark-0.42.14.jar
#15 4.533 [INFO] Resolved plugin: spring-context-6.2.15.jar
#15 4.533 [INFO] Resolved plugin: plexus-utils-3.4.2.jar
#15 4.533 [INFO] Resolved plugin: flexmark-ext-aside-0.42.14.jar
#15 4.533 [INFO] Resolved plugin: flexmark-ext-wikilink-0.42.14.jar
#15 4.533 [INFO] Resolved plugin: spring-expression-6.2.15.jar
#15 4.533 [INFO] Resolved plugin: surefire-logger-api-3.5.4.jar
#15 4.533 [INFO] Resolved plugin: org.eclipse.sisu.inject-0.3.5.jar
#15 4.533 [INFO] Resolved plugin: plexus-io-3.4.2.jar
#15 4.533 [INFO] Resolved plugin: maven-settings-3.0.jar
#15 4.533 [INFO] Resolved plugin: maven-plugin-api-3.0.jar
#15 4.533 [INFO] Resolved plugin: flexmark-ext-gfm-tables-0.42.14.jar
#15 4.533 [INFO] Resolved plugin: sisu-inject-bean-1.4.2.jar
#15 4.533 [INFO] Resolved plugin: spring-aop-6.2.15.jar
#15 4.533 [INFO] Resolved plugin: spring-beans-6.2.15.jar
#15 4.533 [INFO] Resolved plugin: antlr4-runtime-4.7.2.jar
#15 4.533 [INFO] Resolved plugin: plexus-interpolation-1.27.jar
#15 4.533 [INFO] Resolved plugin: commons-io-2.11.0.jar
#15 4.533 [INFO] Resolved plugin: okio-3.6.0.jar
#15 4.534 [INFO] Resolved plugin: jetty-io-9.4.46.v20220331.jar
#15 4.534 [INFO] Resolved plugin: cdi-api-1.2.jar
#15 4.534 [INFO] Resolved plugin: commons-chain-1.1.jar
#15 4.534 [INFO] Resolved plugin: commons-codec-1.16.1.jar
#15 4.534 [INFO] Resolved plugin: flexmark-html-parser-0.42.14.jar
#15 4.534 [INFO] Resolved plugin: javax.inject-1.jar
#15 4.534 [INFO] Resolved plugin: kotlin-stdlib-common-1.9.10.jar
#15 4.534 [INFO] Resolved plugin: maven-shared-utils-3.3.4.jar
#15 4.534 [INFO] Resolved plugin: javax.servlet-api-3.1.0.jar
#15 4.534 [INFO] Resolved plugin: jetty-util-ajax-9.4.46.v20220331.jar
#15 4.534 [INFO] Resolved plugin: maven-settings-3.2.5.jar
#15 4.534 [INFO] Resolved plugin: jsoup-1.10.2.jar
#15 4.534 [INFO] Resolved plugin: oro-2.0.8.jar
#15 4.534 [INFO] Resolved plugin: spring-boot-loader-tools-3.5.10.jar
#15 4.534 [INFO] Resolved plugin: annotations-13.0.jar
#15 4.534 [INFO] Resolved plugin: commons-codec-1.16.0.jar
#15 4.534 [INFO] Resolved plugin: xz-1.9.jar
#15 4.534 [INFO] Resolved plugin: maven-compat-3.0.jar
#15 4.534 [INFO] Resolved plugin: maven-settings-builder-3.0.jar
#15 4.534 [INFO] Resolved plugin: aether-impl-1.0.0.v20140518.jar
#15 4.534 [INFO] Resolved plugin: aether-util-1.7.jar
#15 4.534 [INFO] Resolved plugin: commons-text-1.3.jar
#15 4.534 [INFO] Resolved plugin: maven-core-3.0.jar
#15 4.534 [INFO] Resolved plugin: commons-lang-2.4.jar
#15 4.534 [INFO] Resolved plugin: slf4j-api-1.7.36.jar
#15 4.534 [INFO] Resolved plugin: maven-resolver-util-1.4.1.jar
#15 4.534 [INFO] Resolved plugin: doxia-module-apt-1.11.1.jar
#15 4.534 [INFO] Resolved plugin: flexmark-ext-gfm-issues-0.42.14.jar
#15 4.534 [INFO] Resolved plugin: jetty-util-9.4.46.v20220331.jar
#15 4.534 [INFO] Resolved plugin: maven-model-builder-3.2.5.jar
#15 4.534 [INFO] Resolved plugin: maven-jar-plugin-3.4.2.jar
#15 4.534 [INFO] Resolved plugin: plexus-archiver-4.2.7.jar
#15 4.534 [INFO] Resolved plugin: kotlin-stdlib-1.8.21.jar
#15 4.535 [INFO] Resolved plugin: commons-io-2.6.jar
#15 4.535 [INFO] Resolved plugin: maven-shade-plugin-3.6.0.jar
#15 4.535 [INFO] Resolved plugin: flexmark-ext-youtube-embedded-0.42.14.jar
#15 4.535 [INFO] Resolved plugin: flexmark-formatter-0.42.14.jar
#15 4.535 [INFO] Resolved plugin: maven-model-3.2.5.jar
#15 4.535 [INFO] Resolved plugin: micrometer-commons-1.14.14.jar
#15 4.535 [INFO] Resolved plugin: plexus-utils-4.0.1.jar
#15 4.535 [INFO] Resolved plugin: jdom2-2.0.6.1.jar
#15 4.535 [INFO] Resolved plugin: commons-lang3-3.16.0.jar
#15 4.535 [INFO] Resolved plugin: flexmark-profile-pegdown-0.42.14.jar
#15 4.535 [INFO] Resolved plugin: doxia-module-docbook-simple-1.11.1.jar
#15 4.535 [INFO] Resolved plugin: guava-16.0.1.jar
#15 4.535 [INFO] Resolved plugin: file-management-3.0.0.jar
#15 4.535 [INFO] Resolved plugin: flexmark-ext-typographic-0.42.14.jar
#15 4.535 [INFO] Resolved plugin: flexmark-ext-autolink-0.42.14.jar
#15 4.535 [INFO] Resolved plugin: build-helper-maven-plugin-3.3.0.jar
#15 4.535 [INFO] Resolved plugin: flexmark-ext-jekyll-tag-0.42.14.jar
#15 4.535 [INFO] Resolved plugin: commons-compress-1.27.1.jar
#15 4.535 [INFO] Resolved plugin: flexmark-ext-gitlab-0.42.14.jar
#15 4.535 [INFO] Resolved plugin: doxia-module-xdoc-1.11.1.jar
#15 4.535 [INFO] Resolved plugin: spotless-lib-2.45.0.jar
#15 4.535 [INFO] Resolved plugin: doxia-site-renderer-1.11.1.jar
#15 4.535 [INFO] Resolved plugin: sisu-inject-plexus-1.4.2.jar
#15 4.535 [INFO] Resolved plugin: commons-beanutils-1.7.0.jar
#15 4.535 [INFO] Resolved plugin: httpcore5-5.3.6.jar
#15 4.536 [INFO] Resolved plugin: commons-lang3-3.14.0.jar
#15 4.536 [INFO] Resolved plugin: plexus-classworlds-2.5.2.jar
#15 4.536 [INFO] Resolved plugin: doxia-module-confluence-1.11.1.jar
#15 4.536 [INFO] Resolved plugin: doxia-module-xhtml5-1.11.1.jar
#15 4.536 [INFO] Resolved plugin: micrometer-observation-1.14.14.jar
#15 4.536 [INFO] Resolved plugin: flexmark-ext-tables-0.42.14.jar
#15 4.536 [INFO] Resolved plugin: javax.annotation-api-1.2.jar
#15 4.536 [INFO] Resolved plugin: plexus-utils-3.4.1.jar
#15 4.536 [INFO] Resolved plugin: jna-platform-5.17.0.jar
#15 4.536 [INFO] Resolved plugin: flexmark-ext-macros-0.42.14.jar
#15 4.536 [INFO] Resolved plugin: aether-spi-1.7.jar
#15 4.536 [INFO] Resolved plugin: plexus-sec-dispatcher-1.3.jar
#15 4.536 [INFO] Resolved plugin: plexus-java-1.5.0.jar
#15 4.536 [INFO] Resolved plugin: plexus-i18n-1.0-beta-10.jar
#15 4.536 [INFO] Resolved plugin: qdox-2.2.0.jar
#15 4.536 [INFO] Resolved plugin: flexmark-ext-gfm-users-0.42.14.jar
#15 4.536 [INFO] Resolved plugin: durian-core-1.2.0.jar
#15 4.536 [INFO] Resolved plugin: maven-clean-plugin-3.4.1.jar
#15 4.536 [INFO] Resolved plugin: plexus-archiver-4.9.2.jar
#15 4.536 [INFO] Resolved plugin: jackson-annotations-2.19.4.jar
#15 4.536 [INFO] Resolved plugin: surefire-booter-3.5.4.jar
#15 4.536 [INFO] Resolved dependency: reactor-extra-3.5.2.jar
#15 4.536 [INFO] Resolved dependency: guava-33.1.0-jre.jar
#15 4.536 [INFO] Resolved dependency: spring-boot-starter-3.2.4.jar
#15 4.536 [INFO] Resolved dependency: assertj-core-3.27.6.jar
#15 4.536 [INFO] Resolved dependency: grpc-spring-boot-starter-3.1.0.RELEASE.jar
#15 4.536 [INFO] Resolved dependency: hamcrest-3.0.jar
#15 4.536 [INFO] Resolved dependency: netty-transport-native-unix-common-4.1.121.Final.jar
#15 4.536 [INFO] Resolved dependency: json-smart-2.5.2.jar
#15 4.536 [INFO] Resolved dependency: log4j-to-slf4j-2.24.3.jar
#15 4.536 [INFO] Resolved dependency: junit-jupiter-params-5.12.2.jar
#15 4.536 [INFO] Resolved dependency: jspecify-1.0.0.jar
#15 4.536 [INFO] Resolved dependency: jackson-datatype-jdk8-2.19.0.jar
#15 4.537 [INFO] Resolved dependency: gson-2.12.1.jar
#15 4.537 [INFO] Resolved dependency: spring-data-commons-3.5.8.jar
#15 4.537 [INFO] Resolved dependency: spring-beans-6.2.7.jar
#15 4.537 [INFO] Resolved dependency: grpc-api-1.63.0.jar
#15 4.537 [INFO] Resolved dependency: accessors-smart-2.5.2.jar
#15 4.537 [INFO] Resolved dependency: spring-expression-6.2.7.jar
#15 4.537 [INFO] Resolved dependency: junit-jupiter-api-5.12.2.jar
#15 4.537 [INFO] Resolved dependency: spring-cloud-starter-alibaba-nacos-discovery-2025.0.0.0.jar
#15 4.537 [INFO] Resolved dependency: spring-boot-starter-json-3.5.10.jar
#15 4.537 [INFO] Resolved dependency: netty-handler-4.1.121.Final.jar
#15 4.537 [INFO] Resolved dependency: jboss-logging-3.6.1.Final.jar
#15 4.537 [INFO] Resolved dependency: spring-boot-starter-tomcat-3.5.10.jar
#15 4.537 [INFO] Resolved dependency: spring-aop-6.2.7.jar
#15 4.537 [INFO] Resolved dependency: snakeyaml-2.2.jar
#15 4.537 [INFO] Resolved dependency: logback-adapter-1.1.4.jar
#15 4.537 [INFO] Resolved dependency: grpc-util-1.63.0.jar
#15 4.537 [INFO] Resolved dependency: grpc-services-1.63.0.jar
#15 4.537 [INFO] Resolved dependency: spring-boot-starter-web-3.5.10.jar
#15 4.537 [INFO] Resolved dependency: spring-test-6.2.15.jar
#15 4.537 [INFO] Resolved dependency: netty-common-4.1.121.Final.jar
#15 4.537 [INFO] Resolved dependency: junit-jupiter-5.12.2.jar
#15 4.537 [INFO] Resolved dependency: grpc-api-1.78.0.jar
#15 4.537 [INFO] Resolved dependency: slf4j-api-2.0.12.jar
#15 4.537 [INFO] Resolved dependency: spring-jcl-6.2.7.jar
#15 4.537 [INFO] Resolved dependency: nacos-encryption-plugin-3.0.3.jar
#15 4.537 [INFO] Resolved dependency: micrometer-commons-1.12.4.jar
#15 4.537 [INFO] Resolved dependency: nacos-client-3.0.3.jar
#15 4.537 [INFO] Resolved dependency: tomcat-embed-core-10.1.50.jar
#15 4.537 [INFO] Resolved dependency: spring-boot-3.5.10.jar
#15 4.538 [INFO] Resolved dependency: junit-platform-engine-1.12.2.jar
#15 4.538 [INFO] Resolved dependency: slf4j-api-2.0.11.jar
#15 4.538 [INFO] Resolved dependency: error_prone_annotations-2.18.0.jar
#15 4.538 [INFO] Resolved dependency: log4j-api-2.21.1.jar
#15 4.538 [INFO] Resolved dependency: grpc-protobuf-lite-1.78.0.jar
#15 4.538 [INFO] Resolved dependency: nacos-auth-plugin-3.0.3.jar
#15 4.538 [INFO] Resolved dependency: httpcore5-5.3.4.jar
#15 4.538 [INFO] Resolved dependency: JavaEWAH-1.2.3.jar
#15 4.538 [INFO] Resolved dependency: httpclient-4.5.14.jar
#15 4.538 [INFO] Resolved dependency: spring-boot-starter-logging-3.5.0.jar
#15 4.538 [INFO] Resolved dependency: sshd-osgi-2.14.0.jar
#15 4.538 [INFO] Resolved dependency: reactor-netty-core-1.2.6.jar
#15 4.538 [INFO] Resolved dependency: grpc-context-1.78.0.jar
#15 4.538 [INFO] Resolved dependency: tomcat-embed-el-10.1.50.jar
#15 4.538 [INFO] Resolved dependency: grpc-stub-1.63.0.jar
#15 4.538 [INFO] Resolved dependency: grpc-protobuf-1.63.0.jar
#15 4.538 [INFO] Resolved dependency: jakarta.xml.bind-api-4.0.4.jar
#15 4.538 [INFO] Resolved dependency: listenablefuture-9999.0-empty-to-avoid-conflict-with-guava.jar
#15 4.538 [INFO] Resolved dependency: micrometer-commons-1.15.0.jar
#15 4.538 [INFO] Resolved dependency: spring-cloud-starter-4.3.0.jar
#15 4.538 [INFO] Resolved dependency: snakeyaml-2.4.jar
#15 4.538 [INFO] Resolved dependency: netty-resolver-dns-native-macos-4.1.121.Final-osx-x86_64.jar
#15 4.538 [INFO] Resolved dependency: spring-boot-starter-reactor-netty-3.5.0.jar
#15 4.538 [INFO] Resolved dependency: tomcat-embed-core-10.1.41.jar
#15 4.538 [INFO] Resolved dependency: spring-cloud-commons-4.3.0.jar
#15 4.538 [INFO] Resolved dependency: spring-cloud-config-server-4.3.0.jar
#15 4.538 [INFO] Resolved dependency: spring-boot-configuration-processor-3.5.0.jar
#15 4.538 [INFO] Resolved dependency: reactor-netty-http-1.2.6.jar
#15 4.538 [INFO] Resolved dependency: spring-core-6.2.15.jar
#15 4.538 [INFO] Resolved dependency: grpc-stub-1.78.0.jar
#15 4.538 [INFO] Resolved dependency: asm-9.7.1.jar
#15 4.539 [INFO] Resolved dependency: spring-cloud-loadbalancer-4.3.0.jar
#15 4.539 [INFO] Resolved dependency: logback-classic-1.5.25.jar
#15 4.539 [INFO] Resolved dependency: checker-qual-3.42.0.jar
#15 4.539 [INFO] Resolved dependency: spring-boot-starter-data-mongodb-3.5.10.jar
#15 4.539 [INFO] Resolved dependency: sshd-sftp-2.14.0.jar
#15 4.539 [INFO] Resolved dependency: jackson-datatype-jdk8-2.19.4.jar
#15 4.539 [INFO] Resolved dependency: logback-classic-1.5.18.jar
#15 4.539 [INFO] Resolved dependency: protobuf-java-4.33.5.jar
#15 4.539 [INFO] Resolved dependency: spring-jcl-6.2.15.jar
#15 4.539 [INFO] Resolved dependency: bson-5.5.2.jar
#15 4.539 [INFO] Resolved dependency: jackson-core-2.19.4.jar
#15 4.539 [INFO] Resolved dependency: protobuf-java-3.25.3.jar
#15 4.539 [INFO] Resolved dependency: simpleclient_tracer_otel_agent-0.16.0.jar
#15 4.539 [INFO] Resolved dependency: spring-cloud-context-4.3.0.jar
#15 4.539 [INFO] Resolved dependency: byte-buddy-1.17.7.jar
#15 4.539 [INFO] Resolved dependency: perfmark-api-0.27.0.jar
#15 4.539 [INFO] Resolved dependency: jsr305-3.0.2.jar
#15 4.539 [INFO] Resolved dependency: micrometer-core-1.15.0.jar
#15 4.539 [INFO] Resolved dependency: reactor-core-3.7.6.jar
#15 4.539 [INFO] Resolved dependency: jackson-datatype-jsr310-2.19.4.jar
#15 4.539 [INFO] Resolved dependency: jakarta.annotation-api-2.1.1.jar
#15 4.539 [INFO] Resolved dependency: spring-core-6.2.7.jar
#15 4.539 [INFO] Resolved dependency: jackson-databind-2.19.4.jar
#15 4.539 [INFO] Resolved dependency: spring-boot-starter-tomcat-3.5.0.jar
#15 4.539 [INFO] Resolved dependency: spring-boot-starter-webflux-3.5.0.jar
#15 4.539 [INFO] Resolved dependency: nacos-client-basic-3.0.3.jar
#15 4.539 [INFO] Resolved dependency: tomcat-embed-el-10.1.41.jar
#15 4.539 [INFO] Resolved dependency: gson-2.8.9.jar
#15 4.539 [INFO] Resolved dependency: gson-2.10.1.jar
#15 4.539 [INFO] Resolved dependency: grpc-protobuf-1.78.0.jar
#15 4.539 [INFO] Resolved dependency: netty-codec-dns-4.1.121.Final.jar
#15 4.539 [INFO] Resolved dependency: json-path-2.9.0.jar
#15 4.539 [INFO] Resolved dependency: grpc-server-spring-boot-starter-3.1.0.RELEASE.jar
#15 4.539 [INFO] Resolved dependency: guava-33.5.0-android.jar
#15 4.539 [INFO] Resolved dependency: grpc-common-spring-boot-3.1.0.RELEASE.jar
#15 4.539 [INFO] Resolved dependency: netty-handler-proxy-4.1.121.Final.jar
#15 4.539 [INFO] Resolved dependency: hibernate-validator-8.0.2.Final.jar
#15 4.540 [INFO] Resolved dependency: spring-cloud-config-client-4.3.0.jar
#15 4.540 [INFO] Resolved dependency: reactive-streams-1.0.4.jar
#15 4.540 [INFO] Resolved dependency: netty-codec-socks-4.1.121.Final.jar
#15 4.540 [INFO] Resolved dependency: netty-transport-4.1.121.Final.jar
#15 4.540 [INFO] Resolved dependency: spring-boot-starter-web-3.5.0.jar
#15 4.540 [INFO] Resolved dependency: jackson-core-2.19.0.jar
#15 4.540 [INFO] Resolved dependency: httpclient5-5.4.4.jar
#15 4.540 [INFO] Resolved dependency: netty-resolver-dns-4.1.121.Final.jar
#15 4.540 [INFO] Resolved dependency: slf4j-api-2.0.17.jar
#15 4.540 [INFO] Resolved dependency: log4j-to-slf4j-2.21.1.jar
#15 4.540 [INFO] Resolved dependency: jackson-annotations-2.19.0.jar
#15 4.540 [INFO] Resolved dependency: classmate-1.7.0.jar
#15 4.540 [INFO] Resolved dependency: error_prone_annotations-2.23.0.jar
#15 4.540 [INFO] Resolved dependency: spring-context-6.1.5.jar
#15 4.540 [INFO] Resolved dependency: spring-boot-3.5.0.jar
#15 4.540 [INFO] Resolved dependency: mockito-core-5.17.0.jar
#15 4.540 [INFO] Resolved dependency: javax.annotation-api-1.3.2.jar
#15 4.540 [INFO] Resolved dependency: commons-codec-1.18.0.jar
#15 4.540 [INFO] Resolved dependency: jul-to-slf4j-2.0.17.jar
#15 4.540 [INFO] Resolved dependency: spring-boot-test-3.5.10.jar
#15 4.540 [INFO] Resolved dependency: spring-boot-starter-3.5.10.jar
#15 4.540 [INFO] Resolved dependency: grpc-inprocess-1.63.0.jar
#15 4.540 [INFO] Resolved dependency: jackson-module-parameter-names-2.19.4.jar
#15 4.540 [INFO] Resolved dependency: netty-transport-native-epoll-4.1.121.Final-linux-x86_64.jar
#15 4.540 [INFO] Resolved dependency: spring-webflux-6.2.7.jar
#15 4.540 [INFO] Resolved dependency: spring-webmvc-6.2.7.jar
#15 4.540 [INFO] Resolved dependency: opentest4j-1.3.0.jar
#15 4.540 [INFO] Resolved dependency: org.eclipse.jgit.http.apache-6.10.1.202505221210-r.jar
#15 4.540 [INFO] Resolved dependency: commons-logging-1.2.jar
#15 4.540 [INFO] Resolved dependency: junit-jupiter-engine-5.12.2.jar
#15 4.540 [INFO] Resolved dependency: spring-context-6.2.15.jar
#15 4.540 [INFO] Resolved dependency: spring-expression-6.2.15.jar
#15 4.540 [INFO] Resolved dependency: netty-codec-http-4.1.121.Final.jar
#15 4.540 [INFO] Resolved dependency: mongodb-driver-core-5.5.2.jar
#15 4.540 [INFO] Resolved dependency: error_prone_annotations-2.44.0.jar
#15 4.540 [INFO] Resolved dependency: failureaccess-1.0.2.jar
#15 4.540 [INFO] Resolved dependency: simpleclient_tracer_common-0.16.0.jar
#15 4.540 [INFO] Resolved dependency: proto-google-common-protos-2.29.0.jar
#15 4.540 [INFO] Resolved dependency: spring-aop-6.2.15.jar
#15 4.540 [INFO] Resolved dependency: spring-beans-6.2.15.jar
#15 4.540 [INFO] Resolved dependency: tomcat-embed-websocket-10.1.41.jar
#15 4.541 [INFO] Resolved dependency: spring-beans-6.1.5.jar
#15 4.541 [INFO] Resolved dependency: spring-boot-test-autoconfigure-3.5.10.jar
#15 4.541 [INFO] Resolved dependency: jackson-datatype-jsr310-2.19.0.jar
#15 4.541 [INFO] Resolved dependency: netty-transport-classes-epoll-4.1.121.Final.jar
#15 4.541 [INFO] Resolved dependency: spring-boot-starter-test-3.5.10.jar
#15 4.541 [INFO] Resolved dependency: spring-boot-autoconfigure-3.5.0.jar
#15 4.541 [INFO] Resolved dependency: spring-web-6.2.7.jar
#15 4.541 [INFO] Resolved dependency: eddsa-0.3.0.jar
#15 4.541 [INFO] Resolved dependency: junit-platform-commons-1.12.2.jar
#15 4.541 [INFO] Resolved dependency: HdrHistogram-2.2.2.jar
#15 4.541 [INFO] Resolved dependency: spring-boot-autoconfigure-3.2.4.jar
#15 4.541 [INFO] Resolved dependency: netty-codec-4.1.121.Final.jar
#15 4.541 [INFO] Resolved dependency: grpc-netty-shaded-1.63.0.jar
#15 4.541 [INFO] Resolved dependency: failureaccess-1.0.3.jar
#15 4.541 [INFO] Resolved dependency: spring-aop-6.1.5.jar
#15 4.541 [INFO] Resolved dependency: annotations-4.1.1.4.jar
#15 4.541 [INFO] Resolved dependency: spring-jcl-6.1.5.jar
#15 4.541 [INFO] Resolved dependency: spring-security-crypto-6.5.0.jar
#15 4.541 [INFO] Resolved dependency: bcprov-jdk18on-1.80.jar
#15 4.541 [INFO] Resolved dependency: animal-sniffer-annotations-1.26.jar
#15 4.541 [INFO] Resolved dependency: spring-expression-6.1.5.jar
#15 4.541 [INFO] Resolved dependency: grpc-core-1.78.0.jar
#15 4.541 [INFO] Resolved dependency: protobuf-java-3.25.8.jar
#15 4.541 [INFO] Resolved dependency: proto-google-common-protos-2.63.1.jar
#15 4.541 [INFO] Resolved dependency: org.eclipse.jgit.ssh.apache-6.10.1.202505221210-r.jar
#15 4.541 [INFO] Resolved dependency: log4j-api-2.24.3.jar
#15 4.541 [INFO] Resolved dependency: spring-boot-actuator-autoconfigure-3.5.0.jar
#15 4.541 [INFO] Resolved dependency: spring-boot-autoconfigure-3.5.10.jar
#15 4.541 [INFO] Resolved dependency: spring-tx-6.2.15.jar
#15 4.541 [INFO] Resolved dependency: grpc-context-1.63.0.jar
#15 4.541 [INFO] Resolved dependency: protobuf-java-util-3.25.3.jar
#15 4.541 [INFO] Resolved dependency: spring-boot-starter-logging-3.2.4.jar
#15 4.541 [INFO] Resolved dependency: objenesis-3.3.jar
#15 4.541 [INFO] Resolved dependency: spring-data-mongodb-4.5.8.jar
#15 4.541 [INFO] Resolved dependency: uuid-creator-5.3.7.jar
#15 4.541 [INFO] Resolved dependency: spring-boot-starter-validation-3.5.0.jar
#15 4.541 [INFO] Resolved dependency: j2objc-annotations-3.1.jar
#15 4.541 [INFO] Resolved dependency: protobuf-java-util-4.33.5.jar
#15 4.541 [INFO] Resolved dependency: mapstruct-1.6.3.jar
#15 4.541 [INFO] Resolved dependency: jul-to-slf4j-2.0.12.jar
#15 4.541 [INFO] Resolved dependency: jcl-over-slf4j-2.0.17.jar
#15 4.541 [INFO] Resolved dependency: org.eclipse.jgit-6.10.1.202505221210-r.jar
#15 4.541 [INFO] Resolved dependency: mockito-junit-jupiter-5.17.0.jar
#15 4.541 [INFO] Resolved dependency: micrometer-commons-1.14.14.jar
#15 4.541 [INFO] Resolved dependency: jackson-databind-2.19.0.jar
#15 4.542 [INFO] Resolved dependency: netty-codec-http2-4.1.121.Final.jar
#15 4.542 [INFO] Resolved dependency: logback-classic-1.4.14.jar
#15 4.542 [INFO] Resolved dependency: logback-core-1.5.25.jar
#15 4.542 [INFO] Resolved dependency: httpcore-4.4.16.jar
#15 4.542 [INFO] Resolved dependency: spring-boot-starter-json-3.5.0.jar
#15 4.542 [INFO] Resolved dependency: grpc-protobuf-lite-1.63.0.jar
#15 4.542 [INFO] Resolved dependency: grpc-core-1.63.0.jar
#15 4.542 [INFO] Resolved dependency: jsonassert-1.5.3.jar
#15 4.542 [INFO] Resolved dependency: lombok-1.18.42.jar
#15 4.542 [INFO] Resolved dependency: micrometer-observation-1.15.0.jar
#15 4.542 [INFO] Resolved dependency: jackson-module-parameter-names-2.19.0.jar
#15 4.542 [INFO] Resolved dependency: spring-core-6.1.5.jar
#15 4.542 [INFO] Resolved dependency: logback-core-1.5.18.jar
#15 4.542 [INFO] Resolved dependency: jakarta.validation-api-3.0.2.jar
#15 4.542 [INFO] Resolved dependency: micrometer-observation-1.12.4.jar
#15 4.542 [INFO] Resolved dependency: simpleclient-0.16.0.jar
#15 4.542 [INFO] Resolved dependency: spring-boot-3.2.4.jar
#15 4.542 [INFO] Resolved dependency: xmlunit-core-2.10.4.jar
#15 4.542 [INFO] Resolved dependency: spring-cloud-alibaba-commons-2025.0.0.0.jar
#15 4.542 [INFO] Resolved dependency: simpleclient_tracer_otel-0.16.0.jar
#15 4.542 [INFO] Resolved dependency: netty-buffer-4.1.121.Final.jar
#15 4.542 [INFO] Resolved dependency: spring-context-6.2.7.jar
#15 4.542 [INFO] Resolved dependency: netty-resolver-dns-classes-macos-4.1.121.Final.jar
#15 4.542 [INFO] Resolved dependency: awaitility-4.2.2.jar
#15 4.542 [INFO] Resolved dependency: spring-boot-starter-logging-3.5.10.jar
#15 4.542 [INFO] Resolved dependency: perfmark-api-0.26.0.jar
#15 4.542 [INFO] Resolved dependency: micrometer-observation-1.14.14.jar
#15 4.542 [INFO] Resolved dependency: spring-boot-actuator-3.5.0.jar
#15 4.542 [INFO] Resolved dependency: httpcore5-h2-5.3.4.jar
#15 4.542 [INFO] Resolved dependency: logback-core-1.4.14.jar
#15 4.542 [INFO] Resolved dependency: nacos-log4j2-adapter-3.0.3.jar
#15 4.542 [INFO] Resolved dependency: animal-sniffer-annotations-1.23.jar
#15 4.542 [INFO] Resolved dependency: j2objc-annotations-2.8.jar
#15 4.542 [INFO] Resolved dependency: tomcat-embed-websocket-10.1.50.jar
#15 4.542 [INFO] Resolved dependency: spring-boot-starter-3.5.0.jar
#15 4.542 [INFO] Resolved dependency: spring-web-6.2.15.jar
#15 4.542 [INFO] Resolved dependency: jakarta.activation-api-2.1.4.jar
#15 4.543 [INFO] Resolved dependency: apiguardian-api-1.1.2.jar
#15 4.543 [INFO] Resolved dependency: jackson-dataformat-yaml-2.19.0.jar
#15 4.543 [INFO] Resolved dependency: byte-buddy-agent-1.15.11.jar
#15 4.543 [INFO] Resolved dependency: LatencyUtils-2.0.3.jar
#15 4.543 [INFO] Resolved dependency: mongodb-driver-sync-5.5.2.jar
#15 4.543 [INFO] Resolved dependency: jackson-annotations-2.19.4.jar
#15 4.543 [INFO] Resolved dependency: bson-record-codec-5.5.2.jar
#15 4.543 [INFO] Resolved dependency: android-json-0.0.20131108.vaadin1.jar
#15 4.543 [INFO] Resolved dependency: netty-resolver-4.1.121.Final.jar
#15 4.543 [INFO] Resolved dependency: grpc-client-spring-boot-starter-3.1.0.RELEASE.jar
#15 4.543 [INFO] Resolved dependency: spring-webmvc-6.2.15.jar
#15 4.543 [INFO] ------------------------------------------------------------------------
#15 4.543 [INFO] BUILD SUCCESS
#15 4.543 [INFO] ------------------------------------------------------------------------
#15 4.545 [INFO] Total time:  2.752 s
#15 4.545 [INFO] Finished at: 2026-08-26T07:48:06Z
#15 4.545 [INFO] ------------------------------------------------------------------------
#15 DONE 4.6s

#16 [builder  9/12] COPY src ./src
#16 DONE 0.1s

#17 [builder 10/12] COPY target/generated-sources ./target/generated-sources
#17 DONE 0.1s

#18 [builder 11/12] RUN --mount=type=cache,target=/root/.m2     ./mvnw -B package -DskipTests $([ -n "$MAVEN_MIRROR_URL" ] && echo "-s /tmp/settings.xml")
#18 1.667 [INFO] Scanning for projects...
#18 2.072 [INFO] ------------------------------------------------------------------------
#18 2.072 [INFO] Detecting the operating system and CPU architecture
#18 2.072 [INFO] ------------------------------------------------------------------------
#18 2.072 [INFO] os.detected.name: linux
#18 2.072 [INFO] os.detected.arch: x86_64
#18 2.072 [INFO] os.detected.bitness: 64
#18 2.072 [INFO] os.detected.version: 5.15
#18 2.072 [INFO] os.detected.version.major: 5
#18 2.072 [INFO] os.detected.version.minor: 15
#18 2.073 [INFO] os.detected.release: ubuntu
#18 2.073 [INFO] os.detected.release.version: 26.04
#18 2.073 [INFO] os.detected.release.like.ubuntu: true
#18 2.073 [INFO] os.detected.release.like.debian: true
#18 2.073 [INFO] os.detected.classifier: linux-x86_64
#18 2.090 [INFO] 
#18 2.090 [INFO] -------------------------< org.tripsphere:poi >-------------------------
#18 2.090 [INFO] Building trip-poi-service 0.1.0
#18 2.090 [INFO]   from pom.xml
#18 2.090 [INFO] --------------------------------[ jar ]---------------------------------
#18 2.781 [INFO] 
#18 2.781 [INFO] --- build-helper:3.3.0:add-source (add-sources) @ poi ---
#18 3.075 [INFO] Source directory: /app/target/generated-sources/protobuf/java added.
#18 3.075 [INFO] Source directory: /app/target/generated-sources/protobuf/grpc-java added.
#18 3.075 [INFO] 
#18 3.075 [INFO] --- spring-boot:3.5.10:build-info (default) @ poi ---
#18 3.254 [INFO] 
#18 3.254 [INFO] --- resources:3.3.1:resources (default-resources) @ poi ---
#18 3.324 [INFO] Copying 1 resource from src/main/resources to target/classes
#18 3.337 [INFO] Copying 0 resource from src/main/resources to target/classes
#18 3.338 [INFO] 
#18 3.338 [INFO] --- compiler:3.11.0:compile (default-compile) @ poi ---
#18 3.491 [INFO] Changes detected - recompiling the module! :source
#18 3.495 [INFO] Compiling 441 source files with javac [debug release 21] to target/classes
#18 19.69 [INFO] 
#18 19.69 [INFO] --- resources:3.3.1:testResources (default-testResources) @ poi ---
#18 19.69 [INFO] skip non existing resourceDirectory /app/src/test/resources
#18 19.69 [INFO] 
#18 19.69 [INFO] --- compiler:3.11.0:testCompile (default-testCompile) @ poi ---
#18 19.71 [INFO] Changes detected - recompiling the module! :dependency
#18 19.71 [INFO] Compiling 1 source file with javac [debug release 21] to target/test-classes
#18 20.09 [INFO] 
#18 20.09 [INFO] --- surefire:3.5.4:test (default-test) @ poi ---
#18 20.18 [INFO] Tests are skipped.
#18 20.18 [INFO] 
#18 20.18 [INFO] --- jar:3.4.2:jar (default-jar) @ poi ---
#18 20.52 [INFO] Building jar: /app/target/poi-0.1.0.jar
#18 20.66 [INFO] 
#18 20.66 [INFO] --- spring-boot:3.5.10:repackage (repackage) @ poi ---
#18 21.40 [INFO] Replacing main artifact /app/target/poi-0.1.0.jar with repackaged archive, adding nested dependencies in BOOT-INF/.
#18 21.40 [INFO] The original artifact has been renamed to /app/target/poi-0.1.0.jar.original
#18 21.40 [INFO] ------------------------------------------------------------------------
#18 21.40 [INFO] BUILD SUCCESS
#18 21.40 [INFO] ------------------------------------------------------------------------
#18 21.40 [INFO] Total time:  19.763 s
#18 21.41 [INFO] Finished at: 2026-08-26T07:48:28Z
#18 21.41 [INFO] ------------------------------------------------------------------------
#18 DONE 21.7s

#19 [builder 12/12] RUN java -Djarmode=tools -jar target/poi-*.jar extract --layers --launcher --destination extracted/
#19 DONE 1.5s

#20 [stage-1 3/8] RUN addgroup --system nonroot && adduser --system nonroot --ingroup nonroot
#20 CACHED

#21 [stage-1 4/8] ADD --chmod=644     https://github.com/open-telemetry/opentelemetry-java-instrumentation/releases/download/v2.23.0/opentelemetry-javaagent.jar     /app/opentelemetry-javaagent.jar
#21 CACHED

#22 [stage-1 5/8] COPY --from=builder --chown=nonroot:nonroot /app/extracted/dependencies/ ./
#22 CACHED

#23 [stage-1 6/8] COPY --from=builder --chown=nonroot:nonroot /app/extracted/spring-boot-loader/ ./
#23 CACHED

#24 [stage-1 2/8] WORKDIR /app
#24 CACHED

#25 [stage-1 7/8] COPY --from=builder --chown=nonroot:nonroot /app/extracted/snapshot-dependencies/ ./
#25 CACHED

#26 [stage-1 8/8] COPY --from=builder --chown=nonroot:nonroot /app/extracted/application/ ./
#26 DONE 0.2s

#27 exporting to image
#27 exporting layers
#27 exporting layers 0.2s done
#27 writing image sha256:3a92ab58d98f02ea7d7fcb05b69d047ad3a55f64a28e3c5740684c5cffb6291c done
#27 naming to docker.io/tripsphere/trip-poi-service:latest done
#27 DONE 0.2s
task: [product:build] docker build . -t tripsphere/trip-product-service:latest
#0 building with "default" instance using docker driver

#1 [internal] load build definition from Dockerfile
#1 transferring dockerfile: 2.12kB done
#1 DONE 0.0s

#2 [internal] load metadata for docker.io/library/eclipse-temurin:21-jdk
#2 DONE 0.3s

#3 [internal] load metadata for docker.io/library/eclipse-temurin:21-jre
#3 DONE 0.3s

#4 [internal] load .dockerignore
#4 transferring context: 534B done
#4 DONE 0.0s

#5 [builder  1/12] FROM docker.io/library/eclipse-temurin:21-jdk@sha256:85f00967bcc624fc19fa9c2cf124ea426a5363898e267141726f31f358c2e14b
#5 DONE 0.0s

#6 [stage-1 1/8] FROM docker.io/library/eclipse-temurin:21-jre@sha256:7a65df4b22d2de92d4e04056e884f3b9122d70b21e2847fd66084278bd0ce037
#6 DONE 0.0s

#7 [internal] load build context
#7 transferring context: 5.92MB 0.1s done
#7 DONE 0.2s

#8 [builder  2/12] WORKDIR /app
#8 CACHED

#9 [builder  3/12] COPY .mvn/ .mvn/
#9 CACHED

#10 [builder  4/12] COPY mvnw mvnw.cmd ./
#10 CACHED

#11 [builder  5/12] RUN chmod +x mvnw
#11 CACHED

#12 [builder  6/12] COPY pom.xml ./
#12 DONE 0.1s

#13 [stage-1 4/8] ADD --chmod=644     https://github.com/open-telemetry/opentelemetry-java-instrumentation/releases/download/v2.23.0/opentelemetry-javaagent.jar     /app/opentelemetry-javaagent.jar
#13 ...

#14 [builder  7/12] RUN <<EOF cat > /tmp/settings.xml
#14 DONE 0.3s

#15 [builder  8/12] RUN --mount=type=cache,target=/root/.m2     ./mvnw -B dependency:go-offline $([ -n "$MAVEN_MIRROR_URL" ] && echo "-s /tmp/settings.xml")
#15 ...

#13 [stage-1 4/8] ADD --chmod=644     https://github.com/open-telemetry/opentelemetry-java-instrumentation/releases/download/v2.23.0/opentelemetry-javaagent.jar     /app/opentelemetry-javaagent.jar
#13 DONE 1.1s

#15 [builder  8/12] RUN --mount=type=cache,target=/root/.m2     ./mvnw -B dependency:go-offline $([ -n "$MAVEN_MIRROR_URL" ] && echo "-s /tmp/settings.xml")
#15 1.830 [INFO] Scanning for projects...
#15 2.276 [INFO] ------------------------------------------------------------------------
#15 2.276 [INFO] Detecting the operating system and CPU architecture
#15 2.276 [INFO] ------------------------------------------------------------------------
#15 2.277 [INFO] os.detected.name: linux
#15 2.277 [INFO] os.detected.arch: x86_64
#15 2.277 [INFO] os.detected.bitness: 64
#15 2.277 [INFO] os.detected.version: 5.15
#15 2.277 [INFO] os.detected.version.major: 5
#15 2.277 [INFO] os.detected.version.minor: 15
#15 2.278 [INFO] os.detected.release: ubuntu
#15 2.278 [INFO] os.detected.release.version: 26.04
#15 2.278 [INFO] os.detected.release.like.ubuntu: true
#15 2.278 [INFO] os.detected.release.like.debian: true
#15 2.278 [INFO] os.detected.classifier: linux-x86_64
#15 2.668 [INFO] 
#15 2.668 [INFO] -----------------------< org.tripsphere:product >-----------------------
#15 2.668 [INFO] Building trip-product-service 0.1.0
#15 2.668 [INFO]   from pom.xml
#15 2.668 [INFO] --------------------------------[ jar ]---------------------------------
#15 2.675 [INFO] 
#15 2.675 [INFO] --- dependency:3.8.1:go-offline (default-cli) @ product ---
#15 4.636 [INFO] Resolved plugin: jetty-servlet-9.4.46.v20220331.jar
#15 4.636 [INFO] Resolved plugin: maven-install-plugin-3.1.4.jar
#15 4.636 [INFO] Resolved plugin: durian-collect-1.2.0.jar
#15 4.636 [INFO] Resolved plugin: maven-compiler-plugin-3.11.0.jar
#15 4.636 [INFO] Resolved plugin: asm-9.7.jar
#15 4.636 [INFO] Resolved plugin: doxia-module-twiki-1.11.1.jar
#15 4.636 [INFO] Resolved plugin: velocity-tools-2.0.jar
#15 4.636 [INFO] Resolved plugin: flexmark-ext-gfm-tasklist-0.42.14.jar
#15 4.636 [INFO] Resolved plugin: maven-resolver-api-1.9.22.jar
#15 4.636 [INFO] Resolved plugin: flexmark-ext-admonition-0.42.14.jar
#15 4.636 [INFO] Resolved plugin: org.eclipse.jgit-6.7.0.202309050840-r.jar
#15 4.636 [INFO] Resolved plugin: spotless-maven-plugin-2.43.0.jar
#15 4.636 [INFO] Resolved plugin: maven-core-3.2.5.jar
#15 4.636 [INFO] Resolved plugin: flexmark-ext-footnotes-0.42.14.jar
#15 4.637 [INFO] Resolved plugin: flexmark-ext-gfm-strikethrough-0.42.14.jar
#15 4.637 [INFO] Resolved plugin: okhttp-4.12.0.jar
#15 4.637 [INFO] Resolved plugin: maven-repository-metadata-3.0.jar
#15 4.637 [INFO] Resolved plugin: flexmark-ext-media-tags-0.42.14.jar
#15 4.637 [INFO] Resolved plugin: doxia-module-xhtml-1.11.1.jar
#15 4.637 [INFO] Resolved plugin: maven-shared-utils-3.0.0.jar
#15 4.637 [INFO] Resolved plugin: maven-shared-io-3.0.0.jar
#15 4.637 [INFO] Resolved plugin: flexmark-util-0.42.14.jar
#15 4.637 [INFO] Resolved plugin: flexmark-ext-anchorlink-0.42.14.jar
#15 4.637 [INFO] Resolved plugin: aether-api-1.7.jar
#15 4.637 [INFO] Resolved plugin: maven-resolver-util-1.9.22.jar
#15 4.637 [INFO] Resolved plugin: aether-api-1.0.0.v20140518.jar
#15 4.637 [INFO] Resolved plugin: autolink-0.6.0.jar
#15 4.637 [INFO] Resolved plugin: maven-filtering-3.3.1.jar
#15 4.637 [INFO] Resolved plugin: sisu-guice-2.1.7-noaop.jar
#15 4.637 [INFO] Resolved plugin: asm-commons-9.7.jar
#15 4.637 [INFO] Resolved plugin: maven-archiver-3.6.2.jar
#15 4.637 [INFO] Resolved plugin: doxia-skin-model-1.11.1.jar
#15 4.637 [INFO] Resolved plugin: dom4j-1.1.jar
#15 4.637 [INFO] Resolved plugin: bsh-2.0b6.jar
#15 4.637 [INFO] Resolved plugin: commons-io-2.16.1.jar
#15 4.637 [INFO] Resolved plugin: spring-boot-buildpack-platform-3.5.10.jar
#15 4.637 [INFO] Resolved plugin: flexmark-youtrack-converter-0.42.14.jar
#15 4.637 [INFO] Resolved plugin: maven-aether-provider-3.0.jar
#15 4.637 [INFO] Resolved plugin: surefire-extensions-api-3.5.4.jar
#15 4.637 [INFO] Resolved plugin: tomlj-1.0.0.jar
#15 4.637 [INFO] Resolved plugin: httpclient-4.5.13.jar
#15 4.637 [INFO] Resolved plugin: flexmark-ext-toc-0.42.14.jar
#15 4.637 [INFO] Resolved plugin: plexus-interpolation-1.14.jar
#15 4.638 [INFO] Resolved plugin: qdox-2.0.3.jar
#15 4.638 [INFO] Resolved plugin: surefire-api-3.5.4.jar
#15 4.638 [INFO] Resolved plugin: plexus-compiler-manager-2.13.0.jar
#15 4.638 [INFO] Resolved plugin: asm-9.8.jar
#15 4.638 [INFO] Resolved plugin: spotless-lib-extra-2.45.0.jar
#15 4.638 [INFO] Resolved plugin: jetty-http-9.4.46.v20220331.jar
#15 4.638 [INFO] Resolved plugin: plexus-classworlds-2.2.3.jar
#15 4.638 [INFO] Resolved plugin: flexmark-jira-converter-0.42.14.jar
#15 4.638 [INFO] Resolved plugin: maven-reporting-api-3.1.1.jar
#15 4.638 [INFO] Resolved plugin: maven-plugin-api-3.2.5.jar
#15 4.638 [INFO] Resolved plugin: commons-codec-1.17.1.jar
#15 4.638 [INFO] Resolved plugin: sisu-guice-3.2.3-no_aop.jar
#15 4.638 [INFO] Resolved plugin: flexmark-ext-attributes-0.42.14.jar
#15 4.638 [INFO] Resolved plugin: commons-lang3-3.8.1.jar
#15 4.638 [INFO] Resolved plugin: maven-aether-provider-3.2.5.jar
#15 4.638 [INFO] Resolved plugin: aether-util-1.0.0.v20140518.jar
#15 4.638 [INFO] Resolved plugin: jetty-security-9.4.46.v20220331.jar
#15 4.638 [INFO] Resolved plugin: httpclient5-5.5.2.jar
#15 4.638 [INFO] Resolved plugin: JavaEWAH-1.2.3.jar
#15 4.638 [INFO] Resolved plugin: maven-common-artifact-filters-3.4.0.jar
#15 4.639 [INFO] Resolved plugin: plexus-compiler-api-2.13.0.jar
#15 4.639 [INFO] Resolved plugin: aether-impl-1.7.jar
#15 4.639 [INFO] Resolved plugin: jsr305-2.0.1.jar
#15 4.639 [INFO] Resolved plugin: org.eclipse.sisu.plexus-0.3.5.jar
#15 4.639 [INFO] Resolved plugin: doxia-core-1.11.1.jar
#15 4.639 [INFO] Resolved plugin: kotlin-stdlib-jdk8-1.8.21.jar
#15 4.639 [INFO] Resolved plugin: flexmark-ext-ins-0.42.14.jar
#15 4.639 [INFO] Resolved plugin: maven-artifact-3.0.jar
#15 4.639 [INFO] Resolved plugin: google-collections-1.0.jar
#15 4.639 [INFO] Resolved plugin: plexus-java-1.1.2.jar
#15 4.639 [INFO] Resolved plugin: flexmark-ext-emoji-0.42.14.jar
#15 4.639 [INFO] Resolved plugin: maven-resolver-api-1.4.1.jar
#15 4.639 [INFO] Resolved plugin: doxia-integration-tools-1.11.1.jar
#15 4.639 [INFO] Resolved plugin: durian-io-1.2.0.jar
#15 4.639 [INFO] Resolved plugin: plexus-component-annotations-1.5.5.jar
#15 4.639 [INFO] Resolved plugin: spring-core-6.2.15.jar
#15 4.639 [INFO] Resolved plugin: maven-repository-metadata-3.2.5.jar
#15 4.639 [INFO] Resolved plugin: flexmark-ext-jekyll-front-matter-0.42.14.jar
#15 4.639 [INFO] Resolved plugin: doxia-decoration-model-1.11.1.jar
#15 4.639 [INFO] Resolved plugin: flexmark-all-0.42.14.jar
#15 4.639 [INFO] Resolved plugin: plexus-utils-3.5.0.jar
#15 4.639 [INFO] Resolved plugin: maven-shared-incremental-1.1.jar
#15 4.639 [INFO] Resolved plugin: file-management-3.1.0.jar
#15 4.639 [INFO] Resolved plugin: commons-compress-1.26.1.jar
#15 4.639 [INFO] Resolved plugin: spring-jcl-6.2.15.jar
#15 4.639 [INFO] Resolved plugin: jetty-webapp-9.4.46.v20220331.jar
#15 4.639 [INFO] Resolved plugin: solstice-1.7.5.jar
#15 4.639 [INFO] Resolved plugin: wagon-provider-api-2.10.jar
#15 4.639 [INFO] Resolved plugin: kotlin-stdlib-jdk7-1.8.21.jar
#15 4.639 [INFO] Resolved plugin: plexus-io-3.2.0.jar
#15 4.639 [INFO] Resolved plugin: xbean-reflect-3.7.jar
#15 4.639 [INFO] Resolved plugin: maven-reporting-exec-1.6.0.jar
#15 4.640 [INFO] Resolved plugin: doxia-sink-api-1.11.1.jar
#15 4.640 [INFO] Resolved plugin: jetty-xml-9.4.46.v20220331.jar
#15 4.640 [INFO] Resolved plugin: plexus-velocity-1.2.jar
#15 4.640 [INFO] Resolved plugin: plexus-container-default-2.1.0.jar
#15 4.641 [INFO] Resolved plugin: jackson-core-2.19.4.jar
#15 4.641 [INFO] Resolved plugin: commons-codec-1.11.jar
#15 4.641 [INFO] Resolved plugin: plexus-resources-1.2.0.jar
#15 4.641 [INFO] Resolved plugin: snappy-0.4.jar
#15 4.641 [INFO] Resolved plugin: maven-deploy-plugin-3.1.4.jar
#15 4.641 [INFO] Resolved plugin: jsr305-3.0.2.jar
#15 4.641 [INFO] Resolved plugin: plexus-compiler-javac-2.13.0.jar
#15 4.641 [INFO] Resolved plugin: plexus-build-api-0.0.7.jar
#15 4.641 [INFO] Resolved plugin: doxia-module-fml-1.11.1.jar
#15 4.641 [INFO] Resolved plugin: commons-digester-1.8.jar
#15 4.641 [INFO] Resolved plugin: jetty-server-9.4.46.v20220331.jar
#15 4.641 [INFO] Resolved plugin: org.eclipse.osgi-3.18.300.jar
#15 4.641 [INFO] Resolved plugin: flexmark-ext-abbreviation-0.42.14.jar
#15 4.641 [INFO] Resolved plugin: maven-archiver-3.5.2.jar
#15 4.641 [INFO] Resolved plugin: jackson-databind-2.19.4.jar
#15 4.641 [INFO] Resolved plugin: zstd-jni-1.5.5-11.jar
#15 4.641 [INFO] Resolved plugin: flexmark-ext-definition-0.42.14.jar
#15 4.641 [INFO] Resolved plugin: doxia-logging-api-1.11.1.jar
#15 4.641 [INFO] Resolved plugin: plexus-xml-3.0.1.jar
#15 4.641 [INFO] Resolved plugin: maven-surefire-plugin-3.5.4.jar
#15 4.641 [INFO] Resolved plugin: flexmark-ext-yaml-front-matter-0.42.14.jar
#15 4.641 [INFO] Resolved plugin: jna-5.17.0.jar
#15 4.641 [INFO] Resolved plugin: maven-site-plugin-3.12.1.jar
#15 4.641 [INFO] Resolved plugin: flexmark-ext-superscript-0.42.14.jar
#15 4.641 [INFO] Resolved plugin: commons-collections-3.2.2.jar
#15 4.641 [INFO] Resolved plugin: surefire-shared-utils-3.5.4.jar
#15 4.641 [INFO] Resolved plugin: doxia-module-markdown-1.11.1.jar
#15 4.641 [INFO] Resolved plugin: flexmark-ext-xwiki-macros-0.42.14.jar
#15 4.641 [INFO] Resolved plugin: concurrent-trees-2.6.1.jar
#15 4.641 [INFO] Resolved plugin: commons-compress-1.20.jar
#15 4.641 [INFO] Resolved plugin: maven-resources-plugin-3.3.1.jar
#15 4.641 [INFO] Resolved plugin: velocity-1.7.jar
#15 4.641 [INFO] Resolved plugin: asm-9.4.jar
#15 4.641 [INFO] Resolved plugin: plexus-utils-3.5.1.jar
#15 4.641 [INFO] Resolved plugin: slf4j-api-1.7.32.jar
#15 4.641 [INFO] Resolved plugin: surefire-extensions-spi-3.5.4.jar
#15 4.641 [INFO] Resolved plugin: aopalliance-1.0.jar
#15 4.641 [INFO] Resolved plugin: maven-model-3.0.jar
#15 4.641 [INFO] Resolved plugin: aether-spi-1.0.0.v20140518.jar
#15 4.641 [INFO] Resolved plugin: plexus-interpolation-1.26.jar
#15 4.641 [INFO] Resolved plugin: maven-settings-builder-3.2.5.jar
#15 4.641 [INFO] Resolved plugin: httpcore-4.4.14.jar
#15 4.641 [INFO] Resolved plugin: commons-lang3-3.12.0.jar
#15 4.641 [INFO] Resolved plugin: maven-model-builder-3.0.jar
#15 4.641 [INFO] Resolved plugin: maven-surefire-common-3.5.4.jar
#15 4.641 [INFO] Resolved plugin: maven-artifact-3.2.5.jar
#15 4.641 [INFO] Resolved plugin: flexmark-ext-enumerated-reference-0.42.14.jar
#15 4.641 [INFO] Resolved plugin: plexus-component-annotations-2.1.1.jar
#15 4.641 [INFO] Resolved plugin: commons-io-2.4.jar
#15 4.641 [INFO] Resolved plugin: jackson-module-parameter-names-2.19.4.jar
#15 4.641 [INFO] Resolved plugin: durian-swt.os-4.2.2.jar
#15 4.641 [INFO] Resolved plugin: plexus-utils-3.0.24.jar
#15 4.641 [INFO] Resolved plugin: asm-tree-9.7.jar
#15 4.641 [INFO] Resolved plugin: okio-jvm-3.6.0.jar
#15 4.642 [INFO] Resolved plugin: commons-logging-1.2.jar
#15 4.642 [INFO] Resolved plugin: flexmark-ext-escaped-character-0.42.14.jar
#15 4.642 [INFO] Resolved plugin: jdependency-2.10.jar
#15 4.642 [INFO] Resolved plugin: plexus-cipher-1.4.jar
#15 4.642 [INFO] Resolved plugin: httpcore5-h2-5.3.6.jar
#15 4.642 [INFO] Resolved plugin: spring-boot-maven-plugin-3.5.10.jar
#15 4.642 [INFO] Resolved plugin: flexmark-0.42.14.jar
#15 4.642 [INFO] Resolved plugin: spring-context-6.2.15.jar
#15 4.642 [INFO] Resolved plugin: plexus-utils-3.4.2.jar
#15 4.642 [INFO] Resolved plugin: flexmark-ext-aside-0.42.14.jar
#15 4.642 [INFO] Resolved plugin: flexmark-ext-wikilink-0.42.14.jar
#15 4.642 [INFO] Resolved plugin: spring-expression-6.2.15.jar
#15 4.642 [INFO] Resolved plugin: surefire-logger-api-3.5.4.jar
#15 4.642 [INFO] Resolved plugin: org.eclipse.sisu.inject-0.3.5.jar
#15 4.642 [INFO] Resolved plugin: plexus-io-3.4.2.jar
#15 4.643 [INFO] Resolved plugin: maven-settings-3.0.jar
#15 4.643 [INFO] Resolved plugin: maven-plugin-api-3.0.jar
#15 4.643 [INFO] Resolved plugin: flexmark-ext-gfm-tables-0.42.14.jar
#15 4.643 [INFO] Resolved plugin: sisu-inject-bean-1.4.2.jar
#15 4.643 [INFO] Resolved plugin: spring-aop-6.2.15.jar
#15 4.643 [INFO] Resolved plugin: spring-beans-6.2.15.jar
#15 4.643 [INFO] Resolved plugin: antlr4-runtime-4.7.2.jar
#15 4.643 [INFO] Resolved plugin: plexus-interpolation-1.27.jar
#15 4.643 [INFO] Resolved plugin: commons-io-2.11.0.jar
#15 4.643 [INFO] Resolved plugin: okio-3.6.0.jar
#15 4.643 [INFO] Resolved plugin: jetty-io-9.4.46.v20220331.jar
#15 4.643 [INFO] Resolved plugin: cdi-api-1.2.jar
#15 4.643 [INFO] Resolved plugin: commons-chain-1.1.jar
#15 4.643 [INFO] Resolved plugin: commons-codec-1.16.1.jar
#15 4.643 [INFO] Resolved plugin: flexmark-html-parser-0.42.14.jar
#15 4.643 [INFO] Resolved plugin: javax.inject-1.jar
#15 4.643 [INFO] Resolved plugin: kotlin-stdlib-common-1.9.10.jar
#15 4.643 [INFO] Resolved plugin: maven-shared-utils-3.3.4.jar
#15 4.643 [INFO] Resolved plugin: javax.servlet-api-3.1.0.jar
#15 4.643 [INFO] Resolved plugin: jetty-util-ajax-9.4.46.v20220331.jar
#15 4.643 [INFO] Resolved plugin: maven-settings-3.2.5.jar
#15 4.643 [INFO] Resolved plugin: jsoup-1.10.2.jar
#15 4.643 [INFO] Resolved plugin: oro-2.0.8.jar
#15 4.643 [INFO] Resolved plugin: spring-boot-loader-tools-3.5.10.jar
#15 4.643 [INFO] Resolved plugin: annotations-13.0.jar
#15 4.643 [INFO] Resolved plugin: commons-codec-1.16.0.jar
#15 4.643 [INFO] Resolved plugin: xz-1.9.jar
#15 4.643 [INFO] Resolved plugin: maven-compat-3.0.jar
#15 4.645 [INFO] Resolved plugin: maven-settings-builder-3.0.jar
#15 4.645 [INFO] Resolved plugin: aether-impl-1.0.0.v20140518.jar
#15 4.645 [INFO] Resolved plugin: aether-util-1.7.jar
#15 4.645 [INFO] Resolved plugin: commons-text-1.3.jar
#15 4.645 [INFO] Resolved plugin: maven-core-3.0.jar
#15 4.645 [INFO] Resolved plugin: commons-lang-2.4.jar
#15 4.645 [INFO] Resolved plugin: slf4j-api-1.7.36.jar
#15 4.645 [INFO] Resolved plugin: maven-resolver-util-1.4.1.jar
#15 4.645 [INFO] Resolved plugin: doxia-module-apt-1.11.1.jar
#15 4.645 [INFO] Resolved plugin: flexmark-ext-gfm-issues-0.42.14.jar
#15 4.645 [INFO] Resolved plugin: jetty-util-9.4.46.v20220331.jar
#15 4.645 [INFO] Resolved plugin: maven-model-builder-3.2.5.jar
#15 4.645 [INFO] Resolved plugin: maven-jar-plugin-3.4.2.jar
#15 4.645 [INFO] Resolved plugin: plexus-archiver-4.2.7.jar
#15 4.645 [INFO] Resolved plugin: kotlin-stdlib-1.8.21.jar
#15 4.645 [INFO] Resolved plugin: commons-io-2.6.jar
#15 4.645 [INFO] Resolved plugin: maven-shade-plugin-3.6.0.jar
#15 4.645 [INFO] Resolved plugin: flexmark-ext-youtube-embedded-0.42.14.jar
#15 4.645 [INFO] Resolved plugin: flexmark-formatter-0.42.14.jar
#15 4.645 [INFO] Resolved plugin: maven-model-3.2.5.jar
#15 4.645 [INFO] Resolved plugin: micrometer-commons-1.14.14.jar
#15 4.645 [INFO] Resolved plugin: plexus-utils-4.0.1.jar
#15 4.645 [INFO] Resolved plugin: jdom2-2.0.6.1.jar
#15 4.645 [INFO] Resolved plugin: commons-lang3-3.16.0.jar
#15 4.645 [INFO] Resolved plugin: flexmark-profile-pegdown-0.42.14.jar
#15 4.645 [INFO] Resolved plugin: doxia-module-docbook-simple-1.11.1.jar
#15 4.645 [INFO] Resolved plugin: guava-16.0.1.jar
#15 4.645 [INFO] Resolved plugin: file-management-3.0.0.jar
#15 4.645 [INFO] Resolved plugin: flexmark-ext-typographic-0.42.14.jar
#15 4.645 [INFO] Resolved plugin: flexmark-ext-autolink-0.42.14.jar
#15 4.645 [INFO] Resolved plugin: build-helper-maven-plugin-3.3.0.jar
#15 4.645 [INFO] Resolved plugin: flexmark-ext-jekyll-tag-0.42.14.jar
#15 4.645 [INFO] Resolved plugin: commons-compress-1.27.1.jar
#15 4.645 [INFO] Resolved plugin: flexmark-ext-gitlab-0.42.14.jar
#15 4.645 [INFO] Resolved plugin: doxia-module-xdoc-1.11.1.jar
#15 4.645 [INFO] Resolved plugin: spotless-lib-2.45.0.jar
#15 4.645 [INFO] Resolved plugin: doxia-site-renderer-1.11.1.jar
#15 4.645 [INFO] Resolved plugin: sisu-inject-plexus-1.4.2.jar
#15 4.645 [INFO] Resolved plugin: commons-beanutils-1.7.0.jar
#15 4.645 [INFO] Resolved plugin: httpcore5-5.3.6.jar
#15 4.645 [INFO] Resolved plugin: commons-lang3-3.14.0.jar
#15 4.645 [INFO] Resolved plugin: plexus-classworlds-2.5.2.jar
#15 4.645 [INFO] Resolved plugin: doxia-module-confluence-1.11.1.jar
#15 4.645 [INFO] Resolved plugin: doxia-module-xhtml5-1.11.1.jar
#15 4.645 [INFO] Resolved plugin: micrometer-observation-1.14.14.jar
#15 4.645 [INFO] Resolved plugin: flexmark-ext-tables-0.42.14.jar
#15 4.645 [INFO] Resolved plugin: javax.annotation-api-1.2.jar
#15 4.645 [INFO] Resolved plugin: plexus-utils-3.4.1.jar
#15 4.645 [INFO] Resolved plugin: jna-platform-5.17.0.jar
#15 4.645 [INFO] Resolved plugin: flexmark-ext-macros-0.42.14.jar
#15 4.645 [INFO] Resolved plugin: aether-spi-1.7.jar
#15 4.645 [INFO] Resolved plugin: plexus-sec-dispatcher-1.3.jar
#15 4.645 [INFO] Resolved plugin: plexus-java-1.5.0.jar
#15 4.645 [INFO] Resolved plugin: plexus-i18n-1.0-beta-10.jar
#15 4.645 [INFO] Resolved plugin: qdox-2.2.0.jar
#15 4.645 [INFO] Resolved plugin: flexmark-ext-gfm-users-0.42.14.jar
#15 4.645 [INFO] Resolved plugin: durian-core-1.2.0.jar
#15 4.645 [INFO] Resolved plugin: maven-clean-plugin-3.4.1.jar
#15 4.645 [INFO] Resolved plugin: plexus-archiver-4.9.2.jar
#15 4.645 [INFO] Resolved plugin: jackson-annotations-2.19.4.jar
#15 4.645 [INFO] Resolved plugin: surefire-booter-3.5.4.jar
#15 4.645 [INFO] Resolved dependency: reactor-extra-3.5.2.jar
#15 4.645 [INFO] Resolved dependency: guava-33.1.0-jre.jar
#15 4.645 [INFO] Resolved dependency: spring-boot-starter-3.2.4.jar
#15 4.645 [INFO] Resolved dependency: assertj-core-3.27.6.jar
#15 4.645 [INFO] Resolved dependency: grpc-spring-boot-starter-3.1.0.RELEASE.jar
#15 4.645 [INFO] Resolved dependency: hamcrest-3.0.jar
#15 4.645 [INFO] Resolved dependency: netty-transport-native-unix-common-4.1.121.Final.jar
#15 4.645 [INFO] Resolved dependency: json-smart-2.5.2.jar
#15 4.646 [INFO] Resolved dependency: log4j-to-slf4j-2.24.3.jar
#15 4.646 [INFO] Resolved dependency: junit-jupiter-params-5.12.2.jar
#15 4.646 [INFO] Resolved dependency: jspecify-1.0.0.jar
#15 4.646 [INFO] Resolved dependency: jackson-datatype-jdk8-2.19.0.jar
#15 4.646 [INFO] Resolved dependency: gson-2.12.1.jar
#15 4.646 [INFO] Resolved dependency: spring-data-commons-3.5.8.jar
#15 4.646 [INFO] Resolved dependency: spring-beans-6.2.7.jar
#15 4.646 [INFO] Resolved dependency: grpc-api-1.63.0.jar
#15 4.646 [INFO] Resolved dependency: accessors-smart-2.5.2.jar
#15 4.646 [INFO] Resolved dependency: spring-expression-6.2.7.jar
#15 4.646 [INFO] Resolved dependency: junit-jupiter-api-5.12.2.jar
#15 4.646 [INFO] Resolved dependency: spring-cloud-starter-alibaba-nacos-discovery-2025.0.0.0.jar
#15 4.646 [INFO] Resolved dependency: spring-boot-starter-json-3.5.10.jar
#15 4.646 [INFO] Resolved dependency: netty-handler-4.1.121.Final.jar
#15 4.646 [INFO] Resolved dependency: jboss-logging-3.6.1.Final.jar
#15 4.646 [INFO] Resolved dependency: spring-boot-starter-tomcat-3.5.10.jar
#15 4.646 [INFO] Resolved dependency: spring-aop-6.2.7.jar
#15 4.646 [INFO] Resolved dependency: snakeyaml-2.2.jar
#15 4.646 [INFO] Resolved dependency: logback-adapter-1.1.4.jar
#15 4.646 [INFO] Resolved dependency: grpc-util-1.63.0.jar
#15 4.646 [INFO] Resolved dependency: grpc-services-1.63.0.jar
#15 4.646 [INFO] Resolved dependency: spring-boot-starter-web-3.5.10.jar
#15 4.646 [INFO] Resolved dependency: spring-test-6.2.15.jar
#15 4.646 [INFO] Resolved dependency: netty-common-4.1.121.Final.jar
#15 4.646 [INFO] Resolved dependency: junit-jupiter-5.12.2.jar
#15 4.646 [INFO] Resolved dependency: grpc-api-1.78.0.jar
#15 4.646 [INFO] Resolved dependency: slf4j-api-2.0.12.jar
#15 4.646 [INFO] Resolved dependency: spring-jcl-6.2.7.jar
#15 4.646 [INFO] Resolved dependency: nacos-encryption-plugin-3.0.3.jar
#15 4.646 [INFO] Resolved dependency: micrometer-commons-1.12.4.jar
#15 4.646 [INFO] Resolved dependency: nacos-client-3.0.3.jar
#15 4.646 [INFO] Resolved dependency: tomcat-embed-core-10.1.50.jar
#15 4.647 [INFO] Resolved dependency: spring-boot-3.5.10.jar
#15 4.647 [INFO] Resolved dependency: junit-platform-engine-1.12.2.jar
#15 4.647 [INFO] Resolved dependency: slf4j-api-2.0.11.jar
#15 4.647 [INFO] Resolved dependency: log4j-api-2.21.1.jar
#15 4.647 [INFO] Resolved dependency: grpc-protobuf-lite-1.78.0.jar
#15 4.647 [INFO] Resolved dependency: nacos-auth-plugin-3.0.3.jar
#15 4.647 [INFO] Resolved dependency: httpcore5-5.3.4.jar
#15 4.647 [INFO] Resolved dependency: JavaEWAH-1.2.3.jar
#15 4.647 [INFO] Resolved dependency: httpclient-4.5.14.jar
#15 4.647 [INFO] Resolved dependency: spring-boot-starter-logging-3.5.0.jar
#15 4.647 [INFO] Resolved dependency: sshd-osgi-2.14.0.jar
#15 4.647 [INFO] Resolved dependency: reactor-netty-core-1.2.6.jar
#15 4.647 [INFO] Resolved dependency: grpc-context-1.78.0.jar
#15 4.647 [INFO] Resolved dependency: tomcat-embed-el-10.1.50.jar
#15 4.647 [INFO] Resolved dependency: grpc-stub-1.63.0.jar
#15 4.647 [INFO] Resolved dependency: grpc-protobuf-1.63.0.jar
#15 4.647 [INFO] Resolved dependency: jakarta.xml.bind-api-4.0.4.jar
#15 4.647 [INFO] Resolved dependency: listenablefuture-9999.0-empty-to-avoid-conflict-with-guava.jar
#15 4.647 [INFO] Resolved dependency: micrometer-commons-1.15.0.jar
#15 4.647 [INFO] Resolved dependency: spring-cloud-starter-4.3.0.jar
#15 4.647 [INFO] Resolved dependency: snakeyaml-2.4.jar
#15 4.647 [INFO] Resolved dependency: netty-resolver-dns-native-macos-4.1.121.Final-osx-x86_64.jar
#15 4.647 [INFO] Resolved dependency: spring-boot-starter-reactor-netty-3.5.0.jar
#15 4.647 [INFO] Resolved dependency: tomcat-embed-core-10.1.41.jar
#15 4.647 [INFO] Resolved dependency: spring-cloud-commons-4.3.0.jar
#15 4.647 [INFO] Resolved dependency: spring-cloud-config-server-4.3.0.jar
#15 4.647 [INFO] Resolved dependency: spring-boot-configuration-processor-3.5.0.jar
#15 4.647 [INFO] Resolved dependency: reactor-netty-http-1.2.6.jar
#15 4.647 [INFO] Resolved dependency: spring-core-6.2.15.jar
#15 4.647 [INFO] Resolved dependency: grpc-stub-1.78.0.jar
#15 4.647 [INFO] Resolved dependency: asm-9.7.1.jar
#15 4.647 [INFO] Resolved dependency: spring-cloud-loadbalancer-4.3.0.jar
#15 4.647 [INFO] Resolved dependency: logback-classic-1.5.25.jar
#15 4.647 [INFO] Resolved dependency: checker-qual-3.42.0.jar
#15 4.647 [INFO] Resolved dependency: spring-boot-starter-data-mongodb-3.5.10.jar
#15 4.647 [INFO] Resolved dependency: sshd-sftp-2.14.0.jar
#15 4.647 [INFO] Resolved dependency: jackson-datatype-jdk8-2.19.4.jar
#15 4.647 [INFO] Resolved dependency: logback-classic-1.5.18.jar
#15 4.648 [INFO] Resolved dependency: protobuf-java-4.33.5.jar
#15 4.648 [INFO] Resolved dependency: spring-jcl-6.2.15.jar
#15 4.648 [INFO] Resolved dependency: bson-5.5.2.jar
#15 4.648 [INFO] Resolved dependency: jackson-core-2.19.4.jar
#15 4.648 [INFO] Resolved dependency: protobuf-java-3.25.3.jar
#15 4.648 [INFO] Resolved dependency: simpleclient_tracer_otel_agent-0.16.0.jar
#15 4.648 [INFO] Resolved dependency: spring-cloud-context-4.3.0.jar
#15 4.648 [INFO] Resolved dependency: byte-buddy-1.17.7.jar
#15 4.648 [INFO] Resolved dependency: perfmark-api-0.27.0.jar
#15 4.648 [INFO] Resolved dependency: jsr305-3.0.2.jar
#15 4.648 [INFO] Resolved dependency: micrometer-core-1.15.0.jar
#15 4.648 [INFO] Resolved dependency: reactor-core-3.7.6.jar
#15 4.648 [INFO] Resolved dependency: jackson-datatype-jsr310-2.19.4.jar
#15 4.648 [INFO] Resolved dependency: jakarta.annotation-api-2.1.1.jar
#15 4.648 [INFO] Resolved dependency: spring-core-6.2.7.jar
#15 4.648 [INFO] Resolved dependency: jackson-databind-2.19.4.jar
#15 4.648 [INFO] Resolved dependency: spring-boot-starter-tomcat-3.5.0.jar
#15 4.648 [INFO] Resolved dependency: spring-boot-starter-webflux-3.5.0.jar
#15 4.648 [INFO] Resolved dependency: nacos-client-basic-3.0.3.jar
#15 4.649 [INFO] Resolved dependency: tomcat-embed-el-10.1.41.jar
#15 4.649 [INFO] Resolved dependency: gson-2.10.1.jar
#15 4.649 [INFO] Resolved dependency: grpc-protobuf-1.78.0.jar
#15 4.649 [INFO] Resolved dependency: netty-codec-dns-4.1.121.Final.jar
#15 4.649 [INFO] Resolved dependency: json-path-2.9.0.jar
#15 4.649 [INFO] Resolved dependency: grpc-server-spring-boot-starter-3.1.0.RELEASE.jar
#15 4.649 [INFO] Resolved dependency: guava-33.5.0-android.jar
#15 4.649 [INFO] Resolved dependency: grpc-common-spring-boot-3.1.0.RELEASE.jar
#15 4.649 [INFO] Resolved dependency: netty-handler-proxy-4.1.121.Final.jar
#15 4.649 [INFO] Resolved dependency: hibernate-validator-8.0.2.Final.jar
#15 4.649 [INFO] Resolved dependency: spring-cloud-config-client-4.3.0.jar
#15 4.649 [INFO] Resolved dependency: reactive-streams-1.0.4.jar
#15 4.649 [INFO] Resolved dependency: netty-codec-socks-4.1.121.Final.jar
#15 4.649 [INFO] Resolved dependency: netty-transport-4.1.121.Final.jar
#15 4.649 [INFO] Resolved dependency: spring-boot-starter-web-3.5.0.jar
#15 4.649 [INFO] Resolved dependency: jackson-core-2.19.0.jar
#15 4.649 [INFO] Resolved dependency: httpclient5-5.4.4.jar
#15 4.649 [INFO] Resolved dependency: netty-resolver-dns-4.1.121.Final.jar
#15 4.649 [INFO] Resolved dependency: slf4j-api-2.0.17.jar
#15 4.649 [INFO] Resolved dependency: log4j-to-slf4j-2.21.1.jar
#15 4.649 [INFO] Resolved dependency: jackson-annotations-2.19.0.jar
#15 4.649 [INFO] Resolved dependency: classmate-1.7.0.jar
#15 4.649 [INFO] Resolved dependency: error_prone_annotations-2.23.0.jar
#15 4.649 [INFO] Resolved dependency: spring-context-6.1.5.jar
#15 4.649 [INFO] Resolved dependency: spring-boot-3.5.0.jar
#15 4.649 [INFO] Resolved dependency: mockito-core-5.17.0.jar
#15 4.649 [INFO] Resolved dependency: javax.annotation-api-1.3.2.jar
#15 4.649 [INFO] Resolved dependency: commons-codec-1.18.0.jar
#15 4.649 [INFO] Resolved dependency: jul-to-slf4j-2.0.17.jar
#15 4.649 [INFO] Resolved dependency: spring-boot-test-3.5.10.jar
#15 4.649 [INFO] Resolved dependency: spring-boot-starter-3.5.10.jar
#15 4.649 [INFO] Resolved dependency: grpc-inprocess-1.63.0.jar
#15 4.649 [INFO] Resolved dependency: jackson-module-parameter-names-2.19.4.jar
#15 4.650 [INFO] Resolved dependency: netty-transport-native-epoll-4.1.121.Final-linux-x86_64.jar
#15 4.650 [INFO] Resolved dependency: spring-webflux-6.2.7.jar
#15 4.650 [INFO] Resolved dependency: spring-webmvc-6.2.7.jar
#15 4.650 [INFO] Resolved dependency: opentest4j-1.3.0.jar
#15 4.650 [INFO] Resolved dependency: org.eclipse.jgit.http.apache-6.10.1.202505221210-r.jar
#15 4.650 [INFO] Resolved dependency: commons-logging-1.2.jar
#15 4.650 [INFO] Resolved dependency: junit-jupiter-engine-5.12.2.jar
#15 4.650 [INFO] Resolved dependency: spring-context-6.2.15.jar
#15 4.650 [INFO] Resolved dependency: spring-expression-6.2.15.jar
#15 4.650 [INFO] Resolved dependency: netty-codec-http-4.1.121.Final.jar
#15 4.650 [INFO] Resolved dependency: mongodb-driver-core-5.5.2.jar
#15 4.650 [INFO] Resolved dependency: error_prone_annotations-2.44.0.jar
#15 4.650 [INFO] Resolved dependency: failureaccess-1.0.2.jar
#15 4.650 [INFO] Resolved dependency: simpleclient_tracer_common-0.16.0.jar
#15 4.650 [INFO] Resolved dependency: proto-google-common-protos-2.29.0.jar
#15 4.650 [INFO] Resolved dependency: spring-aop-6.2.15.jar
#15 4.650 [INFO] Resolved dependency: spring-beans-6.2.15.jar
#15 4.650 [INFO] Resolved dependency: tomcat-embed-websocket-10.1.41.jar
#15 4.650 [INFO] Resolved dependency: spring-beans-6.1.5.jar
#15 4.650 [INFO] Resolved dependency: spring-boot-test-autoconfigure-3.5.10.jar
#15 4.650 [INFO] Resolved dependency: jackson-datatype-jsr310-2.19.0.jar
#15 4.650 [INFO] Resolved dependency: netty-transport-classes-epoll-4.1.121.Final.jar
#15 4.650 [INFO] Resolved dependency: spring-boot-starter-test-3.5.10.jar
#15 4.650 [INFO] Resolved dependency: spring-boot-autoconfigure-3.5.0.jar
#15 4.650 [INFO] Resolved dependency: spring-web-6.2.7.jar
#15 4.650 [INFO] Resolved dependency: eddsa-0.3.0.jar
#15 4.650 [INFO] Resolved dependency: junit-platform-commons-1.12.2.jar
#15 4.650 [INFO] Resolved dependency: HdrHistogram-2.2.2.jar
#15 4.650 [INFO] Resolved dependency: spring-boot-autoconfigure-3.2.4.jar
#15 4.650 [INFO] Resolved dependency: netty-codec-4.1.121.Final.jar
#15 4.650 [INFO] Resolved dependency: grpc-netty-shaded-1.63.0.jar
#15 4.650 [INFO] Resolved dependency: failureaccess-1.0.3.jar
#15 4.650 [INFO] Resolved dependency: spring-aop-6.1.5.jar
#15 4.650 [INFO] Resolved dependency: annotations-4.1.1.4.jar
#15 4.650 [INFO] Resolved dependency: spring-jcl-6.1.5.jar
#15 4.651 [INFO] Resolved dependency: spring-security-crypto-6.5.0.jar
#15 4.651 [INFO] Resolved dependency: bcprov-jdk18on-1.80.jar
#15 4.651 [INFO] Resolved dependency: animal-sniffer-annotations-1.26.jar
#15 4.651 [INFO] Resolved dependency: spring-expression-6.1.5.jar
#15 4.651 [INFO] Resolved dependency: grpc-core-1.78.0.jar
#15 4.651 [INFO] Resolved dependency: protobuf-java-3.25.8.jar
#15 4.651 [INFO] Resolved dependency: proto-google-common-protos-2.63.1.jar
#15 4.651 [INFO] Resolved dependency: org.eclipse.jgit.ssh.apache-6.10.1.202505221210-r.jar
#15 4.651 [INFO] Resolved dependency: log4j-api-2.24.3.jar
#15 4.651 [INFO] Resolved dependency: spring-boot-actuator-autoconfigure-3.5.0.jar
#15 4.651 [INFO] Resolved dependency: spring-boot-autoconfigure-3.5.10.jar
#15 4.651 [INFO] Resolved dependency: spring-tx-6.2.15.jar
#15 4.651 [INFO] Resolved dependency: grpc-context-1.63.0.jar
#15 4.651 [INFO] Resolved dependency: protobuf-java-util-3.25.3.jar
#15 4.651 [INFO] Resolved dependency: spring-boot-starter-logging-3.2.4.jar
#15 4.651 [INFO] Resolved dependency: objenesis-3.3.jar
#15 4.651 [INFO] Resolved dependency: spring-data-mongodb-4.5.8.jar
#15 4.651 [INFO] Resolved dependency: uuid-creator-5.3.7.jar
#15 4.651 [INFO] Resolved dependency: spring-boot-starter-validation-3.5.0.jar
#15 4.651 [INFO] Resolved dependency: j2objc-annotations-3.1.jar
#15 4.651 [INFO] Resolved dependency: mapstruct-1.6.3.jar
#15 4.651 [INFO] Resolved dependency: jul-to-slf4j-2.0.12.jar
#15 4.651 [INFO] Resolved dependency: jcl-over-slf4j-2.0.17.jar
#15 4.651 [INFO] Resolved dependency: org.eclipse.jgit-6.10.1.202505221210-r.jar
#15 4.651 [INFO] Resolved dependency: mockito-junit-jupiter-5.17.0.jar
#15 4.651 [INFO] Resolved dependency: micrometer-commons-1.14.14.jar
#15 4.651 [INFO] Resolved dependency: jackson-databind-2.19.0.jar
#15 4.651 [INFO] Resolved dependency: netty-codec-http2-4.1.121.Final.jar
#15 4.651 [INFO] Resolved dependency: logback-classic-1.4.14.jar
#15 4.651 [INFO] Resolved dependency: logback-core-1.5.25.jar
#15 4.651 [INFO] Resolved dependency: httpcore-4.4.16.jar
#15 4.651 [INFO] Resolved dependency: spring-boot-starter-json-3.5.0.jar
#15 4.651 [INFO] Resolved dependency: grpc-protobuf-lite-1.63.0.jar
#15 4.651 [INFO] Resolved dependency: grpc-core-1.63.0.jar
#15 4.651 [INFO] Resolved dependency: jsonassert-1.5.3.jar
#15 4.652 [INFO] Resolved dependency: lombok-1.18.42.jar
#15 4.652 [INFO] Resolved dependency: micrometer-observation-1.15.0.jar
#15 4.652 [INFO] Resolved dependency: jackson-module-parameter-names-2.19.0.jar
#15 4.652 [INFO] Resolved dependency: spring-core-6.1.5.jar
#15 4.652 [INFO] Resolved dependency: logback-core-1.5.18.jar
#15 4.652 [INFO] Resolved dependency: jakarta.validation-api-3.0.2.jar
#15 4.652 [INFO] Resolved dependency: micrometer-observation-1.12.4.jar
#15 4.652 [INFO] Resolved dependency: simpleclient-0.16.0.jar
#15 4.652 [INFO] Resolved dependency: spring-boot-3.2.4.jar
#15 4.652 [INFO] Resolved dependency: xmlunit-core-2.10.4.jar
#15 4.652 [INFO] Resolved dependency: spring-cloud-alibaba-commons-2025.0.0.0.jar
#15 4.652 [INFO] Resolved dependency: simpleclient_tracer_otel-0.16.0.jar
#15 4.652 [INFO] Resolved dependency: netty-buffer-4.1.121.Final.jar
#15 4.652 [INFO] Resolved dependency: spring-context-6.2.7.jar
#15 4.652 [INFO] Resolved dependency: netty-resolver-dns-classes-macos-4.1.121.Final.jar
#15 4.652 [INFO] Resolved dependency: awaitility-4.2.2.jar
#15 4.652 [INFO] Resolved dependency: spring-boot-starter-logging-3.5.10.jar
#15 4.652 [INFO] Resolved dependency: perfmark-api-0.26.0.jar
#15 4.652 [INFO] Resolved dependency: micrometer-observation-1.14.14.jar
#15 4.652 [INFO] Resolved dependency: spring-boot-actuator-3.5.0.jar
#15 4.652 [INFO] Resolved dependency: httpcore5-h2-5.3.4.jar
#15 4.652 [INFO] Resolved dependency: logback-core-1.4.14.jar
#15 4.652 [INFO] Resolved dependency: nacos-log4j2-adapter-3.0.3.jar
#15 4.652 [INFO] Resolved dependency: animal-sniffer-annotations-1.23.jar
#15 4.652 [INFO] Resolved dependency: j2objc-annotations-2.8.jar
#15 4.652 [INFO] Resolved dependency: tomcat-embed-websocket-10.1.50.jar
#15 4.652 [INFO] Resolved dependency: spring-boot-starter-3.5.0.jar
#15 4.652 [INFO] Resolved dependency: spring-web-6.2.15.jar
#15 4.652 [INFO] Resolved dependency: jakarta.activation-api-2.1.4.jar
#15 4.652 [INFO] Resolved dependency: apiguardian-api-1.1.2.jar
#15 4.652 [INFO] Resolved dependency: jackson-dataformat-yaml-2.19.0.jar
#15 4.652 [INFO] Resolved dependency: byte-buddy-agent-1.15.11.jar
#15 4.653 [INFO] Resolved dependency: LatencyUtils-2.0.3.jar
#15 4.653 [INFO] Resolved dependency: mongodb-driver-sync-5.5.2.jar
#15 4.653 [INFO] Resolved dependency: jackson-annotations-2.19.4.jar
#15 4.653 [INFO] Resolved dependency: bson-record-codec-5.5.2.jar
#15 4.653 [INFO] Resolved dependency: android-json-0.0.20131108.vaadin1.jar
#15 4.653 [INFO] Resolved dependency: netty-resolver-4.1.121.Final.jar
#15 4.653 [INFO] Resolved dependency: grpc-client-spring-boot-starter-3.1.0.RELEASE.jar
#15 4.653 [INFO] Resolved dependency: spring-webmvc-6.2.15.jar
#15 4.653 [INFO] ------------------------------------------------------------------------
#15 4.654 [INFO] BUILD SUCCESS
#15 4.654 [INFO] ------------------------------------------------------------------------
#15 4.655 [INFO] Total time:  2.850 s
#15 4.656 [INFO] Finished at: 2026-08-26T07:48:36Z
#15 4.656 [INFO] ------------------------------------------------------------------------
#15 DONE 4.8s

#16 [builder  9/12] COPY src ./src
#16 DONE 0.1s

#17 [builder 10/12] COPY target/generated-sources ./target/generated-sources
#17 DONE 0.1s

#18 [builder 11/12] RUN --mount=type=cache,target=/root/.m2     ./mvnw -B package -DskipTests $([ -n "$MAVEN_MIRROR_URL" ] && echo "-s /tmp/settings.xml")
#18 1.740 [INFO] Scanning for projects...
#18 2.142 [INFO] ------------------------------------------------------------------------
#18 2.142 [INFO] Detecting the operating system and CPU architecture
#18 2.142 [INFO] ------------------------------------------------------------------------
#18 2.142 [INFO] os.detected.name: linux
#18 2.142 [INFO] os.detected.arch: x86_64
#18 2.142 [INFO] os.detected.bitness: 64
#18 2.142 [INFO] os.detected.version: 5.15
#18 2.142 [INFO] os.detected.version.major: 5
#18 2.142 [INFO] os.detected.version.minor: 15
#18 2.143 [INFO] os.detected.release: ubuntu
#18 2.143 [INFO] os.detected.release.version: 26.04
#18 2.143 [INFO] os.detected.release.like.ubuntu: true
#18 2.143 [INFO] os.detected.release.like.debian: true
#18 2.143 [INFO] os.detected.classifier: linux-x86_64
#18 2.161 [INFO] 
#18 2.161 [INFO] -----------------------< org.tripsphere:product >-----------------------
#18 2.161 [INFO] Building trip-product-service 0.1.0
#18 2.161 [INFO]   from pom.xml
#18 2.162 [INFO] --------------------------------[ jar ]---------------------------------
#18 2.849 [INFO] 
#18 2.849 [INFO] --- build-helper:3.3.0:add-source (add-sources) @ product ---
#18 3.091 [INFO] Source directory: /app/target/generated-sources/protobuf/java added.
#18 3.092 [INFO] Source directory: /app/target/generated-sources/protobuf/grpc-java added.
#18 3.092 [INFO] 
#18 3.092 [INFO] --- spring-boot:3.5.10:build-info (default) @ product ---
#18 3.282 [INFO] 
#18 3.282 [INFO] --- resources:3.3.1:resources (default-resources) @ product ---
#18 3.355 [INFO] Copying 2 resources from src/main/resources to target/classes
#18 3.370 [INFO] Copying 0 resource from src/main/resources to target/classes
#18 3.370 [INFO] 
#18 3.370 [INFO] --- compiler:3.11.0:compile (default-compile) @ product ---
#18 3.531 [INFO] Changes detected - recompiling the module! :source
#18 3.535 [INFO] Compiling 455 source files with javac [debug release 21] to target/classes
#18 20.35 [INFO] 
#18 20.35 [INFO] --- resources:3.3.1:testResources (default-testResources) @ product ---
#18 20.35 [INFO] skip non existing resourceDirectory /app/src/test/resources
#18 20.35 [INFO] 
#18 20.35 [INFO] --- compiler:3.11.0:testCompile (default-testCompile) @ product ---
#18 20.37 [INFO] Changes detected - recompiling the module! :dependency
#18 20.37 [INFO] Compiling 2 source files with javac [debug release 21] to target/test-classes
#18 20.82 [INFO] 
#18 20.82 [INFO] --- surefire:3.5.4:test (default-test) @ product ---
#18 20.92 [INFO] Tests are skipped.
#18 20.92 [INFO] 
#18 20.92 [INFO] --- jar:3.4.2:jar (default-jar) @ product ---
#18 21.27 [INFO] Building jar: /app/target/product-0.1.0.jar
#18 21.42 [INFO] 
#18 21.42 [INFO] --- spring-boot:3.5.10:repackage (repackage) @ product ---
#18 22.19 [INFO] Replacing main artifact /app/target/product-0.1.0.jar with repackaged archive, adding nested dependencies in BOOT-INF/.
#18 22.19 [INFO] The original artifact has been renamed to /app/target/product-0.1.0.jar.original
#18 22.19 [INFO] ------------------------------------------------------------------------
#18 22.19 [INFO] BUILD SUCCESS
#18 22.19 [INFO] ------------------------------------------------------------------------
#18 22.20 [INFO] Total time:  20.481 s
#18 22.20 [INFO] Finished at: 2026-08-26T07:48:58Z
#18 22.20 [INFO] ------------------------------------------------------------------------
#18 DONE 22.6s

#19 [builder 12/12] RUN java -Djarmode=tools -jar target/product-*.jar extract --layers --launcher --destination extracted/
#19 DONE 1.5s

#20 [stage-1 2/8] WORKDIR /app
#20 CACHED

#21 [stage-1 3/8] RUN addgroup --system nonroot && adduser --system nonroot --ingroup nonroot
#21 CACHED

#22 [stage-1 4/8] ADD --chmod=644     https://github.com/open-telemetry/opentelemetry-java-instrumentation/releases/download/v2.23.0/opentelemetry-javaagent.jar     /app/opentelemetry-javaagent.jar
#22 CACHED

#23 [stage-1 5/8] COPY --from=builder --chown=nonroot:nonroot /app/extracted/dependencies/ ./
#23 CACHED

#24 [stage-1 6/8] COPY --from=builder --chown=nonroot:nonroot /app/extracted/spring-boot-loader/ ./
#24 CACHED

#25 [stage-1 7/8] COPY --from=builder --chown=nonroot:nonroot /app/extracted/snapshot-dependencies/ ./
#25 CACHED

#26 [stage-1 8/8] COPY --from=builder --chown=nonroot:nonroot /app/extracted/application/ ./
#26 DONE 0.2s

#27 exporting to image
#27 exporting layers
#27 exporting layers 0.2s done
#27 writing image sha256:950b4f72c6cab12d0cc02451e2c90898b824cc8012d95bce2759beb538fc5c4b done
#27 naming to docker.io/tripsphere/trip-product-service:latest done
#27 DONE 0.2s
task: [review:build] docker build . -t tripsphere/trip-review-service:latest
#0 building with "default" instance using docker driver

#1 [internal] load build definition from Dockerfile
#1 transferring dockerfile: 2.02kB done
#1 DONE 0.0s

#2 [internal] load metadata for docker.io/library/golang:1.25-alpine
#2 ...

#3 [internal] load metadata for docker.io/library/alpine:latest
#3 DONE 1.0s

#2 [internal] load metadata for docker.io/library/golang:1.25-alpine
#2 DONE 1.6s

#4 [internal] load .dockerignore
#4 transferring context: 2B done
#4 DONE 0.0s

#5 [builder  1/10] FROM docker.io/library/golang:1.25-alpine@sha256:1ae0735f00daffa3aaf1363a5184c0d2dc55c78e3db4ec70241cdac97bf84b59
#5 DONE 0.0s

#6 [stage-1 1/7] FROM docker.io/library/alpine:latest@sha256:21a3deaa0d32a8057914f36584b5288d2e5ecc984380bc0118285c70fa8c9300
#6 DONE 0.0s

#7 [builder  2/10] RUN go env -w GO111MODULE=on
#7 CACHED

#8 [internal] load build context
#8 transferring context: 839.64kB 0.0s done
#8 DONE 0.1s

#9 [builder  3/10] RUN if [ -n "$GOPROXY" ]; then go env -w GOPROXY="$GOPROXY"; fi
#9 DONE 0.3s

#10 [builder  4/10] WORKDIR /build
#10 DONE 0.0s

#11 [builder  5/10] RUN if [ -n "$ALPINE_MIRROR" ]; then         sed -i "$ALPINE_MIRROR" /etc/apk/repositories;     fi
#11 DONE 0.4s

#12 [builder  6/10] RUN --mount=type=cache,target=/var/cache/apk     apk add git ca-certificates tzdata
